,antelope_duiker,bird,blank,civet_genet,hog,leopard,monkey_prosimian,rodent
ZJ016488,0.146,0.00618,0.1497,0.564,0.015526,0.0701,0.00877,0.0399
ZJ016489,0.766,0.02654,0.02975,0.01286,0.0789,0.00747,0.04156,0.037
ZJ016490,0.3523,0.017,0.06177,0.075,0.3816,0.065,0.01108,0.03638
ZJ016491,0.004826,0.00587,0.01543,0.00967,0.011444,0.939,0.00526,0.00791
ZJ016492,0.2998,0.0694,0.039,0.04907,0.03458,0.008896,0.2646,0.2346
ZJ016493,0.557,0.1581,0.01255,0.00921,0.1293,0.0166,0.10596,0.01113
ZJ016494,0.2197,0.04318,0.3088,0.01631,0.02701,0.0791,0.2937,0.012276
ZJ016495,0.03336,0.02493,0.03683,0.03232,0.01932,0.04303,0.7837,0.02664
ZJ016496,0.4731,0.0798,0.2605,0.01443,0.01694,0.02847,0.09326,0.0336
ZJ016497,0.0839,0.0541,0.03192,0.02776,0.04474,0.1173,0.604,0.03625
ZJ016498,0.2312,0.1527,0.2015,0.09314,0.068,0.0342,0.1061,0.1133
ZJ016499,0.0828,0.4722,0.0541,0.0101,0.1195,0.05768,0.177,0.02669
ZJ016500,0.526,0.06573,0.1427,0.00759,0.009575,0.02043,0.1661,0.06183
ZJ016501,0.1451,0.02585,0.174,0.08124,0.08795,0.0313,0.00468,0.45
ZJ016502,0.0715,0.01721,0.154,0.1164,0.0693,0.01787,0.00686,0.547
ZJ016503,0.2429,0.1837,0.3374,0.02798,0.02515,0.03882,0.1134,0.03061
ZJ016504,0.4246,0.1139,0.2107,0.01991,0.04318,0.02077,0.0326,0.1345
ZJ016505,0.296,0.0824,0.3003,0.03986,0.03854,0.06476,0.01787,0.1604
ZJ016506,0.2166,0.1345,0.2418,0.02438,0.0789,0.0971,0.1895,0.01723
ZJ016507,0.1971,0.0887,0.1793,0.02142,0.166,0.03018,0.2395,0.0779
ZJ016508,0.1676,0.007904,0.4011,0.1255,0.01202,0.04572,0.01012,0.2301
ZJ016509,0.1459,0.664,0.03128,0.01582,0.02034,0.004196,0.007286,0.11096
ZJ016510,0.1367,0.03912,0.12274,0.236,0.0251,0.01444,0.01087,0.4153
ZJ016511,0.1484,0.01339,0.5376,0.02518,0.02248,0.01949,0.00999,0.2236
ZJ016512,0.2308,0.1382,0.1732,0.07275,0.03464,0.1504,0.1827,0.01715
ZJ016513,0.4238,0.0874,0.03061,0.007698,0.2573,0.013596,0.1343,0.0454
ZJ016514,0.3296,0.02235,0.06757,0.19,0.253,0.02872,0.012405,0.0965
ZJ016515,0.015305,0.03894,0.0314,0.00919,0.0156,0.843,0.03284,0.01366
ZJ016516,0.4126,0.01904,0.0676,0.0711,0.1309,0.01645,0.02264,0.2598
ZJ016517,0.11816,0.1616,0.3274,0.0085,0.02257,0.05817,0.03076,0.2727
ZJ016518,0.9,0.00116,0.002966,0.0391,0.04352,0.002638,0.001968,0.0089
ZJ016519,0.2822,0.02682,0.1455,0.09314,0.258,0.1076,0.01575,0.071
ZJ016520,0.283,0.0041,0.02097,0.4185,0.0873,0.01095,0.003784,0.1718
ZJ016521,0.3367,0.0699,0.2612,0.00514,0.02713,0.105,0.1716,0.02321
ZJ016522,0.882,0.00864,0.02254,0.01782,0.02547,0.009674,0.012,0.02129
ZJ016523,0.268,0.3887,0.1277,0.03198,0.02632,0.01274,0.0685,0.0761
ZJ016524,0.07227,0.00545,0.395,0.104,0.00804,0.02737,0.007057,0.3806
ZJ016525,0.12,0.02702,0.0852,0.03867,0.394,0.1475,0.0492,0.1384
ZJ016526,0.1979,0.2107,0.0768,0.1001,0.0499,0.01694,0.1947,0.153
ZJ016527,0.02216,0.003864,0.0193,0.8193,0.004414,0.08075,0.00569,0.04416
ZJ016528,0.1877,0.0577,0.4058,0.01193,0.0338,0.06866,0.217,0.01752
ZJ016529,0.03784,0.02249,0.0674,0.01503,0.03177,0.10364,0.6924,0.02982
ZJ016530,0.04608,0.1296,0.357,0.00934,0.2471,0.09875,0.05597,0.0562
ZJ016531,0.0551,0.01617,0.2369,0.2957,0.06256,0.239,0.00593,0.08856
ZJ016532,0.03723,0.02226,0.1041,0.01868,0.02202,0.755,0.0261,0.01498
ZJ016533,0.1724,0.1035,0.0539,0.01311,0.1611,0.05762,0.4106,0.02798
ZJ016534,0.1323,0.005917,0.343,0.1161,0.02762,0.0476,0.005295,0.3223
ZJ016535,0.0299,0.007652,0.02155,0.006824,0.006287,0.01077,0.9053,0.01154
ZJ016536,0.1381,0.1417,0.2754,0.006813,0.007393,0.03195,0.3435,0.05524
ZJ016537,0.4272,0.01665,0.02902,0.002716,0.02939,0.03015,0.4438,0.02106
ZJ016538,0.1074,0.1893,0.02994,0.02383,0.07385,0.11096,0.452,0.01274
ZJ016539,0.3477,0.1667,0.1766,0.011696,0.03195,0.0216,0.1068,0.1367
ZJ016540,0.358,0.3584,0.10974,0.01079,0.04263,0.01061,0.04953,0.0604
ZJ016541,0.2341,0.0671,0.2876,0.01111,0.07715,0.0789,0.206,0.0379
ZJ016542,0.1081,0.01257,0.1359,0.5054,0.02739,0.03008,0.01158,0.169
ZJ016543,0.2576,0.01831,0.0237,0.0669,0.542,0.04404,0.01479,0.03256
ZJ016544,0.8955,0.007935,0.004017,0.0008955,0.05133,0.001157,0.03543,0.003536
ZJ016545,0.1781,0.09814,0.2249,0.03705,0.1375,0.03958,0.2207,0.0641
ZJ016546,0.0633,0.005947,0.362,0.10614,0.03024,0.1981,0.003963,0.2302
ZJ016547,0.06146,0.00602,0.4602,0.1165,0.0999,0.1667,0.006226,0.08307
ZJ016548,0.3738,0.02356,0.266,0.1289,0.0379,0.06635,0.01569,0.08777
ZJ016549,0.1432,0.0827,0.478,0.004707,0.01971,0.1201,0.1442,0.007233
ZJ016550,0.3796,0.1825,0.0767,0.0369,0.0581,0.01216,0.1312,0.1227
ZJ016551,0.2386,0.1938,0.2185,0.007763,0.141,0.02458,0.12286,0.05255
ZJ016552,0.08124,0.1009,0.2283,0.01799,0.02454,0.0503,0.4792,0.01773
ZJ016553,0.1376,0.0333,0.2439,0.01675,0.00526,0.11945,0.389,0.05487
ZJ016554,0.1576,0.291,0.02718,0.002272,0.4429,0.01886,0.05112,0.008934
ZJ016555,0.617,0.03323,0.05096,0.1125,0.07654,0.01488,0.03482,0.05966
ZJ016556,0.1705,0.1823,0.09076,0.008675,0.2607,0.0955,0.1666,0.02496
ZJ016557,0.2021,0.11896,0.2126,0.01008,0.02585,0.0354,0.352,0.04285
ZJ016558,0.005955,0.006615,0.02072,0.00988,0.01372,0.9272,0.006653,0.00913
ZJ016559,0.4038,0.1667,0.1862,0.0482,0.03763,0.04626,0.0492,0.06192
ZJ016560,0.128,0.12225,0.2151,0.007774,0.2927,0.1381,0.08514,0.011116
ZJ016561,0.3354,0.01128,0.0326,0.003698,0.01505,0.004425,0.574,0.02348
ZJ016562,0.1365,0.5127,0.1482,0.007812,0.02628,0.0392,0.1216,0.0078
ZJ016563,0.3286,0.1085,0.2651,0.01559,0.0184,0.01773,0.2092,0.03683
ZJ016564,0.10876,0.6875,0.03506,0.003809,0.01595,0.01311,0.11487,0.02107
ZJ016565,0.06744,0.03818,0.04636,0.038,0.06128,0.7266,0.00854,0.01389
ZJ016566,0.145,0.10626,0.1877,0.0393,0.01399,0.04074,0.3542,0.1128
ZJ016567,0.11945,0.04333,0.08655,0.0648,0.0515,0.012,0.01865,0.6035
ZJ016568,0.004448,0.0075,0.02467,0.001636,0.00747,0.9424,0.003342,0.008705
ZJ016569,0.1427,0.04938,0.3027,0.00989,0.00664,0.03595,0.4324,0.02034
ZJ016570,0.2974,0.437,0.02043,0.01083,0.1696,0.005066,0.04016,0.01959
ZJ016571,0.0323,0.00809,0.3328,0.02933,0.0897,0.384,0.00405,0.1198
ZJ016572,0.1437,0.1768,0.0627,0.006294,0.012535,0.0113,0.515,0.07184
ZJ016573,0.1271,0.03018,0.4077,0.04297,0.03055,0.02649,0.02138,0.3137
ZJ016574,0.06046,0.005352,0.2357,0.02496,0.014145,0.03088,0.002676,0.626
ZJ016575,0.04584,0.00636,0.7017,0.01246,0.02766,0.09534,0.002617,0.1079
ZJ016576,0.4722,0.1729,0.0317,0.0545,0.03854,0.00948,0.02283,0.1979
ZJ016577,0.1076,0.3125,0.1765,0.01561,0.0381,0.05096,0.1787,0.11993
ZJ016578,0.3472,0.06097,0.3242,0.01025,0.01248,0.01715,0.1628,0.06506
ZJ016579,0.2135,0.11316,0.2976,0.01011,0.1115,0.0313,0.1604,0.0624
ZJ016580,0.181,0.0991,0.2341,0.029,0.03644,0.0922,0.2258,0.10205
ZJ016581,0.2964,0.4917,0.046,0.00418,0.04532,0.01744,0.02617,0.07263
ZJ016582,0.03378,0.0179,0.0803,0.014755,0.02045,0.7905,0.02986,0.01255
ZJ016583,0.535,0.0561,0.119,0.004864,0.05118,0.0083,0.1971,0.0281
ZJ016584,0.178,0.00759,0.1381,0.4565,0.03687,0.05145,0.00956,0.1219
ZJ016585,0.01567,0.01639,0.04047,0.011314,0.01987,0.8525,0.01712,0.02707
ZJ016586,0.2039,0.232,0.2454,0.00888,0.0231,0.03177,0.1167,0.1383
ZJ016587,0.07935,0.11456,0.4363,0.01221,0.03128,0.1337,0.147,0.04572
ZJ016588,0.5654,0.01012,0.01172,0.03888,0.3308,0.01294,0.01235,0.01755
ZJ016589,0.1559,0.2583,0.0362,0.0321,0.05005,0.03253,0.4082,0.02666
ZJ016590,0.379,0.0656,0.338,0.01944,0.023,0.0356,0.02298,0.1165
ZJ016591,0.3726,0.06,0.05194,0.01341,0.02493,0.01624,0.4485,0.01225
ZJ016592,0.1632,0.2126,0.05835,0.07495,0.138,0.01176,0.273,0.06805
ZJ016593,0.381,0.1425,0.2406,0.04306,0.04123,0.01294,0.01805,0.1207
ZJ016594,0.6826,0.05664,0.04904,0.02847,0.0545,0.01449,0.0312,0.083
ZJ016595,0.1927,0.06006,0.1566,0.00821,0.0258,0.049,0.4875,0.02013
ZJ016596,0.2493,0.0652,0.1105,0.02267,0.05557,0.11115,0.3347,0.0512
ZJ016597,0.1958,0.151,0.1809,0.02452,0.01788,0.0721,0.3325,0.02531
ZJ016598,0.0512,0.0233,0.1125,0.0246,0.02559,0.6973,0.04492,0.02065
ZJ016599,0.2473,0.299,0.06647,0.0624,0.1244,0.012146,0.1381,0.05005
ZJ016600,0.2917,0.4233,0.0556,0.01013,0.03305,0.01816,0.1472,0.02057
ZJ016601,0.3474,0.0978,0.355,0.015396,0.01976,0.01985,0.0652,0.07947
ZJ016602,0.3232,0.1487,0.0943,0.05365,0.0312,0.01536,0.1508,0.1829
ZJ016603,0.1415,0.0184,0.01294,0.03693,0.0632,0.01185,0.6533,0.06186
ZJ016604,0.409,0.02275,0.1183,0.1161,0.03738,0.00619,0.00606,0.2844
ZJ016605,0.0886,0.02588,0.117,0.02827,0.03372,0.4238,0.2435,0.03934
ZJ016606,0.2737,0.2086,0.1903,0.036,0.0464,0.0363,0.1392,0.06976
ZJ016607,0.002546,0.0015745,0.00975,0.003643,0.001251,0.978,0.000999,0.001859
ZJ016608,0.08527,0.01569,0.06537,0.653,0.05084,0.04608,0.01671,0.0671
ZJ016609,0.2117,0.0423,0.1809,0.04727,0.13,0.09094,0.1646,0.1322
ZJ016610,0.1659,0.3826,0.16,0.01802,0.05743,0.05768,0.0892,0.0692
ZJ016611,0.0562,0.08966,0.2617,0.01776,0.0191,0.4204,0.07416,0.06113
ZJ016612,0.2305,0.01396,0.12415,0.407,0.1045,0.05682,0.010086,0.0529
ZJ016613,0.00159,0.002998,0.00286,0.001749,0.002249,0.9814,0.005917,0.001677
ZJ016614,0.3047,0.01814,0.03192,0.314,0.2086,0.02994,0.01203,0.0806
ZJ016615,0.0936,0.1786,0.2418,0.05048,0.02823,0.05792,0.1296,0.2195
ZJ016616,0.0435,0.10223,0.1511,0.0343,0.01219,0.5215,0.116,0.01907
ZJ016617,0.12463,0.0811,0.1991,0.0317,0.02544,0.1078,0.298,0.1323
ZJ016618,0.309,0.2152,0.1012,0.05185,0.0603,0.01576,0.1203,0.1261
ZJ016619,0.3362,0.0197,0.0922,0.09534,0.3533,0.04977,0.011345,0.04224
ZJ016620,0.2253,0.03232,0.11456,0.1498,0.2766,0.06396,0.02184,0.1156
ZJ016621,0.4414,0.02705,0.0777,0.1229,0.2369,0.02603,0.02045,0.04733
ZJ016622,0.1682,0.12274,0.1277,0.04868,0.10547,0.02713,0.338,0.06216
ZJ016623,0.12,0.01399,0.10626,0.5137,0.02983,0.01837,0.01232,0.1859
ZJ016624,0.2656,0.1342,0.1338,0.02603,0.1095,0.0795,0.1747,0.0767
ZJ016625,0.5806,0.00916,0.0214,0.12256,0.03287,0.01516,0.04703,0.1713
ZJ016626,0.4226,0.03128,0.0788,0.1702,0.1548,0.02603,0.02077,0.0954
ZJ016627,0.02423,0.01499,0.02255,0.01536,0.003323,0.02,0.8774,0.02228
ZJ016628,0.7417,0.006615,0.006886,0.001968,0.07697,0.002008,0.1593,0.004387
ZJ016629,0.05722,0.01369,0.02138,0.8174,0.033,0.0363,0.005623,0.01585
ZJ016630,0.474,0.02208,0.0661,0.01536,0.05737,0.01134,0.3403,0.01288
ZJ016631,0.269,0.03485,0.3403,0.10974,0.02092,0.00831,0.00893,0.2078
ZJ016632,0.2377,0.0791,0.1024,0.2737,0.1418,0.04016,0.0295,0.0956
ZJ016633,0.10754,0.0935,0.5396,0.00661,0.02963,0.11145,0.093,0.01875
ZJ016634,0.1951,0.324,0.1935,0.02585,0.07513,0.02988,0.03433,0.1221
ZJ016635,0.2168,0.2856,0.12,0.00945,0.0602,0.03265,0.2395,0.03577
ZJ016636,0.1688,0.0963,0.1361,0.1107,0.05698,0.01796,0.024,0.389
ZJ016637,0.1859,0.06525,0.1758,0.0981,0.1512,0.0669,0.1565,0.1003
ZJ016638,0.2057,0.2037,0.0483,0.09204,0.08344,0.010666,0.1975,0.1586
ZJ016639,0.3533,0.00786,0.02876,0.4226,0.05362,0.01672,0.0213,0.0954
ZJ016640,0.333,0.09143,0.2527,0.05527,0.00945,0.02145,0.02548,0.2113
ZJ016641,0.3718,0.02544,0.07635,0.0828,0.3462,0.0261,0.01065,0.0606
ZJ016642,0.279,0.02034,0.0476,0.2583,0.2205,0.1274,0.0201,0.02661
ZJ016643,0.2297,0.295,0.1649,0.0722,0.05576,0.01355,0.07416,0.09485
ZJ016644,0.3562,0.08826,0.2483,0.010544,0.0358,0.06097,0.1577,0.04224
ZJ016645,0.3113,0.157,0.02983,0.02464,0.1765,0.0441,0.2106,0.046
ZJ016646,0.04855,0.01064,0.008644,0.02902,0.02634,0.01381,0.833,0.03008
ZJ016647,0.1344,0.01564,0.1592,0.4438,0.0385,0.02959,0.01066,0.1685
ZJ016648,0.1925,0.0977,0.4797,0.00931,0.05353,0.05234,0.09454,0.02048
ZJ016649,0.05966,0.0168,0.11633,0.675,0.02399,0.0437,0.00764,0.05707
ZJ016650,0.19,0.05157,0.3442,0.01945,0.01686,0.00908,0.00716,0.3616
ZJ016651,0.0687,0.7803,0.0381,0.014915,0.012474,0.007965,0.04684,0.03073
ZJ016652,0.2133,0.05298,0.4468,0.01134,0.03738,0.10974,0.1154,0.0132
ZJ016653,0.3213,0.0796,0.1659,0.0166,0.1583,0.0681,0.1444,0.04584
ZJ016654,0.2336,0.1447,0.313,0.01177,0.01406,0.04208,0.1412,0.0998
ZJ016655,0.2155,0.2332,0.07294,0.01068,0.03915,0.02786,0.3477,0.05328
ZJ016656,0.1079,0.682,0.02702,0.02022,0.0916,0.002888,0.02052,0.04752
ZJ016657,0.2008,0.2815,0.3247,0.017,0.01335,0.05426,0.0671,0.04114
ZJ016658,0.1632,0.1078,0.2478,0.0528,0.04654,0.1245,0.06537,0.1919
ZJ016659,0.0303,0.0512,0.1688,0.011826,0.05038,0.584,0.05524,0.04834
ZJ016660,0.2213,0.10803,0.3677,0.0099,0.01109,0.01698,0.1626,0.1024
ZJ016661,0.1707,0.013504,0.3855,0.1736,0.02452,0.1282,0.01168,0.0923
ZJ016662,0.0934,0.03098,0.07697,0.04922,0.03778,0.622,0.0594,0.0304
ZJ016663,0.00846,0.013756,0.01387,0.01345,0.007202,0.915,0.01744,0.01055
ZJ016664,0.0845,0.008835,0.1407,0.07526,0.3313,0.1085,0.006737,0.2444
ZJ016665,0.1775,0.1007,0.2905,0.00974,0.008224,0.006702,0.3594,0.04733
ZJ016666,0.2854,0.02823,0.04688,0.02983,0.05762,0.01912,0.4414,0.09155
ZJ016667,0.3064,0.1511,0.0702,0.07794,0.05414,0.01941,0.1688,0.1521
ZJ016668,0.6333,0.05038,0.1628,0.0105,0.04608,0.01814,0.01173,0.0669
ZJ016669,0.218,0.2346,0.09955,0.02025,0.1328,0.0621,0.2092,0.02347
ZJ016670,0.172,0.01375,0.0941,0.528,0.05264,0.0208,0.01024,0.10876
ZJ016671,0.07874,0.00499,0.5938,0.05963,0.0059,0.01634,0.006462,0.2341
ZJ016672,0.2834,0.01141,0.0496,0.0231,0.5024,0.03723,0.02016,0.0728
ZJ016673,0.0776,0.2227,0.2573,0.013,0.0502,0.06274,0.2477,0.0689
ZJ016674,0.03668,0.00912,0.01582,0.00125,0.007454,0.0235,0.8936,0.0125
ZJ016675,0.1583,0.01805,0.02847,0.0415,0.03375,0.11896,0.5806,0.0205
ZJ016676,0.2223,0.0704,0.4292,0.007317,0.04144,0.0745,0.1466,0.00813
ZJ016677,0.1533,0.03568,0.09564,0.4062,0.10583,0.07965,0.02083,0.10284
ZJ016678,0.1129,0.2057,0.1632,0.02058,0.1565,0.11633,0.1747,0.0502
ZJ016679,0.2493,0.1255,0.0866,0.042,0.0475,0.1417,0.2373,0.0702
ZJ016680,0.3228,0.1209,0.07385,0.05707,0.05182,0.01779,0.174,0.1819
ZJ016681,0.0801,0.00461,0.01357,0.00438,0.0349,0.02536,0.8203,0.01698
ZJ016682,0.1616,0.1526,0.2922,0.01461,0.01938,0.05713,0.2864,0.01604
ZJ016683,0.4604,0.0958,0.2058,0.01614,0.02428,0.02034,0.05,0.1268
ZJ016684,0.4253,0.02449,0.08264,0.1656,0.1705,0.03818,0.01947,0.0735
ZJ016685,0.2722,0.0994,0.2402,0.013145,0.0316,0.1622,0.1567,0.02449
ZJ016686,0.1959,0.3271,0.1412,0.0093,0.02132,0.00989,0.2607,0.03442
ZJ016687,0.2488,0.03638,0.489,0.00568,0.01536,0.05884,0.02191,0.12415
ZJ016688,0.2194,0.1094,0.1559,0.03008,0.0688,0.09216,0.2385,0.086
ZJ016689,0.436,0.1004,0.1713,0.03262,0.01778,0.01689,0.04587,0.1791
ZJ016690,0.03766,0.01272,0.2272,0.0854,0.1095,0.4302,0.009186,0.08856
ZJ016691,0.0742,0.0572,0.01194,0.002659,0.535,0.03555,0.2798,0.003351
ZJ016692,0.08185,0.0687,0.5864,0.00888,0.02702,0.0754,0.11444,0.03745
ZJ016693,0.014465,0.05557,0.0659,0.01685,0.008766,0.8057,0.02792,0.005207
ZJ016694,0.3977,0.09204,0.0765,0.0652,0.05426,0.0156,0.1527,0.146
ZJ016695,0.327,0.01427,0.01369,0.01018,0.0556,0.01733,0.5522,0.00981
ZJ016696,0.118,0.119,0.568,0.00595,0.00794,0.02396,0.1396,0.01749
ZJ016697,0.2678,0.32,0.1859,0.0402,0.03342,0.02325,0.05377,0.07556
ZJ016698,0.1753,0.01333,0.04523,0.0502,0.2727,0.3748,0.03305,0.03537
ZJ016699,0.444,0.05576,0.0809,0.04312,0.182,0.0189,0.0432,0.132
ZJ016700,0.001554,0.005325,0.00556,0.002188,0.001192,0.975,0.006844,0.002165
ZJ016701,0.1958,0.646,0.05045,0.002945,0.02563,0.01575,0.01329,0.0502
ZJ016702,0.1034,0.01682,0.1858,0.00806,0.003473,0.04352,0.6196,0.01941
ZJ016703,0.11115,0.2908,0.273,0.01947,0.0624,0.06616,0.1265,0.05084
ZJ016704,0.04114,0.03403,0.04947,0.04803,0.02844,0.7466,0.03732,0.01488
ZJ016705,0.301,0.08203,0.04053,0.05215,0.03174,0.006752,0.3137,0.172
ZJ016706,0.05548,0.01024,0.1534,0.01958,0.5005,0.0758,0.01036,0.1746
ZJ016707,0.1484,0.0705,0.4624,0.01852,0.01877,0.05463,0.1863,0.04053
ZJ016708,0.1401,0.0712,0.163,0.2025,0.04446,0.01369,0.01965,0.3455
ZJ016709,0.3757,0.1162,0.2583,0.03024,0.03354,0.015114,0.11835,0.0525
ZJ016710,0.3308,0.0648,0.1549,0.1653,0.0935,0.02718,0.04407,0.1195
ZJ016711,0.1079,0.1902,0.3577,0.02316,0.0372,0.0977,0.1245,0.06158
ZJ016712,0.326,0.1262,0.2603,0.01982,0.03214,0.03885,0.143,0.05377
ZJ016713,0.12366,0.1908,0.272,0.006157,0.1078,0.0329,0.2068,0.06
ZJ016714,0.006317,0.00561,0.02617,0.02515,0.002293,0.927,0.001852,0.00625
ZJ016715,0.1744,0.01549,0.2295,0.171,0.08154,0.1515,0.02621,0.1504
ZJ016716,0.267,0.05304,0.2356,0.02502,0.02257,0.05435,0.3103,0.0321
ZJ016717,0.2236,0.01793,0.073,0.001121,0.00902,0.02278,0.629,0.02354
ZJ016718,0.01361,0.0348,0.1428,0.007435,0.01567,0.6997,0.03925,0.04684
ZJ016719,0.2203,0.1722,0.1942,0.007545,0.02084,0.1732,0.165,0.04675
ZJ016720,0.301,0.1592,0.0724,0.0664,0.0517,0.02055,0.1644,0.1642
ZJ016721,0.02066,0.02072,0.06885,0.01672,0.01057,0.833,0.02423,0.0051
ZJ016722,0.00903,0.0118,0.010864,0.0335,0.005314,0.8955,0.02808,0.00657
ZJ016723,0.2583,0.02277,0.06287,0.1802,0.2861,0.0411,0.0184,0.1304
ZJ016724,0.172,0.0874,0.3953,0.00774,0.00811,0.03558,0.2817,0.01215
ZJ016725,0.02188,0.02359,0.05142,0.02194,0.01361,0.8154,0.03973,0.012474
ZJ016726,0.1824,0.1766,0.116,0.02089,0.03683,0.05566,0.393,0.01863
ZJ016727,0.04056,0.09814,0.1039,0.01114,0.0314,0.6035,0.0828,0.02864
ZJ016728,0.32,0.011406,0.01868,0.1038,0.482,0.03265,0.01053,0.02068
ZJ016729,0.2083,0.0732,0.3767,0.004963,0.01979,0.1626,0.1482,0.00636
ZJ016730,0.10486,0.02917,0.07715,0.4878,0.06744,0.1092,0.02682,0.09735
ZJ016731,0.2386,0.03177,0.092,0.1901,0.3027,0.05524,0.01859,0.0709
ZJ016732,0.1456,0.1376,0.2766,0.01139,0.1425,0.06934,0.1932,0.02373
ZJ016733,0.4478,0.164,0.013405,0.01563,0.112,0.01477,0.2203,0.01255
ZJ016734,0.2703,0.0808,0.03525,0.0759,0.06256,0.00886,0.2556,0.2107
ZJ016735,0.067,0.1134,0.03027,0.005497,0.2566,0.0653,0.452,0.01011
ZJ016736,0.1074,0.3853,0.1239,0.01162,0.01424,0.02664,0.2496,0.0813
ZJ016737,0.2551,0.0861,0.093,0.03906,0.04376,0.01671,0.3572,0.1092
ZJ016738,0.1079,0.1902,0.3577,0.02316,0.0372,0.0977,0.1245,0.06158
ZJ016739,0.2041,0.06824,0.1561,0.05136,0.03677,0.1503,0.2986,0.0344
ZJ016740,0.375,0.02774,0.09595,0.1081,0.2883,0.05743,0.01381,0.03354
ZJ016741,0.2086,0.1412,0.0559,0.0981,0.117,0.010345,0.2627,0.10626
ZJ016742,0.2766,0.10706,0.0722,0.0516,0.04846,0.01253,0.2136,0.218
ZJ016743,0.2544,0.02524,0.0696,0.002716,0.09235,0.0202,0.51,0.02585
ZJ016744,0.628,0.003778,0.011955,0.1516,0.1074,0.01094,0.004303,0.0823
ZJ016745,0.1893,0.1117,0.2135,0.07825,0.01031,0.02274,0.02,0.3542
ZJ016746,0.7495,0.04074,0.0594,0.010506,0.0751,0.0101,0.02448,0.03006
ZJ016747,0.2893,0.04462,0.04623,0.02621,0.03564,0.02896,0.5205,0.0087
ZJ016748,0.0957,0.5845,0.10364,0.002733,0.013245,0.01743,0.02823,0.1547
ZJ016749,0.1798,0.0759,0.4731,0.01065,0.01332,0.02641,0.1918,0.029
ZJ016750,0.2074,0.1924,0.1907,0.006653,0.03625,0.05243,0.11053,0.2035
ZJ016751,0.04465,0.7173,0.0428,0.01141,0.04355,0.0645,0.0455,0.03036
ZJ016752,0.2637,0.4292,0.05136,0.02142,0.1425,0.013565,0.05023,0.0278
ZJ016753,0.1134,0.3765,0.06647,0.01341,0.05206,0.01804,0.3154,0.04495
ZJ016754,0.0988,0.01069,0.301,0.01166,0.1757,0.1477,0.005577,0.249
ZJ016755,0.1553,0.05487,0.07587,0.00955,0.0118,0.00878,0.644,0.03998
ZJ016756,0.0779,0.0454,0.3257,0.01656,0.03558,0.4243,0.04883,0.02556
ZJ016757,0.4448,0.2842,0.02058,0.00902,0.1931,0.00509,0.0224,0.02058
ZJ016758,0.1361,0.0798,0.02199,0.002974,0.1799,0.00936,0.558,0.01188
ZJ016759,0.339,0.03,0.0829,0.1087,0.3125,0.03506,0.01672,0.07495
ZJ016760,0.313,0.1827,0.3447,0.01807,0.01816,0.01653,0.0801,0.02654
ZJ016761,0.4536,0.0922,0.1698,0.0206,0.0761,0.03032,0.0989,0.0587
ZJ016762,0.3105,0.04883,0.2131,0.1775,0.02267,0.05963,0.02312,0.1448
ZJ016763,0.01929,0.05655,0.0587,0.00827,0.01418,0.795,0.0368,0.01137
ZJ016764,0.1888,0.12244,0.3008,0.02304,0.1077,0.0434,0.1703,0.04352
ZJ016765,0.3496,0.1091,0.192,0.023,0.02946,0.0642,0.1824,0.05035
ZJ016766,0.259,0.06555,0.2622,0.01179,0.03348,0.021,0.3289,0.018
ZJ016767,0.3516,0.1813,0.2301,0.02632,0.0314,0.02568,0.05573,0.098
ZJ016768,0.0582,0.0923,0.1174,0.0587,0.03198,0.241,0.2201,0.1802
ZJ016769,0.1229,0.2644,0.2242,0.02681,0.02109,0.0749,0.084,0.1816
ZJ016770,0.3462,0.099,0.08075,0.0735,0.04477,0.01836,0.155,0.1824
ZJ016771,0.2445,0.04443,0.1974,0.2964,0.01752,0.0436,0.02434,0.1317
ZJ016772,0.02641,0.0428,0.063,0.02022,0.04184,0.7397,0.01634,0.04987
ZJ016773,0.7666,0.04333,0.04572,0.003666,0.05875,0.015526,0.0335,0.0328
ZJ016774,0.1626,0.1118,0.272,0.026,0.03394,0.1293,0.2458,0.01865
ZJ016775,0.11316,0.06934,0.558,0.009674,0.00948,0.06036,0.1523,0.02744
ZJ016776,0.135,0.02722,0.08997,0.4773,0.01782,0.00809,0.01323,0.2312
ZJ016777,0.04355,0.02489,0.01267,0.0035,0.08026,0.009476,0.819,0.006695
ZJ016778,0.1858,0.011475,0.2152,0.2109,0.1575,0.01704,0.005104,0.197
ZJ016779,0.263,0.4656,0.09595,0.015396,0.01157,0.02017,0.0622,0.06635
ZJ016780,0.05655,0.0418,0.03537,0.005913,0.004887,0.012474,0.831,0.011246
ZJ016781,0.0857,0.1323,0.3088,0.006012,0.03735,0.1448,0.1456,0.1393
ZJ016782,0.4136,0.01176,0.1637,0.01126,0.1431,0.0767,0.03084,0.149
ZJ016783,0.1115,0.1068,0.1925,0.0466,0.01933,0.1448,0.2063,0.1721
ZJ016784,0.338,0.08344,0.05576,0.0693,0.0801,0.013016,0.10205,0.2583
ZJ016785,0.04227,0.0681,0.0661,0.00707,0.01034,0.06366,0.7026,0.03983
ZJ016786,0.1475,0.00659,0.333,0.1477,0.03378,0.07587,0.01121,0.2445
ZJ016787,0.0652,0.08966,0.2588,0.01506,0.012535,0.3618,0.1549,0.0421
ZJ016788,0.4204,0.05927,0.335,0.02287,0.02052,0.033,0.04672,0.0622
ZJ016789,0.2053,0.334,0.1959,0.00923,0.02455,0.01917,0.05942,0.1526
ZJ016790,0.2219,0.1079,0.3384,0.06183,0.01614,0.03784,0.1471,0.06903
ZJ016791,0.1818,0.1691,0.1642,0.007423,0.1212,0.0907,0.2285,0.0373
ZJ016792,0.2146,0.0419,0.3584,0.00642,0.00538,0.00625,0.3413,0.02585
ZJ016793,0.3513,0.1455,0.2083,0.010666,0.01097,0.02536,0.1918,0.0562
ZJ016794,0.2832,0.00884,0.0587,0.07666,0.1166,0.2438,0.04822,0.1641
ZJ016795,0.1539,0.07245,0.1719,0.08246,0.01408,0.01033,0.00769,0.487
ZJ016796,0.11847,0.1697,0.2224,0.014114,0.1531,0.0354,0.1906,0.0963
ZJ016797,0.2969,0.02,0.0373,0.0435,0.0497,0.01304,0.5234,0.01611
ZJ016798,0.1259,0.1692,0.12415,0.01788,0.0824,0.2483,0.1295,0.1029
ZJ016799,0.3665,0.3313,0.03726,0.006653,0.09894,0.02646,0.117,0.0161
ZJ016800,0.12225,0.1934,0.2542,0.01744,0.01233,0.02876,0.1121,0.2598
ZJ016801,0.2788,0.02383,0.0948,0.02127,0.4473,0.0339,0.03247,0.06775
ZJ016802,0.02905,0.02325,0.04736,0.03418,0.02461,0.801,0.02455,0.01619
ZJ016803,0.1272,0.3677,0.1219,0.00996,0.03403,0.0496,0.2438,0.04593
ZJ016804,0.1495,0.03406,0.12317,0.4292,0.07196,0.06805,0.01984,0.1042
ZJ016805,0.0923,0.005363,0.09015,0.3127,0.0412,0.0801,0.008354,0.3699
ZJ016806,0.577,0.004765,0.03232,0.01823,0.315,0.00571,0.01326,0.03375
ZJ016807,0.1602,0.06525,0.1857,0.01345,0.03427,0.1487,0.353,0.03955
ZJ016808,0.3054,0.05215,0.3445,0.00784,0.05072,0.05743,0.1157,0.0664
ZJ016809,0.1467,0.0121,0.12354,0.558,0.02652,0.03214,0.01229,0.0888
ZJ016810,0.1296,0.0503,0.0715,0.006355,0.4875,0.11554,0.11536,0.02408
ZJ016811,0.1107,0.45,0.1273,0.01105,0.01678,0.02058,0.2336,0.02988
ZJ016812,0.04547,0.03653,0.0881,0.02795,0.02913,0.7163,0.03577,0.02054
ZJ016813,0.0725,0.0706,0.1486,0.02673,0.02448,0.1205,0.4165,0.12024
ZJ016814,0.0953,0.005096,0.273,0.1832,0.03522,0.04422,0.004704,0.3594
ZJ016815,0.1519,0.08655,0.3684,0.01146,0.02805,0.1785,0.1681,0.007088
ZJ016816,0.219,0.1707,0.3032,0.04565,0.06415,0.08746,0.03262,0.0773
ZJ016817,0.1544,0.03485,0.0695,0.02438,0.02043,0.0253,0.5654,0.10596
ZJ016818,0.3677,0.04315,0.1821,0.05234,0.07355,0.1932,0.0328,0.05502
ZJ016819,0.3804,0.0929,0.03665,0.0955,0.0938,0.00908,0.11896,0.1726
ZJ016820,0.08105,0.0511,0.2554,0.02156,0.03845,0.4321,0.06573,0.0545
ZJ016821,0.4714,0.00697,0.07025,0.0839,0.126,0.0945,0.02812,0.11884
ZJ016822,0.4211,0.03568,0.11365,0.01904,0.04865,0.006786,0.004795,0.3503
ZJ016823,0.167,0.307,0.06113,0.03552,0.04263,0.1509,0.2151,0.02069
ZJ016824,0.05682,0.00546,0.4426,0.09564,0.0651,0.03586,0.01305,0.2854
ZJ016825,0.0769,0.007042,0.2903,0.1791,0.023,0.01886,0.007042,0.3977
ZJ016826,0.5835,0.03934,0.0876,0.04816,0.09674,0.00832,0.0685,0.0677
ZJ016827,0.11786,0.1239,0.2576,0.005306,0.1642,0.0944,0.2024,0.0343
ZJ016828,0.1244,0.01389,0.05844,0.6733,0.01259,0.02744,0.01145,0.07825
ZJ016829,0.661,0.001972,0.01616,0.012276,0.265,0.002825,0.00763,0.03314
ZJ016830,0.03983,0.00252,0.715,0.007713,0.003214,0.0043,0.001199,0.2268
ZJ016831,0.003607,0.005905,0.005646,0.00782,0.003698,0.956,0.01349,0.00387
ZJ016832,0.2783,0.01412,0.04648,0.01582,0.518,0.02534,0.02095,0.0809
ZJ016833,0.4094,0.01604,0.1423,0.0741,0.0925,0.02481,0.02585,0.2152
ZJ016834,0.324,0.0922,0.05865,0.0458,0.02031,0.01018,0.2363,0.2126
ZJ016835,0.2795,0.1124,0.06006,0.02591,0.02673,0.0657,0.3801,0.04974
ZJ016836,0.653,0.004356,0.01205,0.1982,0.0895,0.01073,0.00969,0.0228
ZJ016837,0.2219,0.138,0.4382,0.003698,0.0182,0.01481,0.1136,0.0515
ZJ016838,0.2014,0.237,0.1969,0.06036,0.0785,0.02286,0.0876,0.11523
ZJ016839,0.2366,0.05475,0.2223,0.0416,0.02664,0.1193,0.2429,0.0561
ZJ016840,0.2483,0.0747,0.3167,0.007526,0.006523,0.011154,0.3003,0.03488
ZJ016841,0.729,0.01314,0.02852,0.00926,0.1316,0.01075,0.0658,0.01224
ZJ016842,0.3691,0.11584,0.2888,0.02754,0.01328,0.02176,0.0443,0.1193
ZJ016843,0.1383,0.01012,0.133,0.509,0.04614,0.04868,0.00952,0.10535
ZJ016844,0.1891,0.273,0.11456,0.0352,0.02188,0.03012,0.3174,0.0189
ZJ016845,0.04996,0.00472,0.4656,0.1532,0.08014,0.1471,0.00482,0.09436
ZJ016846,0.0976,0.09235,0.508,0.00953,0.0278,0.0808,0.1361,0.04803
ZJ016847,0.4695,0.02365,0.1631,0.01675,0.02866,0.01642,0.0474,0.2346
ZJ016848,0.431,0.0624,0.28,0.03406,0.01868,0.02138,0.0452,0.10724
ZJ016849,0.012955,0.002094,0.002235,0.956,0.00725,0.010765,0.004326,0.004448
ZJ016850,0.3037,0.01459,0.03476,0.0824,0.4507,0.03284,0.0293,0.05157
ZJ016851,0.05988,0.004433,0.721,0.05405,0.02077,0.055,0.006645,0.0779
ZJ016852,0.04205,0.0093,0.2012,0.04123,0.4155,0.183,0.0058,0.1017
ZJ016853,0.04327,0.01892,0.0696,0.0315,0.0275,0.7573,0.0331,0.01875
ZJ016854,0.3362,0.0919,0.3179,0.0356,0.03534,0.02142,0.1037,0.05795
ZJ016855,0.1866,0.10266,0.3086,0.01232,0.0209,0.2028,0.1503,0.01582
ZJ016856,0.1769,0.159,0.2268,0.05557,0.06665,0.03023,0.01721,0.2676
ZJ016857,0.0895,0.0445,0.5864,0.04382,0.02881,0.1207,0.01114,0.0751
ZJ016858,0.1514,0.11145,0.44,0.01255,0.07935,0.1097,0.06976,0.02603
ZJ016859,0.09735,0.005756,0.0792,0.6284,0.04343,0.0236,0.007256,0.11487
ZJ016860,0.006023,0.011154,0.03366,0.003561,0.0125,0.919,0.003292,0.01137
ZJ016861,0.08307,0.05768,0.2534,0.3862,0.02469,0.0838,0.02043,0.09076
ZJ016862,0.139,0.324,0.2566,0.00634,0.00983,0.02141,0.0669,0.1759
ZJ016863,0.1488,0.207,0.2993,0.01888,0.01011,0.01894,0.0884,0.2086
ZJ016864,0.11926,0.0564,0.5215,0.00785,0.0376,0.1268,0.0932,0.03726
ZJ016865,0.1357,0.1295,0.143,0.03412,0.121,0.2441,0.1447,0.0479
ZJ016866,0.3718,0.0689,0.1508,0.0935,0.132,0.01976,0.079,0.08453
ZJ016867,0.3809,0.10364,0.2346,0.007233,0.01289,0.0422,0.1693,0.0494
ZJ016868,0.219,0.0849,0.1898,0.05536,0.0427,0.0365,0.3308,0.04108
ZJ016869,0.1073,0.0213,0.1383,0.00698,0.003443,0.007458,0.665,0.05035
ZJ016870,0.1131,0.4175,0.03574,0.01051,0.01108,0.008125,0.382,0.02205
ZJ016871,0.2041,0.3901,0.06073,0.014366,0.0936,0.03403,0.1637,0.03934
ZJ016872,0.1532,0.1953,0.258,0.02486,0.02603,0.11975,0.1873,0.03564
ZJ016873,0.2761,0.193,0.04956,0.064,0.0723,0.013794,0.1693,0.1619
ZJ016874,0.1522,0.0643,0.4785,0.01169,0.0312,0.06085,0.184,0.0174
ZJ016875,0.1265,0.06934,0.225,0.05426,0.01378,0.1,0.3748,0.03622
ZJ016876,0.1112,0.2229,0.1807,0.00865,0.0501,0.155,0.2227,0.049
ZJ016877,0.872,0.0008917,0.00663,0.003668,0.096,0.001061,0.001529,0.0186
ZJ016878,0.08997,0.006676,0.65,0.045,0.07104,0.010216,0.003027,0.1243
ZJ016879,0.4211,0.0957,0.253,0.06445,0.01921,0.03653,0.02689,0.0833
ZJ016880,0.4055,0.10974,0.1573,0.0492,0.05426,0.0951,0.0944,0.03455
ZJ016881,0.0789,0.5527,0.02744,0.002663,0.218,0.0318,0.08124,0.007153
ZJ016882,0.0948,0.0799,0.4058,0.01727,0.02908,0.1554,0.1838,0.03375
ZJ016883,0.2086,0.1833,0.2676,0.02988,0.04346,0.0468,0.1743,0.046
ZJ016884,0.0731,0.01593,0.012115,0.008644,0.00776,0.005295,0.8604,0.01689
ZJ016885,0.161,0.08136,0.04675,0.0914,0.0738,0.01625,0.4426,0.08685
ZJ016886,0.3196,0.04514,0.0635,0.00231,0.04718,0.0167,0.4897,0.01555
ZJ016887,0.0698,0.0482,0.03436,0.03766,0.0703,0.582,0.0747,0.0827
ZJ016888,0.1383,0.00529,0.11804,0.4868,0.03693,0.04547,0.00949,0.1599
ZJ016889,0.2761,0.2856,0.1915,0.0522,0.02878,0.01076,0.0713,0.0836
ZJ016890,0.0855,0.00744,0.573,0.05087,0.06903,0.01341,0.003643,0.1968
ZJ016891,0.2429,0.1774,0.318,0.03983,0.0441,0.02032,0.0522,0.10486
ZJ016892,0.3362,0.05884,0.2979,0.0301,0.05328,0.06464,0.01965,0.1393
ZJ016893,0.718,0.02438,0.04047,0.03793,0.04327,0.01956,0.0456,0.071
ZJ016894,0.0547,0.0791,0.1857,0.0311,0.09406,0.439,0.034,0.08234
ZJ016895,0.0868,0.10266,0.0951,0.01172,0.0594,0.4485,0.1522,0.04382
ZJ016896,0.0772,0.1886,0.046,0.00849,0.332,0.0761,0.2615,0.01005
ZJ016897,0.3284,0.1232,0.05768,0.02214,0.0652,0.03506,0.3535,0.01488
ZJ016898,0.155,0.008896,0.38,0.264,0.0413,0.04126,0.00998,0.1
ZJ016899,0.10486,0.2014,0.1503,0.015274,0.02129,0.3264,0.1624,0.01816
ZJ016900,0.04614,0.003271,0.6562,0.03214,0.01828,0.01999,0.008354,0.2156
ZJ016901,0.00562,0.00918,0.02464,0.002787,0.00477,0.939,0.00704,0.006775
ZJ016902,0.928,0.004765,0.006294,0.00136,0.0313,0.001712,0.01714,0.00969
ZJ016903,0.1959,0.0401,0.3386,0.0073,0.005394,0.0141,0.379,0.01984
ZJ016904,0.3,0.015015,0.1973,0.2415,0.0412,0.0706,0.01436,0.12
ZJ016905,0.0821,0.0806,0.1395,0.3074,0.0784,0.0902,0.01243,0.2092
ZJ016906,0.1908,0.1532,0.341,0.01726,0.03008,0.04355,0.1559,0.06824
ZJ016907,0.6396,0.04767,0.1012,0.01572,0.0441,0.02634,0.10315,0.02246
ZJ016908,0.02242,0.023,0.006786,0.00387,0.01965,0.002428,0.909,0.012085
ZJ016909,0.01357,0.02678,0.0714,0.006676,0.010544,0.8413,0.02138,0.008484
ZJ016910,0.3853,0.006447,0.0673,0.1976,0.2242,0.0578,0.005985,0.05548
ZJ016911,0.02832,0.832,0.02434,0.01949,0.0273,0.004814,0.02864,0.0352
ZJ016912,0.1921,0.0649,0.251,0.014786,0.00892,0.01393,0.416,0.0384
ZJ016913,0.181,0.1754,0.2742,0.00584,0.03903,0.03357,0.2559,0.0352
ZJ016914,0.04404,0.02762,0.1287,0.07025,0.01162,0.00327,0.00461,0.71
ZJ016915,0.2367,0.0383,0.03008,0.03084,0.0401,0.58,0.03207,0.01163
ZJ016916,0.1835,0.02129,0.2367,0.2253,0.1292,0.1086,0.01035,0.08514
ZJ016917,0.2944,0.1105,0.1014,0.0584,0.0364,0.0183,0.142,0.2386
ZJ016918,0.2205,0.02568,0.161,0.2084,0.03061,0.03687,0.02646,0.2905
ZJ016919,0.435,0.01881,0.0378,0.2097,0.02646,0.02281,0.06964,0.1792
ZJ016920,0.002066,0.004562,0.004517,0.003103,0.002855,0.974,0.00555,0.003315
ZJ016921,0.3374,0.0647,0.2847,0.0988,0.0521,0.0462,0.04233,0.0736
ZJ016922,0.3416,0.0497,0.3625,0.01106,0.03662,0.04822,0.09064,0.05988
ZJ016923,0.11993,0.05313,0.2424,0.2028,0.07416,0.1004,0.08826,0.11926
ZJ016924,0.1495,0.1139,0.1604,0.04587,0.01282,0.08276,0.2018,0.233
ZJ016925,0.02661,0.011406,0.05576,0.0177,0.01332,0.8374,0.02591,0.01136
ZJ016926,0.1729,0.031,0.2454,0.2106,0.08417,0.09625,0.02869,0.1311
ZJ016927,0.1829,0.01375,0.03183,0.00329,0.02713,0.01064,0.7173,0.01314
ZJ016928,0.2964,0.1017,0.072,0.02016,0.03023,0.0158,0.3818,0.08203
ZJ016929,0.2494,0.2014,0.0631,0.01114,0.04807,0.0291,0.366,0.03198
ZJ016930,0.2015,0.1974,0.1536,0.01727,0.0242,0.02805,0.2113,0.1665
ZJ016931,0.0822,0.01082,0.2214,0.11017,0.01436,0.009155,0.006573,0.545
ZJ016932,0.2944,0.03006,0.0791,0.1976,0.1694,0.0372,0.01656,0.1757
ZJ016933,0.1465,0.0925,0.041,0.02548,0.0321,0.011345,0.553,0.0981
ZJ016934,0.148,0.02219,0.4673,0.04456,0.0498,0.01898,0.01222,0.237
ZJ016935,0.3035,0.532,0.02737,0.00633,0.02905,0.003353,0.04626,0.0522
ZJ016936,0.2827,0.0365,0.02388,0.03607,0.10266,0.00951,0.3992,0.10925
ZJ016937,0.05426,0.8623,0.01872,0.01611,0.01106,0.003174,0.01209,0.02164
ZJ016938,0.00275,0.002834,0.006756,0.00477,0.001224,0.979,0.001758,0.0008383
ZJ016939,0.2156,0.05478,0.3977,0.02681,0.03091,0.05365,0.1969,0.0236
ZJ016940,0.613,0.002228,0.01671,0.0124,0.3198,0.00442,0.005722,0.02567
ZJ016941,0.131,0.01524,0.1154,0.5425,0.0202,0.02505,0.011925,0.1389
ZJ016942,0.1459,0.2133,0.0962,0.02567,0.0479,0.011215,0.3884,0.0713
ZJ016943,0.511,0.0791,0.0602,0.02835,0.01985,0.02005,0.05402,0.2273
ZJ016944,0.06064,0.1178,0.1766,0.0413,0.03732,0.1489,0.1655,0.252
ZJ016945,0.2515,0.05127,0.341,0.010735,0.03787,0.05347,0.241,0.01318
ZJ016946,0.1089,0.076,0.3367,0.01516,0.03085,0.2094,0.1892,0.03384
ZJ016947,0.2842,0.08234,0.1967,0.02383,0.02744,0.04993,0.285,0.0506
ZJ016948,0.1525,0.0917,0.2483,0.03152,0.03622,0.07764,0.1967,0.1654
ZJ016949,0.10657,0.04034,0.548,0.01498,0.05756,0.05756,0.09546,0.0795
ZJ016950,0.2184,0.05185,0.1455,0.01076,0.007698,0.04086,0.4617,0.0631
ZJ016951,0.1254,0.01481,0.2161,0.3723,0.03577,0.0594,0.01284,0.1636
ZJ016952,0.24,0.2129,0.1785,0.02194,0.059,0.05255,0.07355,0.1616
ZJ016953,0.1503,0.2468,0.208,0.007965,0.05133,0.02336,0.2651,0.04715
ZJ016954,0.09656,0.1553,0.1648,0.01027,0.003975,0.04285,0.4727,0.05356
ZJ016955,0.4941,0.0639,0.05365,0.00501,0.2263,0.03702,0.11005,0.00988
ZJ016956,0.1686,0.1985,0.2734,0.006104,0.01347,0.1048,0.1736,0.06146
ZJ016957,0.1329,0.09485,0.3796,0.0173,0.04602,0.0806,0.2014,0.04752
ZJ016958,0.0073,0.00569,0.01265,0.007545,0.00814,0.918,0.0322,0.00847
ZJ016959,0.09625,0.00607,0.4604,0.1677,0.05087,0.0925,0.005898,0.12
ZJ016960,0.18,0.2605,0.2935,0.003122,0.010506,0.03442,0.1349,0.08295
ZJ016961,0.1227,0.089,0.6045,0.00563,0.007343,0.00818,0.11,0.05298
ZJ016962,0.0489,0.01164,0.032,0.6797,0.01405,0.08325,0.00646,0.1242
ZJ016963,0.2383,0.2866,0.1544,0.02676,0.03006,0.1188,0.136,0.00919
ZJ016964,0.284,0.2239,0.1896,0.0659,0.03568,0.02597,0.09467,0.0804
ZJ016965,0.2817,0.0916,0.2025,0.012474,0.0151,0.0949,0.2432,0.0585
ZJ016966,0.4321,0.02406,0.05548,0.08813,0.3257,0.03023,0.01142,0.03323
ZJ016967,0.08295,0.09827,0.08545,0.03452,0.04346,0.4949,0.10077,0.05975
ZJ016968,0.12146,0.1681,0.165,0.019,0.1144,0.03586,0.2593,0.1169
ZJ016969,0.347,0.0665,0.10706,0.004143,0.0999,0.03976,0.3064,0.02913
ZJ016970,0.1266,0.11365,0.5327,0.00579,0.03546,0.0784,0.09064,0.01666
ZJ016971,0.2097,0.04007,0.04346,0.0177,0.05438,0.1212,0.4663,0.04697
ZJ016972,0.2004,0.01816,0.3264,0.1086,0.0492,0.1345,0.03577,0.127
ZJ016973,0.0787,0.3623,0.04626,0.03302,0.06696,0.1519,0.2429,0.01802
ZJ016974,0.0772,0.1704,0.2542,0.04422,0.03915,0.1359,0.1831,0.096
ZJ016975,0.11414,0.1912,0.0798,0.0304,0.03156,0.01163,0.4126,0.1288
ZJ016976,0.3552,0.2327,0.04855,0.00747,0.02676,0.00683,0.2197,0.1029
ZJ016977,0.00887,0.00995,0.012985,0.0666,0.003424,0.8867,0.00695,0.004513
ZJ016978,0.2322,0.05655,0.5234,0.01256,0.01942,0.0578,0.04733,0.0506
ZJ016979,0.3962,0.1138,0.3254,0.03647,0.01259,0.008575,0.0323,0.0746
ZJ016980,0.3345,0.4058,0.0502,0.00896,0.05835,0.00967,0.1027,0.02966
ZJ016981,0.367,0.06836,0.0987,0.09534,0.04672,0.01284,0.02608,0.2852
ZJ016982,0.425,0.08514,0.2512,0.03918,0.03146,0.01584,0.02266,0.1299
ZJ016983,0.08075,0.007465,0.1907,0.11755,0.00718,0.00804,0.002897,0.5854
ZJ016984,0.3394,0.02756,0.07666,0.1709,0.2366,0.0363,0.01816,0.0945
ZJ016985,0.1932,0.10254,0.0895,0.01488,0.02327,0.0695,0.4695,0.03735
ZJ016986,0.2942,0.02122,0.02588,0.3647,0.1798,0.03732,0.03256,0.0442
ZJ016987,0.3274,0.10077,0.2054,0.01102,0.02496,0.11475,0.1514,0.06433
ZJ016988,0.373,0.02121,0.0755,0.1203,0.2737,0.02167,0.01259,0.10175
ZJ016989,0.059,0.04916,0.07324,0.05313,0.04413,0.647,0.04062,0.03406
ZJ016990,0.3577,0.11835,0.0635,0.03433,0.1006,0.02025,0.2019,0.10333
ZJ016991,0.003693,0.010376,0.02235,0.001834,0.006065,0.9443,0.003052,0.007557
ZJ016992,0.03072,0.02812,0.0444,0.02856,0.00646,0.04785,0.7744,0.03955
ZJ016993,0.09576,0.4785,0.1664,0.01155,0.03043,0.0834,0.1239,0.010185
ZJ016994,0.0888,0.1279,0.6284,0.007275,0.013405,0.01349,0.0801,0.04044
ZJ016995,0.0878,0.2009,0.2483,0.01208,0.06226,0.2048,0.1395,0.0443
ZJ016996,0.0577,0.528,0.0798,0.02362,0.02682,0.07764,0.1627,0.04398
ZJ016997,0.11975,0.2426,0.2842,0.005962,0.1305,0.0924,0.1129,0.01172
ZJ016998,0.3047,0.11194,0.2822,0.01797,0.04645,0.0371,0.1497,0.05005
ZJ016999,0.01628,0.01259,0.06046,0.01317,0.01192,0.846,0.02328,0.01591
ZJ017000,0.06775,0.6377,0.0913,0.00636,0.06415,0.05478,0.0667,0.01141
ZJ017001,0.11365,0.005417,0.2983,0.141,0.03854,0.06036,0.00524,0.3374
ZJ017002,0.4023,0.0102,0.1302,0.05695,0.2224,0.07477,0.02878,0.07446
ZJ017003,0.1672,0.03323,0.1183,0.1478,0.344,0.0865,0.009056,0.0941
ZJ017004,0.6133,0.02524,0.02213,0.003717,0.1892,0.02095,0.1161,0.00954
ZJ017005,0.1874,0.06335,0.372,0.01678,0.010475,0.04837,0.0631,0.2385
ZJ017006,0.3276,0.0937,0.0913,0.0989,0.03024,0.01836,0.1329,0.2068
ZJ017007,0.3152,0.02689,0.1531,0.139,0.0905,0.07935,0.0857,0.1102
ZJ017008,0.2172,0.1089,0.2998,0.01445,0.041,0.1787,0.1259,0.013954
ZJ017009,0.252,0.1255,0.2092,0.03342,0.03384,0.03946,0.2524,0.0543
ZJ017010,0.3738,0.00724,0.03552,0.2424,0.219,0.00922,0.02518,0.0878
ZJ017011,0.2043,0.06113,0.04184,0.02849,0.0317,0.016,0.5938,0.02295
ZJ017012,0.1791,0.1334,0.1864,0.00593,0.0887,0.07574,0.3162,0.014755
ZJ017013,0.1071,0.01085,0.08154,0.6035,0.03275,0.02686,0.01564,0.12195
ZJ017014,0.2505,0.09235,0.2712,0.01499,0.02823,0.05658,0.2097,0.0763
ZJ017015,0.0949,0.10266,0.1539,0.02658,0.00996,0.01901,0.567,0.02608
ZJ017016,0.1293,0.2627,0.2803,0.00545,0.01233,0.032,0.2244,0.05356
ZJ017017,0.4797,0.011215,0.03165,0.07855,0.3174,0.02615,0.01671,0.03848
ZJ017018,0.2622,0.03885,0.14,0.01143,0.03726,0.01958,0.433,0.0578
ZJ017019,0.305,0.0736,0.3164,0.01029,0.01086,0.0291,0.1943,0.06036
ZJ017020,0.948,0.002018,0.003399,0.001119,0.0396,0.0003133,0.002272,0.002974
ZJ017021,0.2737,0.06046,0.05112,0.05658,0.0347,0.091,0.42,0.01259
ZJ017022,0.4116,0.0983,0.11707,0.01528,0.00759,0.01608,0.0561,0.2778
ZJ017023,0.2896,0.04333,0.1826,0.05087,0.0339,0.07794,0.2708,0.05093
ZJ017024,0.138,0.11084,0.509,0.009094,0.0223,0.03522,0.1313,0.04434
ZJ017025,0.2612,0.1156,0.2188,0.009,0.01149,0.03305,0.2874,0.0635
ZJ017026,0.0913,0.2832,0.1294,0.1011,0.013626,0.11053,0.2494,0.02145
ZJ017027,0.10126,0.00966,0.2468,0.4758,0.04083,0.06015,0.01944,0.0463
ZJ017028,0.05127,0.554,0.11426,0.01967,0.01878,0.06006,0.1501,0.03183
ZJ017029,0.1826,0.00899,0.2708,0.283,0.0775,0.04764,0.009094,0.1205
ZJ017030,0.557,0.10077,0.1306,0.003113,0.08325,0.013405,0.05118,0.06036
ZJ017031,0.2473,0.11066,0.2556,0.0658,0.109,0.01686,0.03326,0.1616
ZJ017032,0.2786,0.008896,0.05963,0.294,0.158,0.01979,0.004997,0.1763
ZJ017033,0.2903,0.1748,0.2252,0.0811,0.0502,0.02872,0.06085,0.089
ZJ017034,0.1613,0.01651,0.1239,0.0997,0.133,0.0876,0.01251,0.3655
ZJ017035,0.725,0.0653,0.0392,0.004932,0.05704,0.01211,0.0538,0.04248
ZJ017036,0.1764,0.0765,0.2817,0.01509,0.01276,0.03818,0.3782,0.02124
ZJ017037,0.1139,0.1559,0.4995,0.005943,0.012245,0.0586,0.1427,0.01096
ZJ017038,0.364,0.44,0.03622,0.0145,0.02615,0.00567,0.01443,0.099
ZJ017039,0.1289,0.001612,0.01043,0.0007806,0.01548,0.002655,0.8374,0.002409
ZJ017040,0.0674,0.1139,0.2305,0.03183,0.02792,0.1383,0.11487,0.2754
ZJ017041,0.3455,0.1646,0.07025,0.02013,0.0637,0.0859,0.235,0.015015
ZJ017042,0.08093,0.01142,0.4602,0.164,0.01875,0.09985,0.00865,0.1562
ZJ017043,0.0923,0.06274,0.4956,0.006573,0.05533,0.10754,0.1301,0.04974
ZJ017044,0.3853,0.0738,0.302,0.0363,0.03683,0.03815,0.0556,0.07196
ZJ017045,0.2,0.4595,0.187,0.01505,0.02629,0.009735,0.0351,0.06775
ZJ017046,0.02824,0.07983,0.154,0.01257,0.0313,0.632,0.02975,0.0324
ZJ017047,0.004105,0.002136,0.00932,0.00413,0.001799,0.975,0.002151,0.001102
ZJ017048,0.1522,0.1002,0.07605,0.04437,0.02998,0.0643,0.5024,0.03027
ZJ017049,0.5244,0.06506,0.08826,0.05356,0.03488,0.01842,0.08374,0.1318
ZJ017050,0.2457,0.04678,0.1259,0.2142,0.07294,0.01744,0.01991,0.257
ZJ017051,0.25,0.02002,0.07214,0.1759,0.345,0.03958,0.01357,0.0839
ZJ017052,0.4707,0.09845,0.2405,0.00637,0.03952,0.02954,0.03683,0.078
ZJ017053,0.2607,0.03867,0.275,0.11975,0.03015,0.03592,0.01881,0.2211
ZJ017054,0.1655,0.104,0.08826,0.1586,0.05414,0.02444,0.01738,0.3877
ZJ017055,0.0318,0.0773,0.06396,0.04477,0.01689,0.695,0.04413,0.02625
ZJ017056,0.2766,0.282,0.1826,0.02505,0.02325,0.0805,0.11816,0.01174
ZJ017057,0.3455,0.04587,0.01828,0.0366,0.0947,0.011894,0.3044,0.1427
ZJ017058,0.02701,0.02373,0.0627,0.02484,0.00801,0.801,0.0429,0.01015
ZJ017059,0.1006,0.00912,0.2979,0.02896,0.3843,0.10986,0.00336,0.06586
ZJ017060,0.148,0.0851,0.3357,0.01778,0.06946,0.1407,0.1765,0.0267
ZJ017061,0.261,0.03647,0.0741,0.3005,0.1381,0.0902,0.02524,0.0744
ZJ017062,0.00089,0.00287,0.002897,0.001757,0.0009146,0.986,0.003376,0.000833
ZJ017063,0.2588,0.05548,0.1267,0.00493,0.04388,0.010704,0.446,0.05307
ZJ017064,0.3474,0.02713,0.07733,0.1389,0.2925,0.04922,0.0143,0.05292
ZJ017065,0.11346,0.00999,0.12225,0.5044,0.03467,0.0706,0.00981,0.1349
ZJ017066,0.11017,0.014206,0.3704,0.286,0.01493,0.02365,0.011314,0.1694
ZJ017067,0.11926,0.00504,0.2683,0.2113,0.084,0.06046,0.00809,0.2435
ZJ017068,0.111,0.03044,0.1527,0.0102,0.00859,0.01284,0.6436,0.03055
ZJ017069,0.2223,0.011894,0.09283,0.2379,0.223,0.05182,0.005363,0.1549
ZJ017070,0.2932,0.2964,0.11035,0.01443,0.04828,0.01393,0.1523,0.0709
ZJ017071,0.1421,0.2595,0.11365,0.02898,0.06805,0.1783,0.1854,0.02396
ZJ017072,0.2915,0.05902,0.286,0.01414,0.03784,0.1014,0.1995,0.01101
ZJ017073,0.1637,0.12244,0.05878,0.0496,0.0347,0.08453,0.4585,0.02742
ZJ017074,0.2073,0.05243,0.4954,0.01069,0.0538,0.105,0.05014,0.02522
ZJ017075,0.09686,0.0633,0.03177,0.00987,0.02962,0.01814,0.7363,0.01426
ZJ017076,0.00583,0.01217,0.005657,0.002766,0.0009475,0.009705,0.958,0.005016
ZJ017077,0.01093,0.02121,0.0416,0.02281,0.01059,0.8696,0.0178,0.005413
ZJ017078,0.01999,0.012245,0.09705,0.00912,0.01636,0.8135,0.01955,0.01286
ZJ017079,0.1498,0.02829,0.1885,0.07086,0.01857,0.01268,0.006035,0.5254
ZJ017080,0.00552,0.01877,0.02087,0.006203,0.003483,0.9287,0.01365,0.002066
ZJ017081,0.011475,0.01987,0.096,0.00813,0.02803,0.7764,0.02196,0.0384
ZJ017082,0.3054,0.05396,0.3079,0.005356,0.01373,0.0152,0.287,0.011246
ZJ017083,0.02682,0.8896,0.01744,0.002375,0.004063,0.004333,0.03812,0.0171
ZJ017084,0.1627,0.5093,0.03305,0.010086,0.1897,0.006115,0.0457,0.0434
ZJ017085,0.2181,0.1394,0.3582,0.00836,0.011215,0.02567,0.0648,0.1743
ZJ017086,0.2734,0.1317,0.2035,0.0515,0.01884,0.08276,0.2178,0.02036
ZJ017087,0.552,0.1829,0.03047,0.01201,0.0713,0.03973,0.0928,0.0192
ZJ017088,0.003452,0.00406,0.003473,0.001898,0.002626,0.9775,0.00578,0.0014105
ZJ017089,0.5234,0.02066,0.126,0.002758,0.06726,0.01328,0.2034,0.04318
ZJ017090,0.1606,0.03012,0.0624,0.1007,0.3816,0.1138,0.04813,0.10266
ZJ017091,0.0673,0.8125,0.01072,0.003433,0.01965,0.006397,0.0521,0.02792
ZJ017092,0.0525,0.007183,0.6343,0.03195,0.01558,0.1224,0.00714,0.1293
ZJ017093,0.0094,0.003574,0.01093,0.923,0.002384,0.03625,0.002153,0.01234
ZJ017094,0.2004,0.01151,0.312,0.2205,0.0528,0.0786,0.013145,0.11115
ZJ017095,0.1309,0.058,0.4321,0.008606,0.01956,0.1195,0.1807,0.05072
ZJ017096,0.2576,0.0402,0.1079,0.267,0.1658,0.04648,0.02316,0.09174
ZJ017097,0.4407,0.01778,0.0502,0.07214,0.3103,0.01894,0.011406,0.07855
ZJ017098,0.0706,0.01057,0.2695,0.0217,0.00854,0.02167,0.00492,0.593
ZJ017099,0.17,0.12024,0.487,0.009964,0.02023,0.0306,0.139,0.02298
ZJ017100,0.013626,0.01448,0.0228,0.02205,0.01439,0.882,0.01932,0.01114
ZJ017101,0.2925,0.07825,0.1732,0.05536,0.02536,0.0599,0.2905,0.02478
ZJ017102,0.08374,0.00785,0.09735,0.6084,0.02792,0.02534,0.00969,0.1396
ZJ017103,0.2727,0.2302,0.039,0.01971,0.1012,0.01154,0.2668,0.05878
ZJ017104,0.10535,0.01341,0.271,0.2037,0.1725,0.03418,0.0089,0.191
ZJ017105,0.1885,0.1992,0.1251,0.0935,0.04645,0.1271,0.1946,0.02559
ZJ017106,0.0797,0.03384,0.1742,0.007214,0.00534,0.3657,0.324,0.01019
ZJ017107,0.9155,0.00429,0.00938,0.004192,0.0479,0.001321,0.009224,0.00804
ZJ017108,0.02386,0.01532,0.07184,0.00669,0.00922,0.837,0.02527,0.011604
ZJ017109,0.0685,0.05444,0.5957,0.007057,0.03226,0.1102,0.0928,0.03888
ZJ017110,0.3643,0.10486,0.126,0.02122,0.124,0.0694,0.1266,0.06366
ZJ017111,0.3442,0.2654,0.1384,0.0253,0.05023,0.0476,0.1085,0.0202
ZJ017112,0.1747,0.09924,0.4272,0.014175,0.01848,0.081,0.1708,0.01402
ZJ017113,0.05112,0.5967,0.01811,0.003382,0.153,0.04047,0.1332,0.004166
ZJ017114,0.04373,0.5317,0.02406,0.003872,0.1178,0.04987,0.2172,0.01165
ZJ017115,0.05338,0.0771,0.0688,0.07367,0.02682,0.634,0.0361,0.03015
ZJ017116,0.2351,0.351,0.2258,0.00643,0.02116,0.011475,0.05136,0.0974
ZJ017117,0.2377,0.0503,0.0884,0.365,0.1123,0.03516,0.02286,0.0883
ZJ017118,0.1439,0.12366,0.1672,0.04645,0.02612,0.176,0.2788,0.0377
ZJ017119,0.1807,0.02104,0.3381,0.2311,0.0874,0.01753,0.01923,0.10486
ZJ017120,0.155,0.10144,0.1141,0.04614,0.01463,0.01701,0.0104,0.541
ZJ017121,0.3652,0.01773,0.02925,0.0645,0.4055,0.04614,0.012596,0.05914
ZJ017122,0.09375,0.005753,0.5073,0.0584,0.00901,0.00921,0.00826,0.3086
ZJ017123,0.00497,0.0097,0.02473,0.01481,0.002974,0.927,0.01272,0.003208
ZJ017124,0.2893,0.1156,0.276,0.03845,0.1035,0.0373,0.0389,0.1011
ZJ017125,0.0782,0.00481,0.482,0.11346,0.0972,0.1403,0.004204,0.07965
ZJ017126,0.132,0.0335,0.2273,0.1616,0.0726,0.1553,0.10974,0.1079
ZJ017127,0.263,0.08246,0.2185,0.00774,0.01892,0.08636,0.3027,0.0202
ZJ017128,0.1484,0.0795,0.1307,0.00563,0.2644,0.05817,0.2944,0.01866
ZJ017129,0.006176,0.01532,0.02426,0.00519,0.004368,0.9272,0.00916,0.00809
ZJ017130,0.1003,0.0869,0.0943,0.08575,0.03105,0.5034,0.05157,0.0469
ZJ017131,0.04276,0.3281,0.04346,0.01064,0.03186,0.0602,0.429,0.05426
ZJ017132,0.3062,0.1342,0.2366,0.03735,0.01796,0.02957,0.2019,0.03613
ZJ017133,0.5337,0.0747,0.04483,0.0157,0.09784,0.02681,0.04587,0.1603
ZJ017134,0.00604,0.01247,0.01689,0.00571,0.00973,0.9336,0.00785,0.00784
ZJ017135,0.05493,0.0053,0.0891,0.325,0.03375,0.05313,0.00404,0.4348
ZJ017136,0.08453,0.3955,0.0916,0.01475,0.01142,0.11365,0.1571,0.1313
ZJ017137,0.00477,0.00913,0.01128,0.00808,0.01061,0.944,0.006264,0.00666
ZJ017138,0.7104,0.04062,0.03702,0.010376,0.01611,0.00588,0.03088,0.1486
ZJ017139,0.2837,0.165,0.2224,0.015564,0.05316,0.0388,0.1433,0.078
ZJ017140,0.05063,0.08215,0.2764,0.0428,0.02829,0.33,0.1229,0.0667
ZJ017141,0.1515,0.3232,0.05298,0.00479,0.2876,0.02646,0.1356,0.01791
ZJ017142,0.0691,0.00565,0.06995,0.7085,0.01953,0.012955,0.006042,0.1082
ZJ017143,0.10724,0.00724,0.1466,0.0958,0.2612,0.03687,0.003656,0.3413
ZJ017144,0.02174,0.1765,0.0948,0.00784,0.04355,0.5913,0.04938,0.01489
ZJ017145,0.03323,0.8975,0.01624,0.003262,0.004333,0.00407,0.02339,0.01749
ZJ017146,0.3066,0.1354,0.2112,0.0697,0.05624,0.0444,0.0978,0.07886
ZJ017147,0.2367,0.0733,0.4187,0.00621,0.0314,0.0537,0.1722,0.00761
ZJ017148,0.1847,0.0859,0.4187,0.01317,0.023,0.07495,0.1328,0.06647
ZJ017149,0.1826,0.1185,0.2842,0.005943,0.0229,0.05865,0.2837,0.04355
ZJ017150,0.2847,0.02519,0.0723,0.1041,0.4226,0.0433,0.012146,0.0355
ZJ017151,0.0809,0.1282,0.281,0.01627,0.13,0.0512,0.2004,0.1122
ZJ017152,0.1991,0.1278,0.3745,0.03354,0.019,0.04507,0.1608,0.04025
ZJ017153,0.08905,0.005764,0.562,0.0634,0.0771,0.1027,0.00597,0.0938
ZJ017154,0.10614,0.2307,0.3535,0.012245,0.01627,0.05426,0.1567,0.07025
ZJ017155,0.1089,0.1154,0.3896,0.00913,0.06976,0.1442,0.08966,0.0734
ZJ017156,0.03424,0.01292,0.011795,0.001344,0.009315,0.008385,0.911,0.01084
ZJ017157,0.919,0.003214,0.01042,0.004414,0.03937,0.001413,0.01627,0.006493
ZJ017158,0.1759,0.2585,0.3013,0.00824,0.01648,0.03293,0.088,0.11847
ZJ017159,0.4934,0.287,0.0941,0.00608,0.02805,0.007057,0.015114,0.06915
ZJ017160,0.1466,0.03056,0.05438,0.02641,0.07794,0.08075,0.576,0.00721
ZJ017161,0.1473,0.277,0.2805,0.02376,0.04587,0.04114,0.10266,0.0817
ZJ017162,0.12,0.011024,0.3975,0.2058,0.05463,0.1439,0.006195,0.0608
ZJ017163,0.0905,0.01499,0.0736,0.599,0.03723,0.01747,0.01183,0.1553
ZJ017164,0.4492,0.02106,0.0292,0.1956,0.223,0.04608,0.013916,0.02184
ZJ017165,0.1346,0.03802,0.05167,0.03574,0.0776,0.10693,0.5054,0.0501
ZJ017166,0.405,0.12146,0.1627,0.02888,0.03256,0.05426,0.1718,0.0233
ZJ017167,0.369,0.01814,0.03906,0.09705,0.3743,0.0416,0.008736,0.05225
ZJ017168,0.1583,0.02893,0.1097,0.4312,0.0753,0.0787,0.01826,0.09955
ZJ017169,0.0313,0.01198,0.07086,0.0116,0.00839,0.742,0.11053,0.01302
ZJ017170,0.578,0.05533,0.03168,0.02257,0.1283,0.0132,0.08276,0.08795
ZJ017171,0.05658,0.2493,0.2188,0.00807,0.2854,0.0669,0.08997,0.02495
ZJ017172,0.1677,0.0729,0.2952,0.05487,0.01228,0.02554,0.00868,0.3628
ZJ017173,0.05957,0.00859,0.2096,0.416,0.0583,0.02678,0.00296,0.2184
ZJ017174,0.2155,0.01793,0.05185,0.02666,0.59,0.02951,0.02505,0.04398
ZJ017175,0.1691,0.008575,0.11945,0.48,0.05704,0.03537,0.004868,0.1257
ZJ017176,0.1897,0.00835,0.297,0.1213,0.03943,0.1984,0.03372,0.11194
ZJ017177,0.00392,0.01244,0.0393,0.003454,0.003353,0.921,0.007668,0.00887
ZJ017178,0.134,0.07623,0.1821,0.00852,0.006744,0.00824,0.552,0.0324
ZJ017179,0.1038,0.1489,0.1597,0.005226,0.008156,0.1128,0.4172,0.04446
ZJ017180,0.2634,0.11755,0.1699,0.05093,0.0189,0.0856,0.2793,0.014244
ZJ017181,0.2893,0.2242,0.1185,0.02354,0.09454,0.0876,0.09674,0.06555
ZJ017182,0.05753,0.03882,0.1519,0.03717,0.02637,0.638,0.0343,0.0159
ZJ017183,0.2773,0.06113,0.1144,0.01802,0.08356,0.0662,0.2769,0.10266
ZJ017184,0.6104,0.05606,0.0972,0.02287,0.06903,0.02095,0.0316,0.0918
ZJ017185,0.1969,0.0864,0.354,0.0163,0.07056,0.04974,0.1819,0.04425
ZJ017186,0.1283,0.013504,0.1123,0.539,0.04358,0.02162,0.01014,0.1316
ZJ017187,0.2559,0.1134,0.1716,0.0423,0.0403,0.105,0.2166,0.05524
ZJ017188,0.197,0.0633,0.391,0.02039,0.05463,0.06366,0.0798,0.1302
ZJ017189,0.1254,0.5522,0.05063,0.01343,0.0318,0.01274,0.1576,0.05615
ZJ017190,0.623,0.05243,0.01923,0.01703,0.07825,0.006683,0.1582,0.045
ZJ017191,0.6045,0.03705,0.05298,0.005688,0.02364,0.015564,0.2551,0.005642
ZJ017192,0.1549,0.0929,0.373,0.01522,0.03506,0.07367,0.199,0.0562
ZJ017193,0.1593,0.0792,0.0947,0.06647,0.0507,0.014,0.011856,0.524
ZJ017194,0.003443,0.00873,0.01585,0.001703,0.003387,0.954,0.007133,0.00579
ZJ017195,0.3184,0.03522,0.10486,0.1663,0.2249,0.0325,0.02138,0.09656
ZJ017196,0.0844,0.007355,0.1888,0.1002,0.00851,0.00894,0.003128,0.5986
ZJ017197,0.11487,0.1482,0.1122,0.008224,0.333,0.0328,0.2094,0.04117
ZJ017198,0.1633,0.2788,0.07825,0.01272,0.01124,0.02231,0.3855,0.0477
ZJ017199,0.07465,0.006416,0.482,0.0886,0.03647,0.06134,0.004074,0.2463
ZJ017200,0.1083,0.03207,0.3792,0.1384,0.04276,0.0908,0.00819,0.2004
ZJ017201,0.411,0.01782,0.1305,0.1027,0.04913,0.0088,0.006786,0.2732
ZJ017202,0.3838,0.0811,0.06805,0.0807,0.04675,0.02463,0.192,0.1229
ZJ017203,0.2406,0.0962,0.0947,0.0241,0.04166,0.09045,0.3882,0.02414
ZJ017204,0.143,0.07306,0.614,0.00431,0.03265,0.0465,0.0688,0.01788
ZJ017205,0.1212,0.3806,0.2234,0.0247,0.004013,0.1139,0.12,0.01233
ZJ017206,0.2269,0.0534,0.4653,0.006294,0.02321,0.0815,0.1366,0.00658
ZJ017207,0.1289,0.1278,0.3452,0.00795,0.012024,0.03079,0.02542,0.3218
ZJ017208,0.1292,0.0799,0.1345,0.292,0.0419,0.02068,0.0171,0.285
ZJ017209,0.001921,0.006386,0.00916,0.003529,0.002123,0.968,0.00508,0.0042
ZJ017210,0.258,0.1418,0.1254,0.02234,0.02498,0.01559,0.3442,0.06775
ZJ017211,0.10956,0.03293,0.0762,0.5146,0.08,0.0758,0.017,0.094
ZJ017212,0.0859,0.0914,0.4922,0.01659,0.0201,0.1599,0.1124,0.02151
ZJ017213,0.0838,0.004345,0.298,0.03067,0.01637,0.004887,0.003723,0.558
ZJ017214,0.02335,0.002447,0.004257,0.8037,0.003757,0.1517,0.003473,0.006676
ZJ017215,0.8345,0.01596,0.03223,0.00178,0.0403,0.004555,0.0563,0.014305
ZJ017216,0.1895,0.17,0.223,0.0146,0.0627,0.1288,0.05566,0.1558
ZJ017217,0.7886,0.01025,0.008865,0.041,0.0947,0.004066,0.005337,0.047
ZJ017218,0.0798,0.1573,0.2952,0.00787,0.01445,0.0984,0.1432,0.2039
ZJ017219,0.2847,0.04074,0.3464,0.00719,0.03143,0.0674,0.2168,0.005543
ZJ017220,0.0883,0.305,0.2142,0.02017,0.06168,0.2074,0.04898,0.0543
ZJ017221,0.1891,0.04672,0.3423,0.02457,0.02983,0.10126,0.2229,0.0435
ZJ017222,0.148,0.013504,0.1046,0.4487,0.0767,0.10693,0.01183,0.0896
ZJ017223,0.29,0.1733,0.1755,0.03284,0.03973,0.04642,0.217,0.0253
ZJ017224,0.0807,0.1534,0.1427,0.00753,0.2106,0.11005,0.2744,0.02063
ZJ017225,0.4226,0.01904,0.05402,0.117,0.301,0.03342,0.0132,0.03937
ZJ017226,0.2913,0.1737,0.09186,0.03885,0.0356,0.01277,0.1204,0.2356
ZJ017227,0.000665,0.002943,0.002186,0.001615,0.0006847,0.9893,0.002031,0.000686
ZJ017228,0.2886,0.2172,0.225,0.01528,0.03595,0.05072,0.1548,0.01255
ZJ017229,0.233,0.0104,0.0747,0.1195,0.2217,0.0747,0.013504,0.2524
ZJ017230,0.001951,0.00438,0.00694,0.00297,0.001607,0.975,0.005287,0.001974
ZJ017231,0.05707,0.0281,0.4753,0.007458,0.0402,0.296,0.0503,0.04556
ZJ017232,0.11505,0.02493,0.0498,0.00785,0.552,0.161,0.03613,0.05356
ZJ017233,0.015114,0.01842,0.03662,0.00968,0.00915,0.878,0.011375,0.0215
ZJ017234,0.4878,0.01549,0.0499,0.06995,0.2961,0.02556,0.00866,0.04645
ZJ017235,0.2035,0.1326,0.05548,0.0594,0.04166,0.01344,0.3374,0.1565
ZJ017236,0.1996,0.00605,0.438,0.11,0.02142,0.0701,0.00995,0.1448
ZJ017237,0.0905,0.0853,0.433,0.005733,0.0699,0.162,0.1151,0.0381
ZJ017238,0.09607,0.0089,0.1981,0.4395,0.0653,0.1324,0.01149,0.0484
ZJ017239,0.4185,0.11066,0.1975,0.02042,0.0626,0.05865,0.11865,0.0132
ZJ017240,0.2473,0.1556,0.1115,0.08636,0.0411,0.02179,0.1757,0.1608
ZJ017241,0.3179,0.09076,0.02435,0.02115,0.0523,0.02078,0.4485,0.02446
ZJ017242,0.2445,0.05878,0.3682,0.01296,0.01323,0.05426,0.1895,0.0585
ZJ017243,0.2084,0.0692,0.1002,0.01648,0.02486,0.01124,0.5327,0.03726
ZJ017244,0.146,0.0525,0.3228,0.02286,0.06186,0.2595,0.1007,0.03394
ZJ017245,0.2175,0.03238,0.3179,0.0929,0.03513,0.02222,0.02016,0.262
ZJ017246,0.0934,0.0603,0.1538,0.007507,0.001932,0.08246,0.542,0.0587
ZJ017247,0.2106,0.1659,0.1848,0.08545,0.0859,0.05743,0.1322,0.078
ZJ017248,0.12195,0.00881,0.3062,0.0849,0.00809,0.09576,0.0118,0.3625
ZJ017249,0.2034,0.00792,0.01811,0.02019,0.6665,0.02803,0.00895,0.04678
ZJ017250,0.3408,0.07605,0.3154,0.06244,0.01371,0.03256,0.03668,0.12225
ZJ017251,0.1515,0.1938,0.04147,0.01317,0.04004,0.01587,0.5073,0.03677
ZJ017252,0.3193,0.1134,0.073,0.05487,0.04593,0.01707,0.2034,0.1731
ZJ017253,0.07227,0.0594,0.2979,0.01372,0.0121,0.2063,0.2834,0.05487
ZJ017254,0.2191,0.008194,0.07794,0.01582,0.3772,0.1599,0.01913,0.12244
ZJ017255,0.1447,0.1092,0.1698,0.03864,0.129,0.0522,0.2778,0.07874
ZJ017256,0.1581,0.1282,0.2131,0.0178,0.03525,0.0963,0.3171,0.0342
ZJ017257,0.03186,0.0401,0.1266,0.011444,0.0708,0.666,0.0347,0.01852
ZJ017258,0.2444,0.0775,0.332,0.01262,0.0229,0.05136,0.2426,0.01662
ZJ017259,0.1523,0.01962,0.1732,0.1648,0.03387,0.01163,0.00474,0.44
ZJ017260,0.2822,0.174,0.254,0.069,0.0721,0.014084,0.0834,0.05142
ZJ017261,0.295,0.154,0.0924,0.03528,0.06433,0.02939,0.2139,0.11584
ZJ017262,0.1748,0.1786,0.0788,0.0551,0.07275,0.00926,0.3152,0.1154
ZJ017263,0.02637,0.1129,0.07196,0.03452,0.008385,0.3398,0.365,0.04108
ZJ017264,0.352,0.4148,0.02492,0.011894,0.0495,0.00802,0.10614,0.03268
ZJ017265,0.159,0.1792,0.3916,0.01037,0.00513,0.02129,0.0573,0.1759
ZJ017266,0.1786,0.006092,0.08093,0.015,0.3843,0.2057,0.02632,0.10315
ZJ017267,0.03049,0.01607,0.0711,0.03372,0.01659,0.79,0.02673,0.01534
ZJ017268,0.3313,0.0273,0.0837,0.1056,0.3372,0.0699,0.012344,0.0327
ZJ017269,0.1211,0.004696,0.1138,0.1257,0.2886,0.02219,0.00443,0.3196
ZJ017270,0.3945,0.08136,0.2275,0.0653,0.05566,0.05313,0.05347,0.0689
ZJ017271,0.3594,0.3992,0.0403,0.004135,0.02808,0.00572,0.007374,0.1559
ZJ017272,0.3489,0.00765,0.1434,0.1063,0.1376,0.05768,0.014626,0.1837
ZJ017273,0.3486,0.07294,0.1006,0.01038,0.0463,0.08014,0.3005,0.0406
ZJ017274,0.1638,0.1898,0.1995,0.00779,0.04007,0.0481,0.1086,0.2424
ZJ017275,0.3132,0.05313,0.1365,0.010765,0.2054,0.07434,0.185,0.02136
ZJ017276,0.008,0.0105,0.01471,0.004555,0.0079,0.9385,0.01126,0.005295
ZJ017277,0.0849,0.0585,0.388,0.2307,0.04123,0.0417,0.01791,0.137
ZJ017278,0.1553,0.01191,0.087,0.4976,0.0456,0.03918,0.01052,0.153
ZJ017279,0.2406,0.04272,0.48,0.00835,0.01543,0.06036,0.0904,0.0622
ZJ017280,0.08307,0.005524,0.608,0.05182,0.03452,0.04562,0.00689,0.1644
ZJ017281,0.1805,0.1826,0.0836,0.00297,0.0606,0.0361,0.4185,0.03516
ZJ017282,0.5425,0.06195,0.1549,0.001651,0.04965,0.011795,0.1447,0.03268
ZJ017283,0.10547,0.1051,0.2766,0.00758,0.05118,0.2725,0.166,0.01552
ZJ017284,0.0651,0.003044,0.505,0.0827,0.11896,0.10626,0.002798,0.11633
ZJ017285,0.1129,0.10925,0.3872,0.01304,0.02026,0.06744,0.0786,0.2113
ZJ017286,0.3442,0.02383,0.04785,0.003437,0.06088,0.01653,0.464,0.0391
ZJ017287,0.1735,0.12146,0.0965,0.00943,0.00948,0.01085,0.5117,0.06714
ZJ017288,0.88,0.01046,0.005604,0.001642,0.05923,0.001957,0.02286,0.01903
ZJ017289,0.268,0.1898,0.1967,0.0183,0.08966,0.0385,0.06064,0.1383
ZJ017290,0.2478,0.02206,0.0708,0.2336,0.2786,0.032,0.02257,0.09247
ZJ017291,0.0547,0.2063,0.1716,0.00958,0.04105,0.4146,0.0901,0.01241
ZJ017292,0.0464,0.003094,0.592,0.05933,0.04144,0.01747,0.00486,0.2356
ZJ017293,0.2554,0.07495,0.09467,0.1445,0.02238,0.01718,0.1278,0.263
ZJ017294,0.1589,0.0944,0.3242,0.00822,0.06415,0.2761,0.0517,0.02217
ZJ017295,0.5293,0.10583,0.148,0.007652,0.01304,0.015274,0.1295,0.05133
ZJ017296,0.00394,0.002369,0.01448,0.00462,0.00186,0.966,0.001396,0.005634
ZJ017297,0.04678,0.0923,0.256,0.01103,0.00926,0.476,0.086,0.02261
ZJ017298,0.07666,0.8306,0.00947,0.000871,0.02335,0.00228,0.04654,0.01039
ZJ017299,0.1493,0.3228,0.27,0.01137,0.01108,0.05402,0.1504,0.03104
ZJ017300,0.3555,0.1766,0.132,0.04996,0.02266,0.011,0.01619,0.2361
ZJ017301,0.1659,0.0899,0.3855,0.00823,0.03214,0.1824,0.1224,0.01347
ZJ017302,0.0573,0.2478,0.08215,0.01773,0.02673,0.02396,0.5166,0.02739
ZJ017303,0.1213,0.0477,0.2651,0.013084,0.01226,0.1465,0.3708,0.0232
ZJ017304,0.068,0.05048,0.09546,0.0826,0.03467,0.5947,0.0376,0.03653
ZJ017305,0.2688,0.185,0.2957,0.00744,0.02592,0.008026,0.1464,0.0626
ZJ017306,0.2322,0.1078,0.11444,0.1043,0.07886,0.01814,0.02522,0.319
ZJ017307,0.1351,0.06046,0.3823,0.01503,0.09875,0.10205,0.1467,0.05948
ZJ017308,0.05948,0.006077,0.2834,0.1455,0.1506,0.02957,0.00326,0.322
ZJ017309,0.4106,0.1205,0.08875,0.02763,0.08765,0.02544,0.09894,0.1406
ZJ017310,0.07153,0.0691,0.5264,0.00666,0.05597,0.1361,0.0988,0.03558
ZJ017311,0.07965,0.00759,0.4055,0.1603,0.02994,0.06128,0.00657,0.2493
ZJ017312,0.1736,0.0663,0.06714,0.128,0.07837,0.00923,0.00945,0.468
ZJ017313,0.05875,0.01866,0.06415,0.002708,0.004795,0.01238,0.8296,0.008835
ZJ017314,0.208,0.1672,0.1844,0.02435,0.0906,0.07935,0.2194,0.02658
ZJ017315,0.11993,0.0384,0.09357,0.0079,0.354,0.1829,0.1718,0.03152
ZJ017316,0.433,0.09174,0.08875,0.05142,0.04608,0.011986,0.119,0.1576
ZJ017317,0.1329,0.1214,0.1188,0.0435,0.01286,0.01804,0.00961,0.543
ZJ017318,0.05365,0.011894,0.0726,0.003582,0.0019,0.01555,0.8154,0.02492
ZJ017319,0.03613,0.06,0.08374,0.0683,0.004967,0.5586,0.1655,0.02286
ZJ017320,0.1566,0.09564,0.3706,0.04617,0.01884,0.01619,0.02217,0.2737
ZJ017321,0.0951,0.03903,0.02461,0.00523,0.1285,0.0962,0.587,0.0242
ZJ017322,0.2993,0.0392,0.148,0.00604,0.01312,0.03726,0.418,0.03928
ZJ017323,0.01918,0.07935,0.08496,0.00862,0.02249,0.736,0.03427,0.015274
ZJ017324,0.002525,0.01111,0.0216,0.002886,0.001877,0.9478,0.00639,0.005886
ZJ017325,0.09515,0.01289,0.03427,0.01607,0.7065,0.0786,0.01396,0.04236
ZJ017326,0.0968,0.07965,0.01875,0.004154,0.5073,0.0243,0.2612,0.007965
ZJ017327,0.0585,0.095,0.1781,0.006275,0.0312,0.4922,0.12225,0.01636
ZJ017328,0.2416,0.11316,0.3416,0.01283,0.02768,0.05356,0.1606,0.04892
ZJ017329,0.1127,0.00654,0.1284,0.3564,0.112,0.01451,0.003693,0.2659
ZJ017330,0.1582,0.008064,0.12286,0.3247,0.04776,0.06097,0.00926,0.2683
ZJ017331,0.0009294,0.003468,0.001887,0.001889,0.001,0.9873,0.002722,0.0008116
ZJ017332,0.1536,0.434,0.1996,0.01704,0.02032,0.0346,0.0826,0.0581
ZJ017333,0.336,0.1298,0.1838,0.01678,0.02795,0.03125,0.2559,0.01866
ZJ017334,0.04672,0.01723,0.07654,0.02585,0.04514,0.744,0.02007,0.0243
ZJ017335,0.1707,0.125,0.10236,0.03342,0.10236,0.02573,0.314,0.1266
ZJ017336,0.2028,0.2142,0.1045,0.0728,0.03323,0.009834,0.08734,0.2754
ZJ017337,0.05273,0.14,0.1727,0.0327,0.010025,0.2903,0.2512,0.0503
ZJ017338,0.1449,0.1185,0.2896,0.00956,0.0638,0.07587,0.2725,0.02531
ZJ017339,0.2703,0.1224,0.0832,0.0791,0.0888,0.04694,0.07996,0.2292
ZJ017340,0.1428,0.614,0.04535,0.0488,0.038,0.00884,0.05478,0.04764
ZJ017341,0.0392,0.00576,0.6133,0.088,0.0638,0.0935,0.00462,0.0917
ZJ017342,0.0441,0.08966,0.1439,0.04724,0.02498,0.2043,0.1997,0.2458
ZJ017343,0.02089,0.003014,0.00741,0.003565,0.002436,0.00804,0.9507,0.004143
ZJ017344,0.0749,0.662,0.0843,0.003845,0.0187,0.03635,0.01936,0.10046
ZJ017345,0.1392,0.1742,0.1144,0.03592,0.02847,0.01286,0.4485,0.04657
ZJ017346,0.05096,0.0987,0.04773,0.01622,0.2018,0.4888,0.0864,0.00959
ZJ017347,0.346,0.1327,0.1826,0.01497,0.02531,0.1207,0.125,0.0528
ZJ017348,0.348,0.1239,0.1316,0.013084,0.03476,0.04913,0.2292,0.0703
ZJ017349,0.02429,0.01457,0.04288,0.01767,0.02628,0.8174,0.0343,0.0231
ZJ017350,0.21,0.0955,0.403,0.00641,0.02124,0.02101,0.1743,0.0683
ZJ017351,0.0713,0.005165,0.07855,0.626,0.04016,0.04242,0.00928,0.1273
ZJ017352,0.1505,0.0352,0.1724,0.176,0.0884,0.04477,0.00472,0.328
ZJ017353,0.4722,0.03833,0.09735,0.003448,0.142,0.04,0.1737,0.03262
ZJ017354,0.1615,0.02133,0.129,0.493,0.01982,0.02332,0.01021,0.1417
ZJ017355,0.111,0.00869,0.3555,0.2866,0.0659,0.0966,0.00809,0.0676
ZJ017356,0.4731,0.1613,0.09674,0.00887,0.07806,0.0304,0.0678,0.0837
ZJ017357,0.2122,0.1208,0.1024,0.0161,0.02621,0.0232,0.4648,0.0341
ZJ017358,0.00414,0.01241,0.0142,0.001782,0.005577,0.9463,0.0116,0.003956
ZJ017359,0.255,0.1024,0.2405,0.01881,0.03061,0.0264,0.2876,0.03885
ZJ017360,0.12335,0.7266,0.03488,0.003595,0.00856,0.0087,0.006542,0.08777
ZJ017361,0.1465,0.02701,0.518,0.05243,0.0356,0.044,0.01195,0.1643
ZJ017362,0.1787,0.1564,0.3777,0.00587,0.02303,0.1124,0.124,0.02184
ZJ017363,0.0863,0.0476,0.05658,0.03543,0.03964,0.5674,0.1003,0.067
ZJ017364,0.3762,0.03918,0.1927,0.03,0.0653,0.01226,0.00834,0.2761
ZJ017365,0.3833,0.1201,0.1401,0.0361,0.03047,0.084,0.1935,0.01247
ZJ017366,0.1173,0.0951,0.1781,0.01188,0.006187,0.238,0.331,0.02232
ZJ017367,0.1012,0.012115,0.1284,0.523,0.02664,0.02315,0.007835,0.1776
ZJ017368,0.0196,0.005924,0.02661,0.501,0.005856,0.4219,0.00595,0.013405
ZJ017369,0.02373,0.06494,0.0836,0.01454,0.0311,0.737,0.01788,0.02759
ZJ017370,0.1438,0.12384,0.2715,0.01152,0.02829,0.1256,0.2262,0.06934
ZJ017371,0.1453,0.09106,0.1375,0.0115,0.008446,0.007164,0.5693,0.02974
ZJ017372,0.08356,0.03525,0.0715,0.04834,0.013084,0.292,0.4219,0.03464
ZJ017373,0.1118,0.011734,0.2764,0.3916,0.04675,0.05362,0.0102,0.098
ZJ017374,0.249,0.0543,0.03366,0.02223,0.04333,0.02068,0.556,0.02065
ZJ017375,0.0323,0.01784,0.08167,0.02028,0.0174,0.815,0.00759,0.00796
ZJ017376,0.3074,0.05756,0.2012,0.0236,0.03497,0.1229,0.188,0.0644
ZJ017377,0.457,0.06146,0.2754,0.014145,0.02122,0.01616,0.05206,0.10266
ZJ017378,0.09515,0.5195,0.09973,0.03824,0.02031,0.03818,0.1558,0.03293
ZJ017379,0.0793,0.011475,0.0171,0.01304,0.0202,0.02045,0.824,0.01418
ZJ017380,0.2556,0.04208,0.2842,0.05264,0.01536,0.03265,0.0316,0.286
ZJ017381,0.2764,0.1328,0.0668,0.0791,0.05792,0.01338,0.1311,0.2426
ZJ017382,0.06113,0.004234,0.06464,0.7163,0.02223,0.012924,0.003975,0.11475
ZJ017383,0.175,0.003845,0.342,0.04904,0.01761,0.0173,0.00978,0.3853
ZJ017384,0.322,0.4446,0.03146,0.006172,0.02731,0.00597,0.01424,0.1481
ZJ017385,0.2448,0.2207,0.1871,0.00913,0.015335,0.046,0.2402,0.03693
ZJ017386,0.2917,0.11816,0.06464,0.0507,0.04388,0.013084,0.2097,0.2083
ZJ017387,0.10486,0.0817,0.0712,0.0785,0.0223,0.127,0.4773,0.03723
ZJ017388,0.09625,0.1707,0.2651,0.01546,0.0834,0.1107,0.2035,0.05475
ZJ017389,0.1107,0.1076,0.1927,0.01414,0.0933,0.08105,0.2986,0.10187
ZJ017390,0.119,0.1842,0.136,0.01255,0.02505,0.374,0.1296,0.01953
ZJ017391,0.3303,0.1261,0.0717,0.03708,0.04794,0.01634,0.2166,0.1539
ZJ017392,0.08246,0.00624,0.4324,0.0319,0.00423,0.00968,0.004898,0.4282
ZJ017393,0.000989,0.001252,0.001112,0.000561,0.001288,0.9893,0.00477,0.00084
ZJ017394,0.1342,0.1484,0.2754,0.013535,0.01836,0.0475,0.1804,0.1823
ZJ017395,0.04953,0.04648,0.05353,0.0644,0.0215,0.7134,0.0322,0.01892
ZJ017396,0.11395,0.00707,0.1115,0.5366,0.0357,0.026,0.01875,0.1503
ZJ017397,0.08105,0.0775,0.05243,0.01504,0.01657,0.0178,0.729,0.01084
ZJ017398,0.527,0.05063,0.05292,0.03,0.1277,0.014114,0.128,0.0697
ZJ017399,0.3801,0.1421,0.04987,0.00986,0.125,0.01355,0.2484,0.03105
ZJ017400,0.1663,0.02466,0.2783,0.08185,0.0381,0.2012,0.01466,0.195
ZJ017401,0.09357,0.1644,0.3018,0.01744,0.01598,0.2483,0.1255,0.03302
ZJ017402,0.2262,0.074,0.1533,0.0477,0.0628,0.04465,0.3206,0.0707
ZJ017403,0.6045,0.04236,0.0449,0.01126,0.1414,0.03047,0.116,0.00948
ZJ017404,0.2161,0.2181,0.08093,0.0629,0.08356,0.011734,0.1976,0.129
ZJ017405,0.1726,0.0589,0.1443,0.0289,0.02019,0.05673,0.479,0.03943
ZJ017406,0.2458,0.1725,0.262,0.01146,0.03177,0.01823,0.05096,0.2073
ZJ017407,0.0501,0.0179,0.10657,0.703,0.01991,0.06647,0.0078,0.0281
ZJ017408,0.10974,0.3826,0.0711,0.01294,0.06097,0.02766,0.306,0.029
ZJ017409,0.1748,0.00893,0.2037,0.1349,0.02434,0.2888,0.04507,0.1195
ZJ017410,0.09656,0.3765,0.1499,0.02658,0.02237,0.0583,0.2445,0.02498
ZJ017411,0.8467,0.01002,0.005398,0.01542,0.06113,0.002604,0.01061,0.0478
ZJ017412,0.47,0.07184,0.254,0.02254,0.05258,0.02615,0.0247,0.07825
ZJ017413,0.4214,0.121,0.1448,0.02621,0.03244,0.0655,0.1775,0.010994
ZJ017414,0.2832,0.01897,0.06866,0.1968,0.2301,0.064,0.01744,0.121
ZJ017415,0.286,0.1354,0.1676,0.07166,0.08356,0.0751,0.11456,0.0664
ZJ017416,0.06824,0.00797,0.05804,0.7446,0.015175,0.03293,0.01955,0.05316
ZJ017417,0.1337,0.0327,0.362,0.01394,0.01944,0.2217,0.2039,0.01257
ZJ017418,0.3489,0.112,0.113,0.0686,0.1315,0.04465,0.0851,0.0962
ZJ017419,0.3665,0.1757,0.08673,0.04364,0.05646,0.01131,0.1348,0.1249
ZJ017420,0.2588,0.119,0.07227,0.0696,0.06635,0.015366,0.1583,0.2402
ZJ017421,0.489,0.0197,0.02333,0.0624,0.34,0.02803,0.01166,0.02585
ZJ017422,0.526,0.0523,0.1772,0.0529,0.06476,0.01881,0.01127,0.097
ZJ017423,0.3425,0.011696,0.0939,0.1166,0.0703,0.04266,0.03625,0.2861
ZJ017424,0.0903,0.02234,0.5303,0.0755,0.0567,0.02283,0.01261,0.1896
ZJ017425,0.0363,0.05338,0.07104,0.04965,0.02258,0.713,0.02763,0.02628
ZJ017426,0.1969,0.08466,0.1564,0.00934,0.010895,0.01898,0.3538,0.169
ZJ017427,0.09094,0.1489,0.0656,0.010956,0.00776,0.01146,0.6235,0.041
ZJ017428,0.09406,0.08655,0.4797,0.01221,0.03168,0.12177,0.1327,0.04163
ZJ017429,0.427,0.0323,0.3762,0.007324,0.01289,0.02652,0.04025,0.0776
ZJ017430,0.3613,0.09845,0.0798,0.00963,0.02791,0.02362,0.3025,0.09705
ZJ017431,0.0835,0.3022,0.2761,0.01542,0.01619,0.162,0.1242,0.0203
ZJ017432,0.1107,0.11084,0.31,0.02652,0.01226,0.01485,0.02098,0.3936
ZJ017433,0.157,0.01964,0.02715,0.015335,0.0313,0.046,0.697,0.007088
ZJ017434,0.1781,0.098,0.07043,0.04425,0.03308,0.08636,0.4546,0.03513
ZJ017435,0.1037,0.014175,0.116,0.57,0.03232,0.0638,0.01418,0.086
ZJ017436,0.0595,0.008934,0.2676,0.0749,0.02592,0.003763,0.003048,0.5566
ZJ017437,0.8193,0.01134,0.007904,0.002548,0.10175,0.002413,0.03056,0.0237
ZJ017438,0.0845,0.003574,0.2019,0.4343,0.0412,0.01904,0.002272,0.2131
ZJ017439,0.1417,0.0813,0.1892,0.0408,0.03003,0.1382,0.3022,0.07635
ZJ017440,0.3945,0.05347,0.145,0.006023,0.01758,0.01286,0.3525,0.01797
ZJ017441,0.2734,0.10095,0.2932,0.0234,0.01979,0.1,0.1774,0.01188
ZJ017442,0.003605,0.010635,0.02028,0.0018635,0.004498,0.9478,0.002876,0.008255
ZJ017443,0.1409,0.10126,0.356,0.004204,0.002026,0.01344,0.0935,0.2888
ZJ017444,0.0511,0.04028,0.2445,0.02048,0.0197,0.551,0.0523,0.02061
ZJ017445,0.1993,0.0201,0.1595,0.3206,0.02994,0.0986,0.012474,0.1595
ZJ017446,0.10077,0.12146,0.1897,0.02107,0.01162,0.0477,0.1841,0.3235
ZJ017447,0.1334,0.2351,0.3257,0.012314,0.02072,0.0209,0.2024,0.04947
ZJ017448,0.0831,0.003819,0.561,0.05698,0.01343,0.02083,0.004704,0.256
ZJ017449,0.0749,0.03384,0.2732,0.008484,0.005146,0.1545,0.4282,0.02153
ZJ017450,0.4253,0.1406,0.02135,0.04706,0.14,0.02127,0.1559,0.04837
ZJ017451,0.2727,0.1722,0.3052,0.014854,0.02368,0.0432,0.1037,0.06445
ZJ017452,0.0724,0.00537,0.4067,0.0741,0.00697,0.02592,0.008675,0.4
ZJ017453,0.2008,0.0921,0.3855,0.01602,0.04025,0.04123,0.1061,0.11816
ZJ017454,0.691,0.008606,0.02914,0.003208,0.05316,0.00423,0.1965,0.014206
ZJ017455,0.2253,0.06665,0.0953,0.01607,0.1525,0.1263,0.1978,0.1201
ZJ017456,0.1053,0.01171,0.3118,0.2883,0.03458,0.06366,0.02744,0.1571
ZJ017457,0.00505,0.04663,0.0216,0.003208,0.00852,0.8857,0.02257,0.00669
ZJ017458,0.2133,0.0809,0.08813,0.07446,0.0642,0.02087,0.2856,0.1727
ZJ017459,0.3296,0.192,0.2434,0.02454,0.02264,0.02519,0.1351,0.02756
ZJ017460,0.08167,0.00859,0.1647,0.168,0.00893,0.01058,0.00314,0.5547
ZJ017461,0.3132,0.0537,0.4243,0.00528,0.01021,0.02185,0.04858,0.12317
ZJ017462,0.001396,0.001965,0.005177,0.01232,0.00064,0.9756,0.000993,0.001589
ZJ017463,0.05258,0.0669,0.06476,0.03745,0.0145,0.0812,0.5747,0.1078
ZJ017464,0.5405,0.0708,0.09424,0.03244,0.06586,0.0206,0.09015,0.0852
ZJ017465,0.02556,0.918,0.01104,0.001987,0.00611,0.00318,0.02242,0.01188
ZJ017466,0.2944,0.03488,0.2289,0.06186,0.06046,0.03032,0.005863,0.2834
ZJ017467,0.0861,0.004654,0.7124,0.0523,0.0182,0.002811,0.00379,0.1196
ZJ017468,0.01369,0.01967,0.03394,0.01109,0.012474,0.889,0.00971,0.0102
ZJ017469,0.352,0.0382,0.0999,0.1261,0.2708,0.03235,0.01294,0.06757
ZJ017470,0.0973,0.2043,0.356,0.01762,0.02225,0.09283,0.1266,0.0832
ZJ017471,0.2229,0.01195,0.344,0.0507,0.02621,0.012856,0.01031,0.3213
ZJ017472,0.189,0.1087,0.2483,0.01365,0.0629,0.1643,0.19,0.02313
ZJ017473,0.07635,0.1081,0.1858,0.02646,0.01851,0.3147,0.1925,0.07764
ZJ017474,0.0927,0.4617,0.03384,0.01965,0.0634,0.092,0.1997,0.03708
ZJ017475,0.566,0.1315,0.01604,0.0201,0.0996,0.0621,0.0797,0.02519
ZJ017476,0.05182,0.005745,0.00756,0.001361,0.01187,0.01784,0.892,0.01115
ZJ017477,0.1383,0.00642,0.357,0.1936,0.03992,0.09186,0.00899,0.1638
ZJ017478,0.06094,0.3557,0.1499,0.003483,0.11584,0.2015,0.08435,0.0284
ZJ017479,0.0725,0.532,0.1257,0.01439,0.02783,0.07965,0.1078,0.0395
ZJ017480,0.07324,0.11456,0.01162,0.010284,0.04065,0.01749,0.7217,0.01065
ZJ017481,0.274,0.11444,0.2195,0.04926,0.02933,0.1469,0.1483,0.01854
ZJ017482,0.1766,0.0484,0.3853,0.02722,0.04404,0.1698,0.1207,0.02805
ZJ017483,0.2162,0.03647,0.06335,0.002579,0.0648,0.03128,0.544,0.04108
ZJ017484,0.00873,0.0752,0.0376,0.003044,0.01125,0.831,0.02452,0.008675
ZJ017485,0.0736,0.3809,0.0883,0.02126,0.0348,0.01805,0.3328,0.05045
ZJ017486,0.4968,0.06647,0.08984,0.03424,0.1149,0.02362,0.04645,0.1273
ZJ017487,0.4888,0.03497,0.09503,0.08136,0.1891,0.02707,0.02585,0.058
ZJ017488,0.791,0.01274,0.0198,0.01575,0.1044,0.00407,0.0398,0.01223
ZJ017489,0.2058,0.148,0.3223,0.02089,0.0221,0.08685,0.04437,0.1497
ZJ017490,0.1532,0.01125,0.1626,0.4265,0.0286,0.02464,0.008766,0.1841
ZJ017491,0.3455,0.09326,0.0617,0.0701,0.06094,0.0157,0.0988,0.254
ZJ017492,0.2258,0.2166,0.2463,0.03403,0.01506,0.0698,0.1754,0.01701
ZJ017493,0.4446,0.1212,0.03198,0.0551,0.0716,0.005127,0.08655,0.1837
ZJ017494,0.1724,0.1151,0.2314,0.01227,0.00847,0.103,0.3152,0.04196
ZJ017495,0.1547,0.3298,0.2445,0.009544,0.07837,0.06903,0.0788,0.0352
ZJ017496,0.2291,0.1259,0.0874,0.05328,0.04434,0.06696,0.31,0.083
ZJ017497,0.0646,0.3652,0.1466,0.01308,0.03333,0.1212,0.2161,0.03973
ZJ017498,0.3386,0.1209,0.1786,0.01704,0.0658,0.08777,0.1282,0.0631
ZJ017499,0.2764,0.2224,0.07263,0.04013,0.02791,0.01041,0.161,0.1892
ZJ017500,0.1646,0.01816,0.1428,0.4526,0.0345,0.03406,0.012955,0.1404
ZJ017501,0.3145,0.02087,0.0887,0.006874,0.0572,0.02002,0.4695,0.0223
ZJ017502,0.1934,0.0321,0.02048,0.02994,0.07385,0.008415,0.53,0.1122
ZJ017503,0.2006,0.2029,0.2025,0.03079,0.02184,0.03726,0.1073,0.1968
ZJ017504,0.06915,0.01701,0.03522,0.004845,0.009514,0.0641,0.7944,0.005928
ZJ017505,0.1781,0.0459,0.537,0.0142,0.02888,0.0649,0.1198,0.01134
ZJ017506,0.478,0.03217,0.0644,0.10925,0.2302,0.01682,0.01465,0.0542
ZJ017507,0.3376,0.1719,0.2625,0.0269,0.03638,0.03143,0.0687,0.0648
ZJ017508,0.117,0.007362,0.2854,0.3574,0.05072,0.1011,0.01168,0.06934
ZJ017509,0.01147,0.003689,0.0192,0.1344,0.002886,0.8096,0.005768,0.013084
ZJ017510,0.1912,0.1478,0.2184,0.0251,0.02422,0.05484,0.302,0.03656
ZJ017511,0.1932,0.1643,0.0774,0.006752,0.2242,0.0393,0.2837,0.011215
ZJ017512,0.09753,0.01003,0.005123,0.011795,0.04684,0.0048,0.796,0.02788
ZJ017513,0.00803,0.013504,0.01913,0.0024,0.002357,0.936,0.01168,0.006847
ZJ017514,0.059,0.1428,0.2166,0.0293,0.02998,0.1539,0.2654,0.1029
ZJ017515,0.341,0.159,0.07184,0.037,0.05606,0.0237,0.1796,0.1317
ZJ017516,0.0675,0.00918,0.1761,0.1348,0.2308,0.05084,0.003479,0.3274
ZJ017517,0.05264,0.03412,0.0583,0.003536,0.1255,0.04364,0.677,0.005524
ZJ017518,0.1682,0.04803,0.154,0.012474,0.01176,0.078,0.4712,0.0565
ZJ017519,0.1495,0.02057,0.01059,0.004982,0.0179,0.00857,0.775,0.01286
ZJ017520,0.3433,0.0852,0.1831,0.1305,0.02412,0.04547,0.02603,0.1622
ZJ017521,0.1185,0.008934,0.2122,0.4563,0.0538,0.05753,0.01068,0.0821
ZJ017522,0.1203,0.05658,0.1763,0.01459,0.00803,0.10486,0.4946,0.02472
ZJ017523,0.1744,0.00463,0.06757,0.501,0.04202,0.03485,0.007355,0.1685
ZJ017524,0.277,0.11053,0.323,0.00799,0.02196,0.0472,0.199,0.01328
ZJ017525,0.1873,0.0652,0.04208,0.02272,0.04965,0.01746,0.6,0.0154
ZJ017526,0.2686,0.0605,0.3306,0.00771,0.02275,0.04245,0.2542,0.01335
ZJ017527,0.08,0.712,0.01344,0.004078,0.09216,0.01138,0.0776,0.009605
ZJ017528,0.19,0.05536,0.1514,0.01316,0.0358,0.0367,0.5107,0.00708
ZJ017529,0.1307,0.0633,0.1455,0.02124,0.01596,0.0919,0.51,0.02158
ZJ017530,0.725,0.006683,0.01749,0.0083,0.1771,0.00828,0.00984,0.04733
ZJ017531,0.006783,0.01041,0.0461,0.007294,0.02087,0.8696,0.0059,0.03275
ZJ017532,0.2465,0.06836,0.1448,0.02144,0.0823,0.0783,0.3413,0.01682
ZJ017533,0.1815,0.1891,0.2291,0.04276,0.03323,0.06824,0.1229,0.133
ZJ017534,0.2073,0.116,0.4253,0.02002,0.01765,0.0461,0.1244,0.04285
ZJ017535,0.03516,0.745,0.0633,0.01136,0.01219,0.03464,0.0808,0.01726
ZJ017536,0.4856,0.04306,0.3103,0.02344,0.015396,0.01964,0.05682,0.04575
ZJ017537,0.0862,0.00831,0.3264,0.1002,0.005043,0.01205,0.01051,0.4512
ZJ017538,0.2837,0.1237,0.0892,0.06305,0.0722,0.02275,0.1882,0.1571
ZJ017539,0.10657,0.1631,0.2268,0.02097,0.08765,0.087,0.2214,0.0863
ZJ017540,0.151,0.05255,0.57,0.007458,0.02579,0.10675,0.06537,0.02118
ZJ017541,0.4536,0.0692,0.2937,0.014404,0.01924,0.01869,0.01683,0.11444
ZJ017542,0.1146,0.1299,0.1727,0.00771,0.1617,0.1857,0.2195,0.00824
ZJ017543,0.4048,0.1127,0.07495,0.05035,0.04553,0.01018,0.146,0.1559
ZJ017544,0.5195,0.05206,0.0992,0.00498,0.153,0.04553,0.0897,0.03592
ZJ017545,0.1624,0.3228,0.1298,0.03815,0.01955,0.05487,0.2396,0.0329
ZJ017546,0.1412,0.02292,0.4917,0.04367,0.08765,0.0264,0.01393,0.1722
ZJ017547,0.10675,0.04312,0.06226,0.00872,0.0057,0.01048,0.749,0.01378
ZJ017548,0.3386,0.0864,0.3154,0.1,0.0605,0.01406,0.03275,0.0523
ZJ017549,0.01753,0.010216,0.0543,0.0042,0.00657,0.8813,0.01733,0.00875
ZJ017550,0.11017,0.01284,0.33,0.1981,0.1621,0.02179,0.01747,0.1475
ZJ017551,0.2019,0.1047,0.5244,0.01793,0.0106,0.0234,0.04572,0.0712
ZJ017552,0.0882,0.05087,0.01212,0.00245,0.08075,0.003677,0.7417,0.02007
ZJ017553,0.1421,0.088,0.2761,0.0398,0.05768,0.1248,0.06824,0.2034
ZJ017554,0.2086,0.2281,0.1273,0.0567,0.02657,0.01384,0.01256,0.3267
ZJ017555,0.2563,0.10724,0.3984,0.004375,0.0156,0.0405,0.132,0.04553
ZJ017556,0.02322,0.01773,0.0442,0.01426,0.01974,0.8413,0.01852,0.02115
ZJ017557,0.2886,0.0245,0.155,0.10315,0.02847,0.1759,0.0721,0.1523
ZJ017558,0.0925,0.02832,0.0421,0.02744,0.03244,0.03012,0.6665,0.0803
ZJ017559,0.0844,0.01018,0.2449,0.2295,0.0748,0.2732,0.00925,0.0737
ZJ017560,0.0712,0.0904,0.06384,0.01825,0.0364,0.04456,0.615,0.06024
ZJ017561,0.2822,0.02473,0.09235,0.1699,0.2903,0.03986,0.01804,0.08264
ZJ017562,0.1311,0.00945,0.1383,0.507,0.0378,0.03784,0.009514,0.129
ZJ017563,0.02428,0.01454,0.04492,0.01369,0.01265,0.8486,0.03146,0.0104
ZJ017564,0.3184,0.1267,0.2244,0.01898,0.0704,0.04257,0.05377,0.1448
ZJ017565,0.0993,0.00608,0.5415,0.04443,0.00879,0.01316,0.0062,0.2805
ZJ017566,0.07794,0.02455,0.1034,0.665,0.0161,0.04968,0.012596,0.05087
ZJ017567,0.001423,0.004173,0.00572,0.00191,0.001982,0.978,0.004883,0.001274
ZJ017568,0.1083,0.08514,0.0584,0.00764,0.01611,0.009796,0.6855,0.02913
ZJ017569,0.4858,0.02832,0.10754,0.09674,0.1758,0.03912,0.02052,0.0461
ZJ017570,0.0211,0.01198,0.0695,0.010185,0.0129,0.8423,0.02118,0.01077
ZJ017571,0.2756,0.03278,0.0521,0.002632,0.07806,0.03378,0.5015,0.02362
ZJ017572,0.2341,0.04297,0.10315,0.3113,0.1808,0.03784,0.02026,0.06964
ZJ017573,0.179,0.0634,0.3306,0.005497,0.012924,0.097,0.2893,0.02232
ZJ017574,0.03717,0.858,0.0132,0.002234,0.00806,0.003727,0.05444,0.02336
ZJ017575,0.10535,0.1384,0.07635,0.006905,0.4707,0.026,0.1559,0.02032
ZJ017576,0.089,0.01284,0.2014,0.2957,0.2732,0.0781,0.003643,0.04605
ZJ017577,0.1887,0.0515,0.0364,0.01749,0.0523,0.01068,0.6074,0.03558
ZJ017578,0.0881,0.03113,0.02032,0.03317,0.01555,0.09644,0.7056,0.009895
ZJ017579,0.1284,0.2898,0.3125,0.0188,0.02962,0.0702,0.1125,0.03806
ZJ017580,0.2262,0.1553,0.2769,0.01259,0.02666,0.06647,0.1677,0.06824
ZJ017581,0.3037,0.09656,0.04373,0.05206,0.0342,0.011406,0.297,0.1613
ZJ017582,0.0515,0.0485,0.0917,0.1019,0.02864,0.5435,0.07666,0.05753
ZJ017583,0.0722,0.06207,0.6514,0.00586,0.007935,0.01238,0.0811,0.10724
ZJ017584,0.11536,0.04956,0.0572,0.0417,0.06885,0.0669,0.521,0.07965
ZJ017585,0.0761,0.014725,0.00997,0.02478,0.09894,0.004562,0.7407,0.0304
ZJ017586,0.1467,0.5474,0.127,0.006844,0.0128,0.01721,0.05646,0.0855
ZJ017587,0.5464,0.06207,0.073,0.03815,0.0876,0.03091,0.08014,0.082
ZJ017588,0.1456,0.0653,0.02939,0.01055,0.02226,0.03958,0.586,0.1012
ZJ017589,0.1508,0.2644,0.1589,0.0273,0.01918,0.01536,0.1384,0.2258
ZJ017590,0.2336,0.1447,0.2524,0.05927,0.01959,0.0191,0.08136,0.19
ZJ017591,0.04697,0.01251,0.249,0.02776,0.2493,0.13,0.00985,0.2747
ZJ017592,0.2415,0.254,0.1655,0.0776,0.098,0.02165,0.06805,0.07385
ZJ017593,0.04678,0.07715,0.094,0.01631,0.04025,0.622,0.0844,0.01895
ZJ017594,0.2053,0.1792,0.225,0.05362,0.05038,0.0646,0.1461,0.07587
ZJ017595,0.09485,0.092,0.591,0.01059,0.0141,0.0496,0.089,0.05917
ZJ017596,0.02939,0.01944,0.06232,0.02203,0.01678,0.814,0.02388,0.01197
ZJ017597,0.1676,0.1909,0.2744,0.004745,0.00968,0.0442,0.2351,0.0731
ZJ017598,0.11456,0.07794,0.1576,0.05646,0.03452,0.4348,0.0866,0.03745
ZJ017599,0.00543,0.00633,0.01793,0.01073,0.014565,0.9287,0.006584,0.00909
ZJ017600,0.1613,0.1794,0.07996,0.0966,0.04172,0.01604,0.1658,0.2593
ZJ017601,0.3975,0.1034,0.2795,0.02458,0.07495,0.007587,0.0556,0.0568
ZJ017602,0.1736,0.2106,0.05487,0.02641,0.08026,0.02435,0.3918,0.03818
ZJ017603,0.07104,0.06287,0.5645,0.00944,0.04114,0.139,0.0785,0.0339
ZJ017604,0.1263,0.1259,0.2164,0.00895,0.2458,0.0784,0.1791,0.01929
ZJ017605,0.08997,0.1245,0.05313,0.011154,0.01388,0.03528,0.5435,0.1284
ZJ017606,0.05338,0.08276,0.1465,0.02304,0.01686,0.5244,0.11145,0.0417
ZJ017607,0.44,0.02289,0.1917,0.04193,0.04977,0.01373,0.00818,0.232
ZJ017608,0.0996,0.695,0.0444,0.006325,0.03023,0.005527,0.05487,0.0644
ZJ017609,0.05988,0.0767,0.3428,0.011185,0.01095,0.06366,0.1604,0.2744
ZJ017610,0.03076,0.05087,0.2507,0.02187,0.0903,0.2399,0.04352,0.2722
ZJ017611,0.117,0.007484,0.1909,0.05963,0.01202,0.0117,0.00253,0.5986
ZJ017612,0.2369,0.08154,0.1262,0.01639,0.1914,0.0804,0.2006,0.0665
ZJ017613,0.4524,0.08514,0.086,0.03876,0.173,0.02455,0.05704,0.0832
ZJ017614,0.4712,0.06903,0.0567,0.005505,0.2747,0.06186,0.04822,0.012794
ZJ017615,0.0891,0.1454,0.4038,0.011475,0.02054,0.05756,0.0417,0.2301
ZJ017616,0.06305,0.0453,0.01895,0.01143,0.05377,0.05573,0.7437,0.00817
ZJ017617,0.136,0.3877,0.0971,0.00796,0.08167,0.04117,0.198,0.05023
ZJ017618,0.1683,0.03494,0.0661,0.2883,0.267,0.06384,0.02266,0.08856
ZJ017619,0.11554,0.0101,0.0499,0.645,0.03072,0.01637,0.01133,0.1209
ZJ017620,0.0351,0.01257,0.008224,0.00848,0.012474,0.01814,0.9,0.005222
ZJ017621,0.2258,0.11145,0.127,0.025,0.02652,0.1406,0.2695,0.07404
ZJ017622,0.1313,0.2018,0.02344,0.01357,0.01051,0.03244,0.5493,0.03763
ZJ017623,0.2422,0.03912,0.1886,0.02534,0.1437,0.12286,0.2133,0.02505
ZJ017624,0.1857,0.0679,0.1287,0.03348,0.02534,0.11066,0.382,0.0662
ZJ017625,0.3198,0.06555,0.171,0.03293,0.03616,0.05185,0.289,0.03357
ZJ017626,0.1404,0.0757,0.048,0.1089,0.1056,0.014755,0.4224,0.0843
ZJ017627,0.1166,0.117,0.319,0.01698,0.06415,0.2131,0.093,0.0598
ZJ017628,0.0422,0.3716,0.1548,0.00988,0.1869,0.0726,0.11804,0.04422
ZJ017629,0.12177,0.009346,0.263,0.0814,0.01015,0.012184,0.004368,0.4976
ZJ017630,0.0555,0.00832,0.06305,0.01816,0.01576,0.02817,0.794,0.01686
ZJ017631,0.1279,0.00813,0.4817,0.1364,0.0594,0.0737,0.006203,0.10657
ZJ017632,0.0897,0.7417,0.0644,0.003098,0.00969,0.00879,0.02896,0.05365
ZJ017633,0.1627,0.02092,0.03117,0.004692,0.01097,0.00413,0.7456,0.01971
ZJ017634,0.3755,0.04907,0.0816,0.02966,0.02167,0.04086,0.333,0.06866
ZJ017635,0.01083,0.01941,0.02596,0.01034,0.002893,0.9077,0.01692,0.00616
ZJ017636,0.1164,0.01155,0.09235,0.5977,0.0347,0.0522,0.01639,0.0787
ZJ017637,0.5566,0.01984,0.05328,0.01296,0.0313,0.006542,0.2866,0.03296
ZJ017638,0.2166,0.3616,0.2,0.00593,0.02803,0.02357,0.1559,0.00814
ZJ017639,0.1846,0.02597,0.0664,0.001968,0.01753,0.01089,0.673,0.01994
ZJ017640,0.2517,0.10175,0.2537,0.0181,0.03333,0.1284,0.1903,0.02269
ZJ017641,0.251,0.4844,0.03595,0.01552,0.1091,0.01564,0.07056,0.01778
ZJ017642,0.1882,0.02608,0.1853,0.309,0.03836,0.033,0.01454,0.2054
ZJ017643,0.2803,0.0314,0.05283,0.3157,0.1242,0.0405,0.02121,0.1339
ZJ017644,0.3115,0.0218,0.06216,0.12366,0.3599,0.03506,0.01277,0.0733
ZJ017645,0.3564,0.1417,0.2546,0.0239,0.03375,0.04788,0.0447,0.0971
ZJ017646,0.1594,0.551,0.11584,0.003796,0.01488,0.02016,0.04834,0.087
ZJ017647,0.06085,0.02713,0.3616,0.02866,0.0455,0.1632,0.04712,0.2659
ZJ017648,0.2068,0.0321,0.11035,0.2229,0.1918,0.04803,0.02347,0.1647
ZJ017649,0.1908,0.009094,0.2119,0.1412,0.04077,0.03055,0.00878,0.367
ZJ017650,0.3562,0.12195,0.2262,0.011925,0.03345,0.05273,0.1335,0.0642
ZJ017651,0.10596,0.4695,0.125,0.014786,0.1124,0.08453,0.07117,0.01645
ZJ017652,0.3557,0.3254,0.05038,0.0231,0.086,0.02046,0.08356,0.05533
ZJ017653,0.1383,0.3054,0.1924,0.007347,0.03702,0.02974,0.2478,0.04193
ZJ017654,0.02798,0.02325,0.0708,0.0352,0.03525,0.7524,0.010956,0.04416
ZJ017655,0.0941,0.00519,0.2461,0.1311,0.02113,0.01756,0.004314,0.4805
ZJ017656,0.007233,0.01101,0.02763,0.00992,0.00457,0.927,0.01064,0.00284
ZJ017657,0.08075,0.1968,0.4272,0.01214,0.01174,0.05508,0.1561,0.0599
ZJ017658,0.3782,0.1471,0.2642,0.009865,0.01892,0.01576,0.04733,0.1188
ZJ017659,0.448,0.00989,0.168,0.0359,0.0745,0.02432,0.035,0.2047
ZJ017660,0.7183,0.00633,0.02289,0.00972,0.1676,0.00727,0.006508,0.06152
ZJ017661,0.09314,0.00929,0.06354,0.533,0.04462,0.02534,0.00776,0.223
ZJ017662,0.1443,0.1444,0.3142,0.01653,0.01453,0.07196,0.265,0.02927
ZJ017663,0.3088,0.1787,0.06854,0.06415,0.07227,0.028,0.10925,0.1703
ZJ017664,0.1531,0.023,0.1847,0.013756,0.02164,0.10956,0.4817,0.01261
ZJ017665,0.2377,0.09503,0.3992,0.011375,0.04846,0.12024,0.06274,0.02539
ZJ017666,0.5605,0.02649,0.0754,0.001441,0.01778,0.00765,0.2905,0.0205
ZJ017667,0.011086,0.06714,0.048,0.00346,0.00639,0.822,0.02998,0.01165
ZJ017668,0.429,0.1333,0.05014,0.05487,0.1014,0.0643,0.1389,0.02823
ZJ017669,0.1997,0.0671,0.4504,0.015564,0.02336,0.08325,0.1329,0.0278
ZJ017670,0.1909,0.03433,0.2317,0.2544,0.02876,0.03192,0.01595,0.2122
ZJ017671,0.183,0.314,0.07166,0.0189,0.04626,0.05997,0.2598,0.04636
ZJ017672,0.03952,0.0722,0.1995,0.02286,0.015236,0.139,0.259,0.2527
ZJ017673,0.1017,0.01457,0.0743,0.6367,0.04514,0.04138,0.01321,0.07306
ZJ017674,0.01062,0.04764,0.06696,0.02344,0.011086,0.773,0.01674,0.05072
ZJ017675,0.2131,0.01625,0.2034,0.007683,0.00559,0.0407,0.4895,0.0238
ZJ017676,0.2605,0.11896,0.08734,0.012924,0.06757,0.0455,0.3943,0.012985
ZJ017677,0.089,0.3079,0.1326,0.01482,0.05304,0.0704,0.2861,0.0462
ZJ017678,0.1462,0.6143,0.0573,0.004696,0.0376,0.009735,0.0802,0.0502
ZJ017679,0.0794,0.1139,0.5557,0.007088,0.01646,0.01675,0.1092,0.10144
ZJ017680,0.1897,0.0658,0.2291,0.01371,0.0732,0.1589,0.2566,0.0128
ZJ017681,0.3706,0.1381,0.08594,0.01488,0.03857,0.0436,0.2605,0.0478
ZJ017682,0.3333,0.09735,0.357,0.02359,0.01178,0.02127,0.04395,0.11194
ZJ017683,0.4106,0.03247,0.0353,0.1755,0.1962,0.0297,0.01831,0.1022
ZJ017684,0.1621,0.1321,0.3503,0.01305,0.02274,0.0605,0.1992,0.05972
ZJ017685,0.2373,0.003479,0.382,0.05817,0.02621,0.01304,0.00636,0.2734
ZJ017686,0.03177,0.1129,0.2996,0.02177,0.02979,0.3506,0.06046,0.0931
ZJ017687,0.005363,0.01195,0.03937,0.004154,0.00715,0.913,0.00817,0.0101
ZJ017688,0.3418,0.03564,0.0899,0.168,0.2334,0.04468,0.01804,0.06854
ZJ017689,0.07153,0.0859,0.01322,0.01125,0.01213,0.01569,0.779,0.01154
ZJ017690,0.09784,0.12274,0.1714,0.09125,0.03775,0.2041,0.1937,0.08124
ZJ017691,0.01116,0.0319,0.05234,0.00521,0.002241,0.8057,0.0875,0.003841
ZJ017692,0.0468,0.01205,0.5293,0.02188,0.0589,0.2086,0.01499,0.10724
ZJ017693,0.04218,0.02112,0.0823,0.02481,0.02081,0.7515,0.0386,0.01884
ZJ017694,0.2744,0.10706,0.1818,0.0466,0.03815,0.119,0.1796,0.05328
ZJ017695,0.2732,0.07324,0.1982,0.05762,0.01938,0.05923,0.3005,0.01852
ZJ017696,0.01222,0.04333,0.03564,0.01463,0.01436,0.8306,0.01851,0.03079
ZJ017697,0.0961,0.005695,0.005417,0.01971,0.02335,0.006096,0.815,0.02847
ZJ017698,0.1427,0.005547,0.0478,0.002974,0.003744,0.011925,0.7656,0.01971
ZJ017699,0.4116,0.1102,0.3027,0.01717,0.02559,0.01955,0.0402,0.0726
ZJ017700,0.1636,0.02052,0.1935,0.1316,0.2805,0.028,0.00873,0.1735
ZJ017701,0.4817,0.02852,0.02731,0.01837,0.11475,0.00957,0.2429,0.0768
ZJ017702,0.04858,0.01549,0.253,0.2288,0.0952,0.233,0.00821,0.1178
ZJ017703,0.2494,0.3496,0.1501,0.03198,0.05,0.0351,0.0854,0.04825
ZJ017704,0.2588,0.0538,0.3938,0.01826,0.01738,0.04843,0.1509,0.05853
ZJ017705,0.0785,0.07886,0.127,0.012856,0.2289,0.3635,0.08813,0.02228
ZJ017706,0.1853,0.3591,0.1926,0.0876,0.02135,0.01826,0.0765,0.0594
ZJ017707,0.1649,0.02385,0.2524,0.1628,0.03412,0.03836,0.01868,0.305
ZJ017708,0.4497,0.08234,0.0494,0.059,0.0934,0.01178,0.104,0.1508
ZJ017709,0.5405,0.011246,0.0212,0.03244,0.3499,0.01668,0.01088,0.01735
ZJ017710,0.1932,0.4556,0.12317,0.02463,0.03268,0.02524,0.1089,0.03693
ZJ017711,0.4165,0.1239,0.02957,0.089,0.04144,0.006824,0.081,0.2119
ZJ017712,0.0799,0.0982,0.1289,0.03284,0.02666,0.175,0.3599,0.0986
ZJ017713,0.1953,0.2424,0.223,0.04642,0.02017,0.0748,0.1794,0.01831
ZJ017714,0.6704,0.003433,0.00929,0.004997,0.29,0.001944,0.00317,0.01646
ZJ017715,0.3252,0.04208,0.2279,0.01127,0.0452,0.08374,0.06134,0.2034
ZJ017716,0.1431,0.01799,0.0533,0.005886,0.0352,0.2532,0.4468,0.04416
ZJ017717,0.724,0.002007,0.006886,0.1782,0.0568,0.00831,0.004055,0.01958
ZJ017718,0.396,0.06097,0.0533,0.0166,0.0562,0.015274,0.388,0.01345
ZJ017719,0.0673,0.646,0.11194,0.002485,0.007587,0.00669,0.04428,0.11346
ZJ017720,0.338,0.3904,0.04526,0.0097,0.0525,0.01866,0.1128,0.03278
ZJ017721,0.2751,0.2312,0.262,0.03378,0.02768,0.0169,0.0735,0.0796
ZJ017722,0.236,0.2686,0.279,0.00787,0.01987,0.03253,0.0483,0.1078
ZJ017723,0.33,0.0688,0.1664,0.02417,0.05145,0.10876,0.2318,0.01826
ZJ017724,0.00104,0.00365,0.002169,0.001574,0.001764,0.9854,0.002878,0.001604
ZJ017725,0.125,0.018,0.05557,0.631,0.04315,0.03293,0.00907,0.08545
ZJ017726,0.446,0.12366,0.196,0.00785,0.0166,0.03522,0.12335,0.05133
ZJ017727,0.0665,0.005898,0.2377,0.093,0.3013,0.1421,0.002537,0.1508
ZJ017728,0.1534,0.0507,0.501,0.007904,0.01134,0.09155,0.1743,0.00996
ZJ017729,0.3875,0.007057,0.0631,0.2373,0.10284,0.04724,0.009964,0.1449
ZJ017730,0.1217,0.0475,0.4304,0.039,0.03372,0.0308,0.02242,0.2742
ZJ017731,0.0804,0.2351,0.1725,0.01335,0.13,0.1863,0.1469,0.0356
ZJ017732,0.786,0.03195,0.02498,0.001722,0.05072,0.00711,0.06915,0.02798
ZJ017733,0.0437,0.0862,0.3943,0.00802,0.02034,0.3555,0.0635,0.02835
ZJ017734,0.0324,0.2424,0.0748,0.02762,0.0237,0.3848,0.1989,0.0154
ZJ017735,0.08386,0.006447,0.3237,0.04483,0.00323,0.01564,0.00896,0.513
ZJ017736,0.2356,0.162,0.2156,0.00462,0.02884,0.0391,0.249,0.06525
ZJ017737,0.4797,0.0546,0.03467,0.0399,0.04135,0.00962,0.2386,0.10175
ZJ017738,0.3455,0.12,0.08655,0.0387,0.0311,0.01274,0.169,0.1964
ZJ017739,0.249,0.02884,0.03836,0.2656,0.2827,0.05463,0.0386,0.04218
ZJ017740,0.11316,0.015114,0.1868,0.4773,0.03864,0.03027,0.010826,0.1279
ZJ017741,0.0289,0.00923,0.01244,0.889,0.015114,0.02829,0.004784,0.01253
ZJ017742,0.1599,0.66,0.04175,0.003069,0.0204,0.003775,0.0642,0.04678
ZJ017743,0.2441,0.1252,0.05917,0.08105,0.03061,0.0109,0.1625,0.2864
ZJ017744,0.0876,0.02531,0.478,0.082,0.0313,0.03268,0.03296,0.2301
ZJ017745,0.3103,0.3313,0.04184,0.0365,0.09393,0.02318,0.11145,0.0517
ZJ017746,0.1829,0.2798,0.2505,0.021,0.04666,0.05753,0.0996,0.0621
ZJ017747,0.262,0.06537,0.1167,0.04953,0.331,0.0645,0.01044,0.10046
ZJ017748,0.0357,0.08575,0.0577,0.004436,0.09,0.5664,0.1364,0.02351
ZJ017749,0.1768,0.2457,0.217,0.004784,0.02318,0.02307,0.1943,0.1151
ZJ017750,0.11993,0.007378,0.04462,0.001551,0.00249,0.001581,0.814,0.00836
ZJ017751,0.1713,0.1609,0.08044,0.1494,0.0802,0.01451,0.2064,0.1368
ZJ017752,0.1516,0.04367,0.02592,0.01135,0.0587,0.01945,0.663,0.02608
ZJ017753,0.2234,0.2559,0.05737,0.00921,0.0721,0.02159,0.312,0.04846
ZJ017754,0.1692,0.3994,0.2406,0.01061,0.02309,0.01238,0.0665,0.0782
ZJ017755,0.1908,0.133,0.05304,0.1265,0.1139,0.01057,0.2595,0.1127
ZJ017756,0.3984,0.0187,0.0153,0.02174,0.08716,0.0056,0.411,0.042
ZJ017757,0.2406,0.12317,0.1787,0.01802,0.0729,0.1245,0.1871,0.05508
ZJ017758,0.00517,0.0364,0.03983,0.005573,0.003937,0.872,0.03072,0.00664
ZJ017759,0.267,0.06757,0.2434,0.01929,0.127,0.0676,0.1525,0.05576
ZJ017760,0.1451,0.1749,0.33,0.006947,0.02612,0.1146,0.07275,0.1295
ZJ017761,0.4253,0.1672,0.04712,0.03069,0.12146,0.0375,0.1245,0.0462
ZJ017762,0.0895,0.03152,0.04846,0.0343,0.0653,0.03622,0.6357,0.05893
ZJ017763,0.149,0.00898,0.3289,0.2673,0.05777,0.056,0.01182,0.11993
ZJ017764,0.2751,0.2289,0.02373,0.01051,0.08624,0.06036,0.3032,0.01181
ZJ017765,0.2976,0.03415,0.2357,0.01634,0.02579,0.01813,0.03476,0.3376
ZJ017766,0.2146,0.0475,0.3477,0.03186,0.0114,0.02321,0.02737,0.2964
ZJ017767,0.3801,0.006763,0.01353,0.0035,0.0452,0.004593,0.538,0.00823
ZJ017768,0.2356,0.3423,0.2115,0.00495,0.01256,0.011444,0.04205,0.1395
ZJ017769,0.304,0.1276,0.06384,0.0334,0.0397,0.0145,0.2468,0.17
ZJ017770,0.1514,0.0754,0.1832,0.02646,0.010376,0.0295,0.4656,0.058
ZJ017771,0.08575,0.4077,0.04602,0.02081,0.0761,0.1318,0.2067,0.02481
ZJ017772,0.0905,0.0101,0.0892,0.066,0.588,0.04984,0.01457,0.0918
ZJ017773,0.06012,0.03583,0.02097,0.01703,0.02571,0.01249,0.8086,0.01904
ZJ017774,0.1514,0.0897,0.3955,0.003159,0.003498,0.01041,0.06665,0.2795
ZJ017775,0.2438,0.04044,0.2554,0.03537,0.02428,0.11163,0.2429,0.04648
ZJ017776,0.1209,0.01538,0.1686,0.4536,0.03244,0.03098,0.01304,0.1653
ZJ017777,0.2092,0.015526,0.0909,0.2039,0.0801,0.09766,0.0322,0.2708
ZJ017778,0.1467,0.01598,0.0714,0.5527,0.0473,0.02246,0.00826,0.135
ZJ017779,0.0931,0.0808,0.4954,0.01094,0.02905,0.1154,0.132,0.04346
ZJ017780,0.1538,0.0951,0.199,0.1121,0.01369,0.1373,0.02066,0.2683
ZJ017781,0.547,0.03592,0.01383,0.01656,0.1393,0.02174,0.2068,0.01906
ZJ017782,0.1282,0.0768,0.11,0.0256,0.02591,0.2886,0.25,0.0948
ZJ017783,0.11584,0.1562,0.0642,0.011284,0.0073,0.00741,0.6064,0.03122
ZJ017784,0.07526,0.04593,0.1239,0.04404,0.0319,0.6104,0.03345,0.0352
ZJ017785,0.2236,0.05475,0.1329,0.01836,0.0371,0.01862,0.4517,0.0632
ZJ017786,0.0468,0.00686,0.05853,0.7827,0.0167,0.00974,0.005302,0.0735
ZJ017787,0.0917,0.00836,0.546,0.04416,0.00994,0.03406,0.00648,0.2595
ZJ017788,0.01405,0.00193,0.011986,0.002804,0.002361,0.00623,0.956,0.004536
ZJ017789,0.1255,0.0094,0.2103,0.0507,0.1273,0.2357,0.049,0.1923
ZJ017790,0.1445,0.02856,0.2142,0.1741,0.1123,0.1051,0.11163,0.10956
ZJ017791,0.3533,0.0659,0.2185,0.013145,0.01045,0.0354,0.04178,0.2615
ZJ017792,0.1383,0.0995,0.2654,0.01271,0.004322,0.03848,0.3843,0.0572
ZJ017793,0.1521,0.004173,0.01808,0.02449,0.03754,0.007042,0.7427,0.01375
ZJ017794,0.1722,0.583,0.03955,0.00604,0.02382,0.0128,0.06586,0.09656
ZJ017795,0.2328,0.1675,0.2258,0.05304,0.02048,0.1294,0.1569,0.014114
ZJ017796,0.0578,0.1487,0.3557,0.01506,0.00643,0.1786,0.1735,0.0642
ZJ017797,0.0322,0.04672,0.0913,0.02657,0.03056,0.6484,0.1086,0.01558
ZJ017798,0.1426,0.004803,0.2073,0.0733,0.0139,0.01367,0.00429,0.5405
ZJ017799,0.3237,0.0876,0.2915,0.06287,0.05087,0.05322,0.0707,0.05963
ZJ017800,0.3518,0.0874,0.09766,0.06097,0.03586,0.01842,0.1754,0.1724
ZJ017801,0.01522,0.01432,0.02974,0.008415,0.01147,0.9023,0.01042,0.00814
ZJ017802,0.196,0.01924,0.644,0.00419,0.00854,0.01762,0.03207,0.0784
ZJ017803,0.435,0.1131,0.05853,0.04977,0.0545,0.01442,0.1427,0.1317
ZJ017804,0.11847,0.08185,0.3413,0.01211,0.04257,0.1604,0.1958,0.0477
ZJ017805,0.07935,0.069,0.56,0.00981,0.04214,0.09406,0.1071,0.03836
ZJ017806,0.126,0.2803,0.2292,0.01826,0.00964,0.02788,0.1526,0.1559
ZJ017807,0.3164,0.12024,0.2185,0.1376,0.03613,0.03232,0.0546,0.0844
ZJ017808,0.0494,0.02016,0.01383,0.00656,0.01932,0.01107,0.8623,0.01694
ZJ017809,0.529,0.075,0.0865,0.02954,0.079,0.03583,0.10516,0.06015
ZJ017810,0.07526,0.046,0.04437,0.01133,0.01046,0.02664,0.7773,0.00853
ZJ017811,0.1203,0.1857,0.06064,0.01685,0.01271,0.01098,0.5547,0.0379
ZJ017812,0.2175,0.1515,0.2004,0.0495,0.02061,0.1674,0.1807,0.01224
ZJ017813,0.248,0.03906,0.529,0.00583,0.01761,0.01605,0.04312,0.10156
ZJ017814,0.2336,0.09607,0.10956,0.10486,0.04196,0.010956,0.0334,0.3696
ZJ017815,0.05426,0.01852,0.094,0.02296,0.0356,0.7114,0.04077,0.02237
ZJ017816,0.143,0.00884,0.2646,0.4429,0.02132,0.02583,0.01366,0.0798
ZJ017817,0.2375,0.1505,0.1037,0.03278,0.04456,0.0997,0.2605,0.07074
ZJ017818,0.0869,0.1127,0.3164,0.009544,0.06158,0.0969,0.2725,0.04355
ZJ017819,0.06866,0.0275,0.4087,0.05136,0.005924,0.00709,0.003023,0.4282
ZJ017820,0.3137,0.01575,0.04462,0.086,0.4575,0.03342,0.006783,0.04227
ZJ017821,0.2964,0.03244,0.0546,0.04602,0.0428,0.10315,0.3662,0.0585
ZJ017822,0.03683,0.134,0.2087,0.002127,0.01625,0.5273,0.0419,0.03278
ZJ017823,0.339,0.0965,0.2952,0.03583,0.0599,0.0373,0.0398,0.0966
ZJ017824,0.1537,0.1577,0.05804,0.03918,0.04318,0.03967,0.4702,0.0378
ZJ017825,0.1614,0.1115,0.1721,0.09296,0.0225,0.10706,0.289,0.0434
ZJ017826,0.002203,0.00231,0.0098,0.01955,0.000673,0.96,0.001002,0.00386
ZJ017827,0.1588,0.5205,0.05777,0.006866,0.02505,0.01223,0.1707,0.04816
ZJ017828,0.0878,0.08704,0.4897,0.011856,0.03174,0.10583,0.1392,0.04654
ZJ017829,0.1553,0.4585,0.1141,0.05264,0.03906,0.02109,0.0569,0.1022
ZJ017830,0.1475,0.03928,0.01692,0.02896,0.0582,0.008064,0.5947,0.10626
ZJ017831,0.1094,0.7485,0.01912,0.003689,0.04742,0.04868,0.0113,0.01186
ZJ017832,0.08575,0.1051,0.2156,0.02367,0.0216,0.3838,0.1151,0.04922
ZJ017833,0.03595,0.01424,0.06525,0.01345,0.0195,0.8076,0.03223,0.01196
ZJ017834,0.159,0.1609,0.313,0.0046,0.01494,0.05035,0.1425,0.1545
ZJ017835,0.11053,0.011505,0.0397,0.01582,0.01056,0.01329,0.79,0.00853
ZJ017836,0.1222,0.5513,0.06323,0.00895,0.0395,0.003223,0.1831,0.02856
ZJ017837,0.358,0.05426,0.1276,0.03598,0.0469,0.02203,0.0582,0.297
ZJ017838,0.0653,0.01226,0.1837,0.6514,0.01567,0.04745,0.005882,0.01816
ZJ017839,0.2113,0.04538,0.1879,0.01848,0.012405,0.11584,0.3772,0.0313
ZJ017840,0.44,0.04553,0.1716,0.014626,0.0348,0.02759,0.09,0.1763
ZJ017841,0.1083,0.09235,0.2976,0.01068,0.0694,0.162,0.2041,0.05548
ZJ017842,0.171,0.2573,0.1643,0.02872,0.05478,0.1085,0.1901,0.0253
ZJ017843,0.1087,0.05313,0.05487,0.002626,0.296,0.388,0.0779,0.01892
ZJ017844,0.272,0.2015,0.09015,0.05487,0.06232,0.01677,0.1573,0.145
ZJ017845,0.0838,0.0087,0.2034,0.1593,0.06335,0.1644,0.01026,0.307
ZJ017846,0.237,0.03622,0.188,0.1635,0.02338,0.00661,0.00828,0.337
ZJ017847,0.225,0.006145,0.2915,0.1384,0.0348,0.1259,0.01971,0.1587
ZJ017848,0.09045,0.07623,0.624,0.005333,0.03442,0.0859,0.04712,0.0367
ZJ017849,0.1676,0.2242,0.2534,0.01149,0.0398,0.03072,0.0737,0.1992
ZJ017850,0.232,0.0667,0.1599,0.02571,0.02592,0.0431,0.4023,0.04453
ZJ017851,0.3713,0.10565,0.1908,0.025,0.02283,0.03995,0.235,0.009285
ZJ017852,0.3264,0.0202,0.06775,0.14,0.3154,0.03888,0.01514,0.07605
ZJ017853,0.07,0.10565,0.3748,0.01605,0.00936,0.269,0.10706,0.04803
ZJ017854,0.154,0.2617,0.1565,0.02322,0.02086,0.02898,0.325,0.02988
ZJ017855,0.1464,0.0823,0.237,0.01505,0.0667,0.3328,0.04883,0.071
ZJ017856,0.1362,0.02278,0.0523,0.0442,0.498,0.0941,0.05405,0.09814
ZJ017857,0.446,0.008415,0.08936,0.08307,0.2021,0.04422,0.02452,0.1019
ZJ017858,0.4011,0.07434,0.04272,0.03424,0.12,0.01173,0.2234,0.09235
ZJ017859,0.498,0.005524,0.11053,0.08997,0.1816,0.03084,0.008194,0.07513
ZJ017860,0.1216,0.09393,0.3564,0.02065,0.03732,0.07874,0.2505,0.0406
ZJ017861,0.1497,0.0757,0.04166,0.06934,0.02238,0.07245,0.539,0.02963
ZJ017862,0.1755,0.4614,0.04272,0.00985,0.08203,0.01473,0.1842,0.0295
ZJ017863,0.302,0.05698,0.2214,0.01497,0.0633,0.06323,0.2205,0.05753
ZJ017864,0.3635,0.0904,0.1951,0.137,0.0297,0.03214,0.0165,0.1356
ZJ017865,0.005074,0.010315,0.02084,0.003208,0.006653,0.9385,0.007164,0.00808
ZJ017866,0.3018,0.1931,0.2563,0.0094,0.04684,0.01836,0.06012,0.1141
ZJ017867,0.127,0.3125,0.1621,0.02101,0.0442,0.05853,0.2107,0.064
ZJ017868,0.04428,0.03244,0.1818,0.02188,0.03023,0.6357,0.0355,0.01831
ZJ017869,0.1346,0.01482,0.1333,0.517,0.02325,0.02986,0.011955,0.1351
ZJ017870,0.3628,0.03018,0.0782,0.1205,0.298,0.02542,0.013916,0.07074
ZJ017871,0.672,0.04828,0.01924,0.00931,0.08594,0.01968,0.1127,0.03317
ZJ017872,0.0823,0.77,0.04688,0.00498,0.00846,0.006786,0.04733,0.03345
ZJ017873,0.1394,0.002502,0.01061,0.0047,0.01007,0.00978,0.8213,0.001987
ZJ017874,0.182,0.2883,0.0961,0.005074,0.01542,0.01862,0.3574,0.037
ZJ017875,0.1392,0.217,0.1686,0.00786,0.1348,0.08966,0.2117,0.03122
ZJ017876,0.001799,0.00984,0.00897,0.001409,0.001373,0.9688,0.003815,0.004097
ZJ017877,0.1517,0.09674,0.2131,0.05865,0.0809,0.168,0.0895,0.1415
ZJ017878,0.3254,0.2283,0.1783,0.038,0.0606,0.0269,0.0849,0.05743
ZJ017879,0.05634,0.01736,0.02649,0.03604,0.02686,0.02203,0.799,0.01622
ZJ017880,0.1952,0.0901,0.4116,0.00818,0.0466,0.1602,0.0654,0.02275
ZJ017881,0.2418,0.058,0.2142,0.01202,0.0271,0.02258,0.4146,0.009636
ZJ017882,0.06134,0.02881,0.3313,0.02081,0.04526,0.2112,0.00947,0.292
ZJ017883,0.01133,0.01958,0.0543,0.00897,0.007423,0.8765,0.01274,0.0091
ZJ017884,0.2112,0.1305,0.0982,0.04727,0.03525,0.01956,0.334,0.12415
ZJ017885,0.08844,0.00941,0.07874,0.01717,0.675,0.0741,0.00382,0.05362
ZJ017886,0.03442,0.02544,0.2273,0.013466,0.02959,0.5903,0.010666,0.0688
ZJ017887,0.226,0.093,0.4727,0.01082,0.02739,0.0704,0.0713,0.02844
ZJ017888,0.219,0.1614,0.11804,0.0987,0.02798,0.0203,0.0959,0.2588
ZJ017889,0.1125,0.007416,0.1307,0.4673,0.03445,0.064,0.00968,0.1738
ZJ017890,0.1758,0.009735,0.5312,0.01566,0.002897,0.006115,0.00572,0.2532
ZJ017891,0.1808,0.01475,0.02116,0.005375,0.0324,0.002666,0.732,0.010765
ZJ017892,0.0867,0.008705,0.06305,0.6875,0.03091,0.01878,0.006622,0.0976
ZJ017893,0.237,0.02853,0.0642,0.02881,0.5146,0.06088,0.02219,0.04358
ZJ017894,0.2399,0.11975,0.221,0.01677,0.02272,0.05078,0.2717,0.0577
ZJ017895,0.4863,0.08905,0.1301,0.00884,0.01653,0.0315,0.2006,0.03693
ZJ017896,0.165,0.0701,0.1364,0.1002,0.08514,0.0174,0.01944,0.4062
ZJ017897,0.2483,0.01758,0.07367,0.003183,0.013626,0.01485,0.614,0.01482
ZJ017898,0.8345,0.00797,0.02078,0.002718,0.05524,0.007072,0.04477,0.02751
ZJ017899,0.2332,0.06683,0.2057,0.012985,0.02573,0.07336,0.3372,0.04495
ZJ017900,0.1447,0.06146,0.1941,0.02191,0.01752,0.12317,0.4204,0.01683
ZJ017901,0.0743,0.011,0.05258,0.7295,0.02469,0.0141,0.00792,0.086
ZJ017902,0.1403,0.591,0.09204,0.008514,0.03137,0.02295,0.10614,0.007904
ZJ017903,0.1698,0.1029,0.298,0.02585,0.02722,0.1004,0.181,0.0947
ZJ017904,0.1531,0.00941,0.3933,0.08936,0.009445,0.04333,0.009415,0.2925
ZJ017905,0.1445,0.236,0.1229,0.01032,0.0909,0.2637,0.11633,0.015335
ZJ017906,0.0664,0.155,0.1748,0.01316,0.058,0.4272,0.0688,0.03653
ZJ017907,0.0653,0.02744,0.1305,0.01775,0.0247,0.666,0.0476,0.02048
ZJ017908,0.3315,0.12286,0.1174,0.01548,0.03293,0.11536,0.2239,0.04065
ZJ017909,0.3105,0.1454,0.185,0.0321,0.0346,0.0704,0.1996,0.02216
ZJ017910,0.2502,0.00416,0.02768,0.596,0.02473,0.01483,0.012375,0.06946
ZJ017911,0.02129,0.00758,0.622,0.006367,0.0357,0.2297,0.001707,0.0756
ZJ017912,0.6606,0.014786,0.04446,0.0264,0.03745,0.013306,0.1552,0.04782
ZJ017913,0.265,0.1466,0.3784,0.02896,0.01703,0.03244,0.0826,0.04898
ZJ017914,0.1284,0.1327,0.05963,0.0599,0.02246,0.01483,0.401,0.1813
ZJ017915,0.3782,0.04916,0.0995,0.0174,0.1787,0.1107,0.1053,0.0611
ZJ017916,0.3108,0.0802,0.2224,0.01703,0.02975,0.0843,0.2283,0.02698
ZJ017917,0.10565,0.09985,0.1953,0.0344,0.01653,0.07086,0.309,0.1685
ZJ017918,0.175,0.0198,0.0512,0.0374,0.5093,0.1128,0.02827,0.06616
ZJ017919,0.356,0.09265,0.2034,0.02702,0.03253,0.02548,0.2454,0.01773
ZJ017920,0.1107,0.04456,0.0748,0.02086,0.014145,0.262,0.4468,0.02585
ZJ017921,0.09845,0.7114,0.0501,0.02432,0.03061,0.005806,0.03833,0.04105
ZJ017922,0.5825,0.01723,0.05997,0.0473,0.04272,0.02605,0.0832,0.1411
ZJ017923,0.3628,0.0673,0.2937,0.0399,0.02803,0.02554,0.06433,0.1183
ZJ017924,0.192,0.2683,0.2527,0.012985,0.03638,0.04932,0.0652,0.12317
ZJ017925,0.2109,0.0382,0.04163,0.03537,0.04416,0.01843,0.5835,0.02754
ZJ017926,0.12354,0.02042,0.03064,0.02518,0.0654,0.0639,0.655,0.01602
ZJ017927,0.0983,0.2805,0.08405,0.01453,0.0497,0.0169,0.4126,0.0432
ZJ017928,0.272,0.1365,0.3623,0.01721,0.02397,0.01907,0.08044,0.0886
ZJ017929,0.1771,0.005,0.092,0.472,0.05435,0.04593,0.01271,0.1411
ZJ017930,0.3923,0.00806,0.12146,0.1278,0.07214,0.01738,0.013565,0.2473
ZJ017931,0.07556,0.015526,0.3303,0.3237,0.04614,0.1364,0.014206,0.0581
ZJ017932,0.5444,0.10547,0.05682,0.02164,0.11346,0.01253,0.0811,0.0645
ZJ017933,0.257,0.193,0.09436,0.05087,0.04092,0.01617,0.1655,0.1819
ZJ017934,0.1256,0.1636,0.2367,0.00669,0.00898,0.0605,0.3691,0.02878
ZJ017935,0.1943,0.03427,0.1221,0.381,0.0708,0.05902,0.01706,0.12146
ZJ017936,0.1185,0.006905,0.3704,0.2695,0.0457,0.06775,0.01161,0.10956
ZJ017937,0.04068,0.03934,0.07605,0.04727,0.02194,0.714,0.03604,0.0248
ZJ017938,0.0754,0.1709,0.167,0.02731,0.01422,0.2883,0.2002,0.05673
ZJ017939,0.1547,0.0417,0.04724,0.0651,0.02223,0.1222,0.511,0.03552
ZJ017940,0.01256,0.007263,0.01988,0.00873,0.011086,0.872,0.05606,0.01247
ZJ017941,0.3728,0.11456,0.2715,0.04288,0.02286,0.02234,0.01743,0.1357
ZJ017942,0.3113,0.0788,0.3315,0.014244,0.0201,0.0654,0.09705,0.0816
ZJ017943,0.013565,0.0019455,0.00202,0.9443,0.003103,0.02576,0.003849,0.00476
ZJ017944,0.2383,0.0985,0.02974,0.04456,0.0894,0.01788,0.3257,0.1558
ZJ017945,0.1598,0.007008,0.2336,0.1373,0.01211,0.0262,0.01942,0.4048
ZJ017946,0.1481,0.2563,0.2435,0.02101,0.0201,0.0464,0.2455,0.01904
ZJ017947,0.013855,0.0339,0.0631,0.011246,0.0339,0.7974,0.01732,0.02913
ZJ017948,0.2347,0.318,0.2395,0.006523,0.0317,0.02145,0.1401,0.007996
ZJ017949,0.1514,0.04395,0.3755,0.00988,0.03802,0.2524,0.1212,0.00756
ZJ017950,0.03674,0.0841,0.3894,0.004917,0.02017,0.3752,0.066,0.02359
ZJ017951,0.02568,0.01984,0.0938,0.00448,0.02318,0.802,0.0226,0.00884
ZJ017952,0.315,0.171,0.05215,0.056,0.03873,0.00817,0.2195,0.1394
ZJ017953,0.072,0.815,0.02373,0.00862,0.0075,0.003864,0.02853,0.04086
ZJ017954,0.001982,0.004066,0.004288,0.006096,0.003408,0.968,0.007713,0.004086
ZJ017955,0.01634,0.02391,0.0388,0.01755,0.01756,0.839,0.03,0.01703
ZJ017956,0.1509,0.1019,0.2346,0.04327,0.04166,0.11017,0.1611,0.1562
ZJ017957,0.1393,0.00805,0.1381,0.5547,0.0388,0.0334,0.00758,0.0802
ZJ017958,0.2314,0.3103,0.08105,0.009224,0.06946,0.04388,0.2273,0.02737
ZJ017959,0.427,0.02197,0.0977,0.0974,0.2717,0.02713,0.008026,0.04904
ZJ017960,0.2734,0.2252,0.2141,0.01375,0.03183,0.01729,0.1087,0.1157
ZJ017961,0.4595,0.045,0.1437,0.02469,0.01006,0.02066,0.0522,0.2444
ZJ017962,0.0368,0.004597,0.005478,0.8994,0.007576,0.03125,0.00863,0.006603
ZJ017963,0.2932,0.1863,0.2185,0.01706,0.0243,0.03522,0.1616,0.06384
ZJ017964,0.0584,0.011406,0.11896,0.1396,0.00898,0.545,0.02246,0.09534
ZJ017965,0.1788,0.1532,0.2766,0.011925,0.06064,0.1287,0.1711,0.01889
ZJ017966,0.2478,0.2015,0.1971,0.01642,0.05557,0.05167,0.10986,0.12
ZJ017967,0.1556,0.1377,0.1294,0.02434,0.04514,0.1539,0.3162,0.03745
ZJ017968,0.0594,0.11786,0.0203,0.01108,0.1395,0.04715,0.5825,0.02206
ZJ017969,0.02094,0.01339,0.05298,0.00714,0.00904,0.8726,0.01564,0.00811
ZJ017970,0.00715,0.0156,0.01994,0.006805,0.002613,0.9326,0.01381,0.001684
ZJ017971,0.3582,0.1117,0.2281,0.049,0.0652,0.02666,0.1012,0.06012
ZJ017972,0.2683,0.02927,0.1437,0.2563,0.1389,0.0687,0.02542,0.0692
ZJ017973,0.0955,0.05713,0.0963,0.0497,0.01021,0.01141,0.635,0.0449
ZJ017974,0.385,0.01976,0.03023,0.06616,0.425,0.0284,0.013504,0.03223
ZJ017975,0.2551,0.1633,0.083,0.0611,0.0957,0.01736,0.2051,0.1193
ZJ017976,0.506,0.1978,0.0866,0.013016,0.0703,0.01526,0.06183,0.04938
ZJ017977,0.2568,0.1573,0.03326,0.0281,0.096,0.03253,0.3674,0.02847
ZJ017978,0.34,0.10156,0.2438,0.04794,0.0534,0.02808,0.10486,0.0805
ZJ017979,0.1251,0.0981,0.3245,0.03915,0.0484,0.08215,0.0709,0.2115
ZJ017980,0.593,0.09045,0.04907,0.01433,0.1532,0.03574,0.05206,0.01265
ZJ017981,0.2295,0.05508,0.2961,0.009544,0.01717,0.06995,0.299,0.0238
ZJ017982,0.627,0.087,0.0956,0.00803,0.00943,0.012215,0.03625,0.1244
ZJ017983,0.1635,0.03772,0.1676,0.00473,0.2805,0.1338,0.1855,0.02676
ZJ017984,0.4976,0.08466,0.0787,0.04144,0.0741,0.01617,0.06244,0.1449
ZJ017985,0.12146,0.09436,0.2214,0.0356,0.01636,0.02954,0.01656,0.4644
ZJ017986,0.2152,0.03983,0.1925,0.01092,0.01974,0.043,0.4304,0.04822
ZJ017987,0.2317,0.1047,0.3328,0.01097,0.0428,0.05536,0.167,0.05475
ZJ017988,0.2463,0.0895,0.09235,0.006428,0.05792,0.01767,0.4604,0.0291
ZJ017989,0.348,0.146,0.0926,0.038,0.05145,0.0197,0.1616,0.1428
ZJ017990,0.0589,0.0512,0.06122,0.005726,0.1774,0.0917,0.541,0.01308
ZJ017991,0.479,0.10315,0.1558,0.02034,0.013626,0.02115,0.1224,0.0846
ZJ017992,0.3098,0.06024,0.1027,0.01775,0.27,0.0582,0.1428,0.03833
ZJ017993,0.04865,0.5264,0.0719,0.015,0.0318,0.04666,0.2112,0.04843
ZJ017994,0.00901,0.03467,0.03937,0.002779,0.01092,0.88,0.01485,0.00856
ZJ017995,0.0367,0.006756,0.4614,0.0522,0.0662,0.007835,0.00555,0.3635
ZJ017996,0.04498,0.00494,0.0092,0.815,0.02905,0.08057,0.009476,0.007027
ZJ017997,0.4146,0.1703,0.1423,0.0479,0.04822,0.029,0.04144,0.10626
ZJ017998,0.1562,0.01617,0.0292,0.538,0.1434,0.0467,0.0231,0.04703
ZJ017999,0.1656,0.2117,0.2457,0.004288,0.01575,0.02779,0.2876,0.04135
ZJ018000,0.02512,0.01378,0.08984,0.01428,0.00993,0.814,0.02492,0.007435
ZJ018001,0.09454,0.0861,0.629,0.005894,0.00884,0.0167,0.0864,0.0726
ZJ018002,0.1732,0.0962,0.4683,0.00833,0.0187,0.05884,0.12384,0.0525
ZJ018003,0.2312,0.0668,0.5215,0.008,0.02411,0.05023,0.0398,0.05817
ZJ018004,0.2688,0.1193,0.2496,0.03116,0.0256,0.028,0.2184,0.05902
ZJ018005,0.162,0.013596,0.2776,0.11346,0.2507,0.0436,0.0121,0.127
ZJ018006,0.0124,0.002434,0.01816,0.1041,0.005947,0.8413,0.004475,0.011246
ZJ018007,0.1432,0.1092,0.0903,0.01804,0.2332,0.1473,0.2191,0.03964
ZJ018008,0.2162,0.0113,0.271,0.2869,0.03674,0.0456,0.01266,0.1195
ZJ018009,0.256,0.03183,0.11487,0.1843,0.0749,0.02551,0.0442,0.2683
ZJ018010,0.0934,0.0691,0.5835,0.005894,0.00892,0.01576,0.1477,0.07556
ZJ018011,0.3105,0.0928,0.0881,0.05722,0.0545,0.01851,0.08777,0.2905
ZJ018012,0.1285,0.04495,0.6396,0.00546,0.02167,0.04968,0.0675,0.04254
ZJ018013,0.2092,0.05133,0.347,0.02138,0.07874,0.08813,0.07886,0.1255
ZJ018014,0.3574,0.0779,0.0292,0.0419,0.04202,0.00509,0.292,0.1543
ZJ018015,0.4468,0.0763,0.1602,0.01605,0.112,0.04706,0.131,0.01059
ZJ018016,0.3237,0.0638,0.03287,0.0403,0.1082,0.03983,0.3726,0.01886
ZJ018017,0.1321,0.01643,0.1447,0.4355,0.02835,0.03436,0.01399,0.1946
ZJ018018,0.10333,0.2181,0.1619,0.007545,0.1934,0.0777,0.2227,0.01532
ZJ018019,0.3982,0.0864,0.2057,0.0163,0.02196,0.03027,0.1493,0.0917
ZJ018020,0.3445,0.1047,0.2751,0.05478,0.04614,0.02646,0.0971,0.0512
ZJ018021,0.1929,0.4453,0.1935,0.009445,0.02197,0.03714,0.0721,0.02768
ZJ018022,0.1306,0.0662,0.2164,0.0542,0.01113,0.1061,0.3718,0.04355
ZJ018023,0.6255,0.02443,0.05414,0.011116,0.01602,0.00556,0.2272,0.03607
ZJ018024,0.063,0.706,0.1144,0.002337,0.005093,0.01116,0.03348,0.0646
ZJ018025,0.3909,0.259,0.04214,0.006542,0.03842,0.01218,0.1705,0.0804
ZJ018026,0.1273,0.111,0.5317,0.008286,0.011635,0.034,0.1595,0.01625
ZJ018027,0.1239,0.03778,0.05615,0.01672,0.0085,0.009315,0.7275,0.02031
ZJ018028,0.287,0.04227,0.0852,0.2937,0.144,0.02876,0.02332,0.09576
ZJ018029,0.134,0.2551,0.1613,0.012245,0.1465,0.06604,0.1816,0.04318
ZJ018030,0.1248,0.145,0.3298,0.01825,0.08984,0.1175,0.11975,0.05478
ZJ018031,0.1777,0.169,0.2035,0.07855,0.0595,0.02766,0.1733,0.1107
ZJ018032,0.1097,0.0807,0.1586,0.006798,0.01378,0.1549,0.4382,0.03726
ZJ018033,0.2015,0.00803,0.01068,0.007652,0.04922,0.02466,0.681,0.01682
ZJ018034,0.379,0.04898,0.221,0.03967,0.04706,0.0965,0.1497,0.01825
ZJ018035,0.8687,0.00866,0.01032,0.001306,0.07574,0.01228,0.01666,0.0064
ZJ018036,0.163,0.3076,0.19,0.02657,0.03125,0.03217,0.2223,0.02731
ZJ018037,0.1761,0.2913,0.2917,0.01845,0.0649,0.05927,0.0628,0.03537
ZJ018038,0.001099,0.00813,0.00955,0.001464,0.002,0.9697,0.00471,0.003138
ZJ018039,0.1692,0.0776,0.02605,0.01227,0.05624,0.010414,0.5493,0.0987
ZJ018040,0.1411,0.006172,0.2308,0.2211,0.11444,0.01578,0.003422,0.2668
ZJ018041,0.00741,0.005936,0.01727,0.01251,0.00394,0.9414,0.005455,0.006203
ZJ018042,0.04248,0.01137,0.2086,0.4702,0.04126,0.11414,0.006695,0.1053
ZJ018043,0.2468,0.2117,0.11194,0.02211,0.011086,0.011986,0.01106,0.373
ZJ018044,0.4465,0.02492,0.04352,0.09534,0.2695,0.0197,0.01396,0.08655
ZJ018045,0.1375,0.1414,0.2534,0.01076,0.1332,0.1339,0.1654,0.02437
ZJ018046,0.05185,0.01828,0.03635,0.03952,0.0253,0.04474,0.726,0.058
ZJ018047,0.1816,0.08484,0.409,0.02998,0.04907,0.0929,0.0468,0.10596
ZJ018048,0.321,0.06573,0.10986,0.0443,0.07275,0.11926,0.0879,0.1792
ZJ018049,0.1888,0.0868,0.1362,0.01296,0.06866,0.04263,0.4536,0.01048
ZJ018050,0.551,0.06195,0.02617,0.0807,0.0865,0.006355,0.04312,0.1444
ZJ018051,0.1322,0.06854,0.4136,0.01349,0.01082,0.1079,0.2283,0.0251
ZJ018052,0.03137,0.002466,0.007774,0.002321,0.006134,0.003452,0.943,0.00384
ZJ018053,0.11115,0.1122,0.1554,0.03687,0.014694,0.0859,0.2576,0.2262
ZJ018054,0.1951,0.08746,0.2556,0.00795,0.01964,0.1483,0.1254,0.1606
ZJ018055,0.1562,0.02434,0.08386,0.31,0.2405,0.0585,0.01695,0.10956
ZJ018056,0.1252,0.05103,0.4355,0.01637,0.04724,0.192,0.08185,0.05072
ZJ018057,0.03555,0.6675,0.084,0.006447,0.01125,0.04135,0.0617,0.0921
ZJ018058,0.05536,0.01007,0.01659,0.013405,0.01308,0.005066,0.874,0.01199
ZJ018059,0.1917,0.6333,0.01656,0.0021,0.03958,0.004078,0.0939,0.01892
ZJ018060,0.3152,0.2898,0.119,0.02605,0.03012,0.02444,0.1121,0.0832
ZJ018061,0.118,0.02695,0.07074,0.582,0.05518,0.0768,0.0241,0.04626
ZJ018062,0.7837,0.01707,0.01958,0.00597,0.08746,0.01341,0.0556,0.01723
ZJ018063,0.1675,0.01045,0.2291,0.1273,0.2793,0.04446,0.01148,0.1304
ZJ018064,0.03445,0.004185,0.006615,0.8857,0.02048,0.02142,0.010025,0.01694
ZJ018065,0.698,0.04495,0.04993,0.016,0.0895,0.01131,0.0345,0.0556
ZJ018066,0.02983,0.0449,0.1126,0.01196,0.01743,0.7334,0.03433,0.01528
ZJ018067,0.01057,0.07153,0.03833,0.01605,0.00718,0.782,0.0562,0.01802
ZJ018068,0.353,0.1234,0.1982,0.01799,0.04294,0.1649,0.07745,0.02206
ZJ018069,0.1606,0.1404,0.04254,0.01108,0.05792,0.00796,0.455,0.1243
ZJ018070,0.2385,0.1935,0.3562,0.006226,0.01955,0.01782,0.128,0.04
ZJ018071,0.37,0.1146,0.0562,0.0655,0.055,0.013084,0.15,0.1755
ZJ018072,0.1746,0.03653,0.2263,0.04187,0.0204,0.1252,0.3364,0.03854
ZJ018073,0.54,0.00762,0.06006,0.0446,0.1986,0.014175,0.02739,0.1076
ZJ018074,0.3018,0.04782,0.1004,0.010605,0.0804,0.04858,0.3682,0.04233
ZJ018075,0.099,0.0929,0.1648,0.00469,0.08014,0.4019,0.1453,0.01105
ZJ018076,0.0717,0.01256,0.4692,0.0498,0.00854,0.04718,0.0104,0.3308
ZJ018077,0.1287,0.0757,0.444,0.01341,0.03105,0.05704,0.2184,0.0317
ZJ018078,0.2798,0.0114,0.11816,0.3901,0.033,0.06537,0.0114,0.0907
ZJ018079,0.1593,0.1963,0.224,0.0737,0.01683,0.1085,0.2043,0.0172
ZJ018080,0.1929,0.3992,0.1632,0.03418,0.02507,0.02058,0.1004,0.0645
ZJ018081,0.3174,0.05948,0.1348,0.0855,0.12366,0.007904,0.1862,0.08514
ZJ018082,0.07904,0.1348,0.2825,0.013695,0.01915,0.0458,0.05853,0.3665
ZJ018083,0.1415,0.1713,0.2544,0.02742,0.09344,0.1674,0.1299,0.01471
ZJ018084,0.02089,0.8726,0.01222,0.00441,0.01695,0.004105,0.05707,0.011665
ZJ018085,0.308,0.02556,0.0604,0.11505,0.3987,0.04,0.01036,0.04184
ZJ018086,0.3018,0.02592,0.06586,0.1658,0.3342,0.03061,0.01349,0.06244
ZJ018087,0.1974,0.06647,0.389,0.014175,0.0337,0.05157,0.1131,0.1346
ZJ018088,0.2344,0.2434,0.09625,0.05435,0.0564,0.02473,0.09894,0.1915
ZJ018089,0.1083,0.2106,0.3232,0.0204,0.02927,0.1403,0.1112,0.05682
ZJ018090,0.0825,0.003422,0.1533,0.1274,0.008766,0.006645,0.001691,0.616
ZJ018091,0.3188,0.02768,0.06866,0.133,0.278,0.0694,0.01747,0.08673
ZJ018092,0.2498,0.1011,0.1963,0.01709,0.03,0.01434,0.3298,0.06146
ZJ018093,0.11456,0.01819,0.01479,0.02042,0.0771,0.01127,0.705,0.03882
ZJ018094,0.08026,0.05624,0.569,0.00835,0.05463,0.0955,0.10046,0.03558
ZJ018095,0.943,0.002998,0.00972,0.000463,0.02176,0.001324,0.014114,0.006767
ZJ018096,0.1917,0.1326,0.1676,0.01965,0.013,0.03,0.4055,0.03998
ZJ018097,0.1296,0.0805,0.11804,0.02998,0.013306,0.11444,0.4712,0.04312
ZJ018098,0.1074,0.05673,0.425,0.01561,0.02498,0.1415,0.2037,0.02502
ZJ018099,0.002546,0.0015745,0.00975,0.003643,0.001251,0.978,0.000999,0.001859
ZJ018100,0.343,0.3696,0.0344,0.0089,0.02376,0.00928,0.01695,0.1941
ZJ018101,0.3635,0.02359,0.1595,0.1002,0.03023,0.07074,0.03726,0.2148
ZJ018102,0.144,0.00624,0.2191,0.2019,0.11084,0.04105,0.0094,0.2673
ZJ018103,0.7476,0.0739,0.01137,0.001711,0.0958,0.004845,0.0453,0.0196
ZJ018104,0.005375,0.00974,0.05682,0.002436,0.00925,0.8955,0.013756,0.007607
ZJ018105,0.1821,0.2295,0.1877,0.03105,0.0364,0.1418,0.1785,0.01283
ZJ018106,0.00876,0.01836,0.007347,0.02003,0.00468,0.913,0.02339,0.00447
ZJ018107,0.259,0.254,0.1638,0.01365,0.01144,0.02983,0.1105,0.158
ZJ018108,0.1527,0.0932,0.2112,0.0366,0.09644,0.2092,0.0978,0.1029
ZJ018109,0.12286,0.009544,0.4368,0.1081,0.01273,0.05817,0.00901,0.2429
ZJ018110,0.2737,0.1472,0.2219,0.008316,0.0437,0.02731,0.2283,0.0494
ZJ018111,0.0962,0.01569,0.0895,0.553,0.05786,0.03757,0.01439,0.1356
ZJ018112,0.04947,0.02914,0.02339,0.1022,0.01605,0.1421,0.5835,0.05414
ZJ018113,0.08295,0.006737,0.1842,0.02634,0.02505,0.012695,0.003117,0.6587
ZJ018114,0.6777,0.0647,0.02379,0.01988,0.1156,0.01443,0.0442,0.03964
ZJ018115,0.2024,0.1117,0.2496,0.01118,0.011024,0.02385,0.3083,0.08185
ZJ018116,0.2035,0.02205,0.03023,0.01375,0.0261,0.02527,0.534,0.145
ZJ018117,0.2527,0.2861,0.1815,0.012245,0.02835,0.03967,0.12195,0.07733
ZJ018118,0.267,0.10724,0.1299,0.01765,0.1041,0.04306,0.263,0.068
ZJ018119,0.3726,0.0507,0.1208,0.01035,0.11005,0.02762,0.294,0.01424
ZJ018120,0.2585,0.1847,0.08954,0.0528,0.0413,0.011635,0.1807,0.1808
ZJ018121,0.2893,0.09454,0.1626,0.01881,0.1188,0.09045,0.2045,0.02122
ZJ018122,0.479,0.2756,0.01311,0.011444,0.06226,0.03745,0.1012,0.02008
ZJ018123,0.2426,0.05865,0.2676,0.01549,0.03262,0.07245,0.2336,0.07715
ZJ018124,0.3086,0.116,0.04102,0.04797,0.0353,0.005245,0.2983,0.1476
ZJ018125,0.7583,0.01892,0.01588,0.004074,0.0863,0.01032,0.04727,0.05875
ZJ018126,0.2788,0.1549,0.0915,0.01863,0.0708,0.03061,0.2998,0.05487
ZJ018127,0.3105,0.1444,0.08044,0.07666,0.04224,0.01764,0.1616,0.1663
ZJ018128,0.2435,0.09393,0.1453,0.06207,0.02823,0.01268,0.01672,0.3977
ZJ018129,0.7485,0.00943,0.0304,0.01634,0.0667,0.0087,0.0761,0.0437
ZJ018130,0.05533,0.8467,0.03061,0.002636,0.008095,0.00539,0.02592,0.02556
ZJ018131,0.105,0.2734,0.0386,0.003872,0.4597,0.0212,0.0804,0.01765
ZJ018132,0.1792,0.013756,0.2268,0.2415,0.1957,0.07855,0.01062,0.0538
ZJ018133,0.04715,0.518,0.1487,0.02184,0.06525,0.07214,0.05756,0.06915
ZJ018134,0.544,0.04184,0.1877,0.02983,0.04218,0.013916,0.01123,0.1293
ZJ018135,0.4539,0.07605,0.0525,0.0446,0.109,0.01457,0.09296,0.1564
ZJ018136,0.1302,0.5674,0.1313,0.00598,0.012245,0.01278,0.010155,0.1298
ZJ018137,0.0629,0.2194,0.2297,0.01104,0.1743,0.1722,0.1007,0.02975
ZJ018138,0.01608,0.0878,0.03812,0.00758,0.0542,0.749,0.0438,0.003307
ZJ018139,0.2068,0.07654,0.0572,0.157,0.12024,0.02274,0.287,0.07245
ZJ018140,0.3413,0.1453,0.0818,0.03848,0.02579,0.00995,0.1852,0.1724
ZJ018141,0.1442,0.1414,0.2832,0.013405,0.0314,0.1488,0.1476,0.09
ZJ018142,0.03357,0.007668,0.01371,0.002287,0.005203,0.02068,0.9126,0.004887
ZJ018143,0.0703,0.3677,0.2141,0.02023,0.011505,0.0611,0.2301,0.02512
ZJ018144,0.2646,0.1029,0.3396,0.02399,0.01884,0.03745,0.1733,0.0391
ZJ018145,0.0918,0.0388,0.01917,0.01131,0.0168,0.00666,0.7983,0.01724
ZJ018146,0.1768,0.03754,0.3083,0.010994,0.0338,0.06122,0.3245,0.04688
ZJ018147,0.04773,0.06647,0.1536,0.1987,0.039,0.08154,0.01111,0.4019
ZJ018148,0.4976,0.08014,0.0846,0.01605,0.01117,0.02357,0.02477,0.262
ZJ018149,0.11975,0.007496,0.2141,0.4148,0.0501,0.04727,0.00938,0.137
ZJ018150,0.2465,0.01845,0.059,0.01634,0.0638,0.0871,0.3962,0.1124
ZJ018151,0.663,0.003,0.01788,0.0154,0.2454,0.004322,0.00657,0.04443
ZJ018152,0.288,0.1682,0.1992,0.0368,0.02,0.1398,0.1359,0.01218
ZJ018153,0.4224,0.1095,0.2465,0.0399,0.02118,0.04477,0.02957,0.0866
ZJ018154,0.02158,0.016,0.01868,0.00809,0.02188,0.857,0.0487,0.008026
ZJ018155,0.251,0.1282,0.3235,0.007008,0.007607,0.01976,0.1914,0.0716
ZJ018156,0.08466,0.069,0.5117,0.01081,0.038,0.1351,0.1074,0.04306
ZJ018157,0.10333,0.018,0.3228,0.2864,0.06793,0.1051,0.014145,0.0824
ZJ018158,0.0587,0.03723,0.3242,0.04025,0.059,0.2224,0.00917,0.249
ZJ018159,0.10626,0.00916,0.3938,0.07574,0.1327,0.1998,0.006744,0.0757
ZJ018160,0.007793,0.00933,0.0089,0.00744,0.00208,0.95,0.01127,0.003597
ZJ018161,0.1393,0.008865,0.2986,0.3154,0.04254,0.1039,0.008835,0.0827
ZJ018162,0.3962,0.1327,0.2205,0.0559,0.05038,0.01923,0.06097,0.0641
ZJ018163,0.003626,0.01122,0.042,0.001349,0.003672,0.9233,0.00869,0.005436
ZJ018164,0.2393,0.04608,0.4185,0.01448,0.02751,0.0645,0.173,0.01688
ZJ018165,0.2961,0.163,0.3132,0.01909,0.02548,0.0353,0.0652,0.0826
ZJ018166,0.2273,0.01692,0.0883,0.00911,0.0479,0.03702,0.545,0.0284
ZJ018167,0.4617,0.1086,0.2322,0.00397,0.04044,0.02737,0.0829,0.0429
ZJ018168,0.0731,0.04407,0.2869,0.0886,0.07056,0.27,0.00878,0.158
ZJ018169,0.1931,0.04175,0.1024,0.3137,0.1722,0.0431,0.03622,0.0973
ZJ018170,0.2122,0.2537,0.119,0.04074,0.05902,0.01585,0.1875,0.1121
ZJ018171,0.1356,0.06964,0.09357,0.02415,0.01445,0.02266,0.617,0.02281
ZJ018172,0.0763,0.0764,0.06494,0.006947,0.276,0.328,0.1438,0.02792
ZJ018173,0.006336,0.00744,0.01611,0.01187,0.01614,0.927,0.007183,0.00792
ZJ018174,0.04617,0.00646,0.586,0.010376,0.038,0.2583,0.002636,0.05194
ZJ018175,0.283,0.104,0.311,0.04056,0.04407,0.02243,0.121,0.0739
ZJ018176,0.2559,0.05377,0.2974,0.01124,0.03146,0.0874,0.2537,0.009315
ZJ018177,0.567,0.0474,0.04044,0.0281,0.1212,0.010925,0.09076,0.09436
ZJ018178,0.819,0.0231,0.01826,0.00644,0.02206,0.004814,0.03043,0.076
ZJ018179,0.2788,0.1154,0.07855,0.01055,0.02962,0.01733,0.3774,0.09235
ZJ018180,0.5557,0.01778,0.04745,0.0782,0.236,0.01487,0.01039,0.0397
ZJ018181,0.193,0.1669,0.06793,0.0572,0.0634,0.01509,0.3142,0.12244
ZJ018182,0.1624,0.5283,0.1453,0.01314,0.02567,0.01642,0.0687,0.0402
ZJ018183,0.11804,0.12177,0.2435,0.012985,0.07715,0.1004,0.304,0.02213
ZJ018184,0.08167,0.0154,0.03568,0.01767,0.01007,0.02206,0.8057,0.01247
ZJ018185,0.2986,0.2952,0.1318,0.05316,0.03247,0.02234,0.0503,0.116
ZJ018186,0.1172,0.1981,0.1288,0.01019,0.00775,0.3196,0.1335,0.08484
ZJ018187,0.003235,0.007153,0.0026,0.005394,0.001711,0.9624,0.01451,0.002287
ZJ018188,0.224,0.0346,0.2305,0.00448,0.0179,0.0924,0.3796,0.01663
ZJ018189,0.04327,0.0638,0.0608,0.014206,0.03445,0.6816,0.0813,0.02063
ZJ018190,0.01852,0.0525,0.04352,0.003042,0.0324,0.802,0.0421,0.005962
ZJ018191,0.2092,0.2676,0.1317,0.00427,0.2195,0.04156,0.11194,0.01427
ZJ018192,0.1686,0.1095,0.47,0.00808,0.0164,0.03226,0.1661,0.02922
ZJ018193,0.259,0.0447,0.34,0.01306,0.01895,0.0561,0.2412,0.0267
ZJ018194,0.000825,0.002548,0.0019455,0.000943,0.000534,0.9907,0.002047,0.00039
ZJ018195,0.003231,0.009094,0.0245,0.001521,0.003254,0.948,0.002636,0.007362
ZJ018196,0.2465,0.04922,0.1849,0.253,0.0538,0.04233,0.01863,0.1516
ZJ018197,0.1978,0.0602,0.1442,0.00942,0.1755,0.1448,0.2281,0.03995
ZJ018198,0.1841,0.1129,0.2505,0.0246,0.00997,0.02849,0.3425,0.04694
ZJ018199,0.01306,0.001974,0.00887,0.8843,0.001749,0.07446,0.003809,0.01118
ZJ018200,0.1381,0.5723,0.05362,0.00358,0.01211,0.015564,0.1609,0.04388
ZJ018201,0.307,0.005455,0.2097,0.174,0.04883,0.05133,0.00551,0.1984
ZJ018202,0.1454,0.01007,0.1,0.581,0.02275,0.02086,0.00752,0.1122
ZJ018203,0.3328,0.3079,0.13,0.01811,0.05292,0.02486,0.1125,0.02101
ZJ018204,0.166,0.00779,0.08655,0.509,0.04602,0.04312,0.00845,0.133
ZJ018205,0.6597,0.01732,0.0847,0.006004,0.055,0.03056,0.04184,0.105
ZJ018206,0.3079,0.1547,0.3037,0.01915,0.03757,0.02927,0.0818,0.06616
ZJ018207,0.11194,0.1274,0.04993,0.006138,0.04822,0.1244,0.4329,0.0992
ZJ018208,0.06744,0.0442,0.0556,0.01341,0.00945,0.02548,0.7695,0.015
ZJ018209,0.1907,0.1349,0.05167,0.0076,0.02982,0.0606,0.4368,0.0883
ZJ018210,0.1858,0.258,0.265,0.006195,0.02621,0.04822,0.0663,0.1444
ZJ018211,0.1056,0.07324,0.1302,0.04025,0.0213,0.1458,0.2524,0.2311
ZJ018212,0.3318,0.00877,0.08167,0.1024,0.3413,0.0203,0.00719,0.1063
ZJ018213,0.2698,0.1227,0.1823,0.0049,0.0177,0.02034,0.3381,0.04428
ZJ018214,0.3293,0.1361,0.3044,0.02519,0.0178,0.0224,0.06094,0.1037
ZJ018215,0.1478,0.4739,0.0584,0.00961,0.0104,0.0079,0.147,0.1451
ZJ018216,0.0485,0.05927,0.0984,0.00596,0.01965,0.643,0.0825,0.04257
ZJ018217,0.8774,0.002846,0.006653,0.002708,0.0899,0.00282,0.00755,0.01013
ZJ018218,0.0759,0.05206,0.74,0.004143,0.01122,0.00768,0.0529,0.05566
ZJ018219,0.2142,0.2988,0.10315,0.01704,0.013695,0.01032,0.02568,0.3171
ZJ018220,0.206,0.1946,0.3328,0.0141,0.01694,0.0626,0.121,0.052
ZJ018221,0.1247,0.0738,0.623,0.00672,0.0209,0.011024,0.097,0.04297
ZJ018222,0.523,0.08905,0.0754,0.0188,0.1328,0.05054,0.07,0.04053
ZJ018223,0.0521,0.0337,0.02914,0.02518,0.0103,0.03406,0.703,0.1125
ZJ018224,0.09656,0.013084,0.3362,0.0899,0.004833,0.012695,0.002966,0.4438
ZJ018225,0.2151,0.324,0.2332,0.02138,0.04324,0.05264,0.08405,0.02658
ZJ018226,0.0832,0.11755,0.0877,0.02098,0.00899,0.052,0.606,0.02356
ZJ018227,0.1267,0.1497,0.3381,0.006847,0.05304,0.0967,0.1849,0.04413
ZJ018228,0.142,0.00887,0.3054,0.1805,0.04602,0.1183,0.0319,0.167
ZJ018229,0.1411,0.06525,0.345,0.01642,0.11115,0.137,0.1385,0.04572
ZJ018230,0.02153,0.012794,0.06104,0.005863,0.00809,0.8687,0.015335,0.006287
ZJ018231,0.1522,0.09186,0.10284,0.005894,0.276,0.04068,0.309,0.02158
ZJ018232,0.0849,0.1593,0.2766,0.01283,0.013695,0.1288,0.10364,0.2203
ZJ018233,0.2917,0.04813,0.2119,0.1753,0.03177,0.05743,0.0328,0.1509
ZJ018234,0.0757,0.004726,0.1852,0.1208,0.02603,0.015175,0.004093,0.5684
ZJ018235,0.0506,0.006615,0.5454,0.07117,0.07495,0.03012,0.007515,0.2136
ZJ018236,0.09106,0.0727,0.5146,0.0081,0.0646,0.10315,0.11163,0.03412
ZJ018237,0.4019,0.00625,0.0635,0.07666,0.04504,0.00727,0.00555,0.3936
ZJ018238,0.137,0.010666,0.2083,0.2223,0.10986,0.01377,0.003275,0.295
ZJ018239,0.08185,0.277,0.11993,0.03842,0.03702,0.02243,0.2646,0.1587
ZJ018240,0.2773,0.0915,0.0691,0.05035,0.0718,0.008484,0.2474,0.184
ZJ018241,0.06445,0.01372,0.526,0.0478,0.05283,0.1624,0.00912,0.1239
ZJ018242,0.0959,0.0832,0.2861,0.02203,0.02147,0.3345,0.12146,0.03543
ZJ018243,0.02155,0.0735,0.1749,0.005966,0.012405,0.6265,0.04837,0.0367
ZJ018244,0.03342,0.00812,0.683,0.0556,0.02211,0.03406,0.010086,0.1532
ZJ018245,0.11053,0.3325,0.2428,0.02478,0.0329,0.09564,0.1056,0.05536
ZJ018246,0.01561,0.007698,0.02805,0.012924,0.01546,0.8545,0.04764,0.0183
ZJ018247,0.8057,0.01787,0.009224,0.005524,0.0994,0.001721,0.0441,0.01688
ZJ018248,0.2249,0.0989,0.1465,0.00977,0.2834,0.06805,0.152,0.01648
ZJ018249,0.3362,0.1105,0.1711,0.01215,0.0772,0.06064,0.156,0.07623
ZJ018250,0.1244,0.0963,0.2035,0.01075,0.316,0.09686,0.1333,0.019
ZJ018251,0.04102,0.00287,0.5356,0.0195,0.00791,0.00415,0.004772,0.3843
ZJ018252,0.1674,0.04858,0.1351,0.03812,0.01052,0.2422,0.3093,0.04868
ZJ018253,0.1702,0.535,0.0826,0.04562,0.0281,0.01159,0.05322,0.07336
ZJ018254,0.2063,0.07,0.2473,0.04794,0.06464,0.10333,0.0616,0.199
ZJ018255,0.761,0.03204,0.01412,0.01394,0.11316,0.009224,0.04065,0.0154
ZJ018256,0.0965,0.006824,0.5073,0.0642,0.10657,0.009796,0.004784,0.2039
ZJ018257,0.2126,0.162,0.277,0.02994,0.01584,0.02994,0.255,0.01761
ZJ018258,0.02419,0.889,0.02226,0.001217,0.003378,0.002869,0.011116,0.0457
ZJ018259,0.02484,0.1268,0.05215,0.01784,0.02524,0.595,0.0988,0.05902
ZJ018260,0.4487,0.00456,0.195,0.02092,0.0877,0.02007,0.00439,0.2188
ZJ018261,0.2502,0.2637,0.1647,0.00644,0.10535,0.02945,0.1442,0.03598
ZJ018262,0.0976,0.1289,0.0872,0.02519,0.3003,0.1388,0.1958,0.02628
ZJ018263,0.3975,0.09216,0.2361,0.05478,0.05063,0.02443,0.0759,0.06854
ZJ018264,0.2249,0.508,0.03555,0.00547,0.03677,0.007713,0.1472,0.03445
ZJ018265,0.4324,0.06085,0.1505,0.01065,0.0412,0.02927,0.2559,0.01909
ZJ018266,0.11884,0.014,0.0957,0.575,0.01897,0.0222,0.01101,0.1439
ZJ018267,0.2338,0.05695,0.234,0.1951,0.05453,0.05264,0.02596,0.147
ZJ018268,0.1345,0.163,0.442,0.00786,0.00931,0.0494,0.1816,0.01274
ZJ018269,0.0436,0.01242,0.05508,0.8125,0.01558,0.03308,0.00869,0.0191
ZJ018270,0.1525,0.01563,0.04285,0.01898,0.6113,0.0796,0.03696,0.04242
ZJ018271,0.10925,0.00667,0.1719,0.4968,0.03165,0.03644,0.00609,0.141
ZJ018272,0.643,0.01104,0.03793,0.006966,0.0829,0.02031,0.1885,0.00935
ZJ018273,0.05508,0.04898,0.08575,0.09094,0.03595,0.5684,0.07135,0.04358
ZJ018274,0.2732,0.0693,0.2311,0.00586,0.0379,0.03455,0.318,0.03024
ZJ018275,0.3572,0.0434,0.1696,0.01868,0.00853,0.01267,0.02592,0.364
ZJ018276,0.1344,0.1344,0.2024,0.010155,0.0952,0.1821,0.2048,0.03653
ZJ018277,0.146,0.1361,0.2893,0.01426,0.0457,0.0727,0.237,0.05884
ZJ018278,0.1538,0.0874,0.09937,0.0689,0.0836,0.3606,0.1255,0.02077
ZJ018279,0.2151,0.117,0.3809,0.01049,0.01834,0.0547,0.1525,0.0512
ZJ018280,0.1617,0.06207,0.561,0.00785,0.01389,0.04013,0.1434,0.00982
ZJ018281,0.2242,0.0798,0.1504,0.01884,0.01846,0.09564,0.3364,0.07623
ZJ018282,0.2004,0.1129,0.1648,0.01097,0.1082,0.072,0.2966,0.03415
ZJ018283,0.226,0.3032,0.2185,0.00757,0.02222,0.01135,0.08826,0.12286
ZJ018284,0.581,0.005466,0.03052,0.0899,0.08685,0.0349,0.02359,0.1477
ZJ018285,0.1438,0.16,0.2915,0.0083,0.05475,0.0342,0.2537,0.05356
ZJ018286,0.555,0.05533,0.067,0.04062,0.06946,0.02278,0.08545,0.104
ZJ018287,0.563,0.015236,0.03812,0.05524,0.2651,0.0193,0.009186,0.03458
ZJ018288,0.2424,0.00875,0.02559,0.00787,0.631,0.01807,0.01314,0.0534
ZJ018289,0.2113,0.06793,0.4224,0.00642,0.01333,0.07916,0.1919,0.007652
ZJ018290,0.3691,0.06335,0.2473,0.02469,0.0303,0.06726,0.184,0.01388
ZJ018291,0.3523,0.01073,0.183,0.06134,0.223,0.0731,0.02798,0.0686
ZJ018292,0.03354,0.03745,0.198,0.01135,0.02325,0.6533,0.02422,0.01875
ZJ018293,0.2239,0.04727,0.237,0.0159,0.014175,0.1097,0.3354,0.01643
ZJ018294,0.00768,0.007317,0.00797,0.3064,0.002785,0.6626,0.001088,0.003925
ZJ018295,0.1409,0.007256,0.3076,0.3284,0.02011,0.02827,0.01683,0.1506
ZJ018296,0.2191,0.2356,0.07404,0.02127,0.04517,0.0674,0.1411,0.1964
ZJ018297,0.4492,0.02766,0.06073,0.1115,0.2517,0.02112,0.01179,0.0662
ZJ018298,0.1178,0.00903,0.1835,0.2396,0.2656,0.0646,0.004307,0.1156
ZJ018299,0.1892,0.04376,0.0978,0.1656,0.1255,0.06506,0.04736,0.2656
ZJ018300,0.2054,0.01785,0.04947,0.01666,0.547,0.0671,0.02652,0.0702
ZJ018301,0.2438,0.1555,0.0856,0.06946,0.04385,0.01578,0.2152,0.1709
ZJ018302,0.09143,0.01747,0.07404,0.658,0.03738,0.03296,0.01436,0.07416
ZJ018303,0.1478,0.07446,0.2429,0.009254,0.00327,0.03586,0.4316,0.05453
ZJ018304,0.1436,0.0515,0.0497,0.013916,0.01622,0.0722,0.6196,0.0334
ZJ018305,0.0671,0.003906,0.01363,0.00689,0.01107,0.00478,0.8813,0.01172
ZJ018306,0.081,0.0781,0.05792,0.01072,0.04422,0.011604,0.691,0.02536
ZJ018307,0.2214,0.0367,0.1892,0.01055,0.007275,0.02591,0.4832,0.02567
ZJ018308,0.1932,0.0577,0.0308,0.02457,0.02065,0.01327,0.434,0.226
ZJ018309,0.3848,0.08075,0.261,0.01602,0.012115,0.03857,0.08966,0.1172
ZJ018310,0.2944,0.1652,0.1339,0.0725,0.01913,0.01659,0.02017,0.278
ZJ018311,0.1637,0.04926,0.2869,0.05426,0.0628,0.1356,0.03656,0.2109
ZJ018312,0.1433,0.1936,0.1691,0.02927,0.02573,0.1418,0.2566,0.0405
ZJ018313,0.2542,0.07477,0.362,0.00861,0.01674,0.06195,0.2112,0.01038
ZJ018314,0.361,0.10144,0.2603,0.04642,0.04584,0.03049,0.08417,0.0702
ZJ018315,0.702,0.05426,0.06415,0.01504,0.05966,0.00747,0.03586,0.06137
ZJ018316,0.048,0.3608,0.1901,0.02107,0.1407,0.1037,0.1007,0.03473
ZJ018317,0.0976,0.7964,0.03052,0.002981,0.02052,0.001336,0.0321,0.01852
ZJ018318,0.0584,0.00747,0.683,0.0378,0.01487,0.0502,0.00741,0.1406
ZJ018319,0.0547,0.0812,0.02184,0.0805,0.04837,0.506,0.162,0.04578
ZJ018320,0.3994,0.1063,0.2502,0.02132,0.01886,0.01463,0.03543,0.1538
ZJ018321,0.1438,0.4543,0.1219,0.01071,0.0559,0.10284,0.08374,0.02666
ZJ018322,0.32,0.1083,0.164,0.01932,0.1458,0.0637,0.1265,0.05243
ZJ018323,0.1375,0.0339,0.3298,0.00942,0.00789,0.0947,0.3535,0.03314
ZJ018324,0.9346,0.00475,0.005013,0.00228,0.0447,0.001126,0.003162,0.004593
ZJ018325,0.1387,0.01083,0.09076,0.5713,0.02823,0.02893,0.00821,0.12317
ZJ018326,0.2698,0.5366,0.02641,0.004017,0.02866,0.01639,0.09827,0.01985
ZJ018327,0.2073,0.0321,0.1301,0.10315,0.02617,0.04883,0.03546,0.4172
ZJ018328,0.481,0.062,0.2488,0.01997,0.017,0.02768,0.1077,0.03604
ZJ018329,0.1239,0.08954,0.3884,0.008606,0.07056,0.0578,0.2151,0.0463
ZJ018330,0.2883,0.14,0.1686,0.01532,0.024,0.0538,0.1976,0.1125
ZJ018331,0.1693,0.0385,0.0427,0.04276,0.0707,0.03146,0.556,0.04843
ZJ018332,0.3792,0.109,0.2522,0.05347,0.0368,0.0395,0.03833,0.0917
ZJ018333,0.12366,0.06946,0.2605,0.0731,0.2563,0.1165,0.03036,0.0701
ZJ018334,0.2429,0.11633,0.1812,0.04077,0.04773,0.09283,0.253,0.02534
ZJ018335,0.2,0.11346,0.2273,0.02637,0.0311,0.163,0.1826,0.05606
ZJ018336,0.1567,0.1287,0.0963,0.086,0.05606,0.2078,0.2058,0.0626
ZJ018337,0.2074,0.1037,0.4497,0.01389,0.03162,0.0938,0.07245,0.02759
ZJ018338,0.3164,0.1602,0.04913,0.0587,0.0714,0.01143,0.2301,0.10254
ZJ018339,0.2156,0.0902,0.1683,0.06683,0.05435,0.1548,0.2244,0.02524
ZJ018340,0.2126,0.0951,0.1703,0.05347,0.02258,0.2683,0.164,0.01372
ZJ018341,0.324,0.1418,0.097,0.05426,0.06152,0.01426,0.15,0.1572
ZJ018342,0.04184,0.01599,0.01244,0.04095,0.01093,0.843,0.02805,0.006584
ZJ018343,0.0911,0.00875,0.0734,0.517,0.05743,0.02693,0.006523,0.2185
ZJ018344,0.401,0.00964,0.025,0.0607,0.4458,0.03265,0.006824,0.01859
ZJ018345,0.1938,0.2474,0.2223,0.02281,0.0674,0.05014,0.07764,0.11847
ZJ018346,0.02005,0.01248,0.0439,0.00435,0.006554,0.8867,0.01996,0.006218
ZJ018347,0.1095,0.05624,0.04697,0.00202,0.3293,0.3926,0.0503,0.01316
ZJ018348,0.1302,0.02397,0.144,0.1854,0.03555,0.02374,0.00949,0.4478
ZJ018349,0.11926,0.00554,0.02345,0.00744,0.0332,0.0764,0.703,0.03134
ZJ018350,0.919,0.008835,0.009445,0.001627,0.04123,0.001742,0.01573,0.003048
ZJ018351,0.1965,0.2053,0.2252,0.05438,0.02061,0.0912,0.1912,0.01566
ZJ018352,0.00964,0.02087,0.011185,0.05112,0.006767,0.858,0.03067,0.01198
ZJ018353,0.1001,0.6646,0.04236,0.007812,0.0371,0.01955,0.0978,0.03052
ZJ018354,0.8057,0.02579,0.022,0.01149,0.02676,0.005238,0.07916,0.02434
ZJ018355,0.082,0.04944,0.0909,0.0603,0.03357,0.611,0.04428,0.02852
ZJ018356,0.48,0.02127,0.02634,0.0943,0.293,0.0349,0.01714,0.03305
ZJ018357,0.4414,0.0388,0.03992,0.02051,0.014786,0.01653,0.282,0.1461
ZJ018358,0.2418,0.1438,0.225,0.04202,0.05353,0.052,0.156,0.0859
ZJ018359,0.1221,0.2688,0.1967,0.01582,0.03278,0.06094,0.10046,0.2025
ZJ018360,0.551,0.0342,0.0635,0.01094,0.2441,0.02312,0.05792,0.015526
ZJ018361,0.3247,0.1478,0.2454,0.0103,0.01689,0.03342,0.1832,0.03833
ZJ018362,0.0755,0.1399,0.266,0.01345,0.1407,0.1923,0.1327,0.03937
ZJ018363,0.3076,0.1461,0.0907,0.0403,0.02966,0.012184,0.1588,0.2146
ZJ018364,0.267,0.05145,0.4714,0.00595,0.01643,0.03177,0.02258,0.1335
ZJ018365,0.4,0.07,0.1066,0.1407,0.0782,0.04895,0.04486,0.11053
ZJ018366,0.2047,0.2637,0.326,0.01674,0.02051,0.0236,0.05215,0.0928
ZJ018367,0.1007,0.012634,0.3398,0.1465,0.00914,0.04645,0.01042,0.3345
ZJ018368,0.2045,0.0312,0.4023,0.007256,0.007042,0.02515,0.2876,0.03494
ZJ018369,0.0726,0.645,0.04904,0.01471,0.02762,0.04822,0.1022,0.04086
ZJ018370,0.1754,0.1029,0.354,0.01819,0.03076,0.1371,0.1575,0.02403
ZJ018371,0.33,0.175,0.2115,0.02155,0.0671,0.02087,0.06604,0.1077
ZJ018372,0.2737,0.02544,0.0471,0.1995,0.2898,0.07574,0.02837,0.06055
ZJ018373,0.011154,0.001821,0.00638,0.932,0.001721,0.03177,0.002935,0.012024
ZJ018374,0.7886,0.03186,0.02896,0.002062,0.04385,0.00727,0.0742,0.02298
ZJ018375,0.1642,0.01074,0.1737,0.3867,0.10876,0.08954,0.011635,0.05463
ZJ018376,0.1908,0.1267,0.06793,0.03055,0.04413,0.0562,0.4485,0.03537
ZJ018377,0.0559,0.162,0.4722,0.00531,0.0264,0.1209,0.1366,0.02086
ZJ018378,0.0889,0.0643,0.54,0.007183,0.0551,0.1019,0.10724,0.0351
ZJ018379,0.03586,0.02715,0.065,0.03693,0.0153,0.7783,0.02138,0.01997
ZJ018380,0.2554,0.1422,0.2402,0.02934,0.05136,0.0775,0.0269,0.1771
ZJ018381,0.06152,0.07764,0.0602,0.0975,0.03027,0.6016,0.0432,0.02805
ZJ018382,0.1418,0.127,0.2197,0.04465,0.02515,0.1625,0.2152,0.0641
ZJ018383,0.0447,0.4175,0.08905,0.118,0.04095,0.1102,0.08185,0.09766
ZJ018384,0.3586,0.4055,0.01381,0.008156,0.1041,0.00492,0.07056,0.0346
ZJ018385,0.0361,0.004894,0.006966,0.00477,0.009544,0.00806,0.927,0.002789
ZJ018386,0.2375,0.01862,0.092,0.02156,0.02248,0.07855,0.4402,0.08905
ZJ018387,0.09033,0.0052,0.596,0.0529,0.04028,0.00404,0.002176,0.2087
ZJ018388,0.02698,0.3364,0.0976,0.00628,0.01575,0.4478,0.06122,0.00805
ZJ018389,0.3965,0.10925,0.1956,0.02263,0.1041,0.03223,0.1042,0.03574
ZJ018390,0.2009,0.02248,0.664,0.00524,0.00831,0.01627,0.01588,0.06683
ZJ018391,0.0803,0.00896,0.4336,0.0768,0.0585,0.02888,0.006165,0.307
ZJ018392,0.0746,0.006813,0.1267,0.594,0.03696,0.05438,0.009254,0.09705
ZJ018393,0.0008187,0.002647,0.002579,0.001417,0.000986,0.9893,0.001849,0.0007334
ZJ018394,0.1407,0.0844,0.4019,0.01546,0.02367,0.06476,0.2229,0.046
ZJ018395,0.7646,0.02776,0.05405,0.01588,0.07104,0.006874,0.0155,0.0442
ZJ018396,0.2133,0.1053,0.05438,0.011345,0.1289,0.02507,0.4492,0.0124
ZJ018397,0.0867,0.010605,0.4204,0.07855,0.00692,0.02786,0.004723,0.3645
ZJ018398,0.2102,0.08527,0.04828,0.04645,0.0959,0.4146,0.0656,0.0338
ZJ018399,0.1565,0.06665,0.3694,0.007404,0.04913,0.2148,0.1043,0.03174
ZJ018400,0.3591,0.1261,0.2229,0.05084,0.04965,0.02362,0.03198,0.1359
ZJ018401,0.0205,0.011505,0.00844,0.000876,0.005657,0.01209,0.9287,0.011894
ZJ018402,0.0924,0.1718,0.0546,0.0325,0.038,0.2211,0.2888,0.10095
ZJ018403,0.1897,0.06256,0.0605,0.04565,0.0559,0.1092,0.437,0.03943
ZJ018404,0.1882,0.0862,0.1185,0.2125,0.052,0.02597,0.03305,0.2834
ZJ018405,0.1742,0.07574,0.07336,0.04248,0.0282,0.01694,0.551,0.03806
ZJ018406,0.2903,0.116,0.063,0.07947,0.04095,0.01149,0.2117,0.1873
ZJ018407,0.00917,0.03186,0.06256,0.00838,0.005417,0.8374,0.0241,0.02101
ZJ018408,0.04608,0.2063,0.1554,0.01079,0.09186,0.3503,0.0955,0.04398
ZJ018409,0.2246,0.0083,0.3306,0.1666,0.02342,0.1009,0.01938,0.1262
ZJ018410,0.1605,0.00892,0.0728,0.02652,0.4048,0.2086,0.02437,0.09375
ZJ018411,0.001814,0.00404,0.00436,0.002523,0.001262,0.9814,0.003433,0.001734
ZJ018412,0.3408,0.005257,0.04938,0.3022,0.09796,0.03516,0.00818,0.1609
ZJ018413,0.319,0.09265,0.176,0.011734,0.0433,0.02695,0.3225,0.00784
ZJ018414,0.334,0.0773,0.0997,0.0499,0.1007,0.0189,0.2067,0.11316
ZJ018415,0.05185,0.016,0.1141,0.01938,0.02505,0.7173,0.03937,0.01695
ZJ018416,0.2715,0.01846,0.1832,0.1394,0.02133,0.0271,0.01903,0.3198
ZJ018417,0.2465,0.1284,0.2211,0.03738,0.1517,0.05615,0.04453,0.11414
ZJ018418,0.3936,0.1144,0.04602,0.0543,0.05997,0.01414,0.154,0.1636
ZJ018419,0.1891,0.1207,0.2788,0.02034,0.05923,0.04022,0.2244,0.06744
ZJ018420,0.1615,0.126,0.343,0.008705,0.007805,0.0291,0.1351,0.1887
ZJ018421,0.156,0.01365,0.2004,0.3853,0.0445,0.02905,0.01347,0.1577
ZJ018422,0.1255,0.01274,0.2585,0.3567,0.0684,0.07074,0.01345,0.0939
ZJ018423,0.3872,0.2439,0.0996,0.02866,0.0391,0.02417,0.1493,0.02805
ZJ018424,0.27,0.3674,0.1842,0.0115,0.00767,0.01749,0.05524,0.0865
ZJ018425,0.318,0.01674,0.02869,0.1255,0.3853,0.03644,0.02522,0.0638
ZJ018426,0.03644,0.02013,0.0726,0.02957,0.02426,0.7534,0.0415,0.02199
ZJ018427,0.1445,0.0786,0.4272,0.01461,0.02847,0.0717,0.2074,0.02715
ZJ018428,0.09644,0.1061,0.2847,0.01019,0.01195,0.01674,0.0194,0.4546
ZJ018429,0.3037,0.1078,0.3877,0.01808,0.01768,0.03156,0.0814,0.05206
ZJ018430,0.1616,0.2185,0.3032,0.01717,0.00975,0.02098,0.08276,0.1859
ZJ018431,0.2438,0.0343,0.09357,0.298,0.0828,0.013626,0.02007,0.2139
ZJ018432,0.1971,0.3167,0.1796,0.0583,0.02913,0.0392,0.1337,0.04633
ZJ018433,0.1178,0.139,0.04327,0.0478,0.03558,0.0187,0.4539,0.1437
ZJ018434,0.04074,0.06335,0.08575,0.01153,0.02162,0.7007,0.05963,0.01674
ZJ018435,0.3032,0.2076,0.2106,0.04193,0.06464,0.01732,0.0898,0.065
ZJ018436,0.2458,0.0519,0.2057,0.2156,0.02908,0.06094,0.01775,0.1732
ZJ018437,0.1718,0.0777,0.07623,0.02705,0.02222,0.0125,0.522,0.0904
ZJ018438,0.1445,0.1362,0.194,0.03287,0.0924,0.02994,0.314,0.05597
ZJ018439,0.412,0.07214,0.1227,0.01073,0.04318,0.04333,0.2788,0.01683
ZJ018440,0.01624,0.01235,0.04538,0.00582,0.0083,0.8877,0.01805,0.0066
ZJ018441,0.0951,0.745,0.034,0.02798,0.02272,0.003689,0.03775,0.03354
ZJ018442,0.11633,0.1058,0.0661,0.04907,0.1259,0.01656,0.4421,0.0782
ZJ018443,0.03748,0.05283,0.1139,0.02162,0.006096,0.143,0.457,0.1681
ZJ018444,0.1454,0.1617,0.2021,0.01631,0.01349,0.0638,0.1923,0.2048
ZJ018445,0.1107,0.3643,0.2311,0.01089,0.0189,0.1349,0.05322,0.076
ZJ018446,0.1753,0.3066,0.3228,0.02016,0.01286,0.02531,0.1161,0.02092
ZJ018447,0.0772,0.00796,0.2925,0.03023,0.1873,0.121,0.008896,0.275
ZJ018448,0.2988,0.1758,0.2034,0.00978,0.0225,0.06793,0.1694,0.0523
ZJ018449,0.01575,0.1284,0.2502,0.001727,0.005547,0.544,0.0389,0.01516
ZJ018450,0.1121,0.1667,0.191,0.02657,0.03766,0.1514,0.273,0.0416
ZJ018451,0.2615,0.03784,0.2844,0.0816,0.03143,0.03214,0.01778,0.2532
ZJ018452,0.3774,0.01878,0.1532,0.2102,0.03302,0.0244,0.0166,0.1664
ZJ018453,0.251,0.2028,0.3333,0.00956,0.01704,0.01314,0.0425,0.1307
ZJ018454,0.010376,0.05624,0.05307,0.004436,0.01628,0.8257,0.01915,0.01475
ZJ018455,0.1007,0.00901,0.328,0.2952,0.06995,0.12415,0.00898,0.0643
ZJ018456,0.2106,0.306,0.04175,0.01179,0.0645,0.01636,0.3022,0.04697
ZJ018457,0.4448,0.0762,0.1969,0.0818,0.0635,0.02267,0.0393,0.0748
ZJ018458,0.0959,0.1329,0.2015,0.02208,0.02371,0.109,0.2664,0.1484
ZJ018459,0.2952,0.03897,0.2015,0.02542,0.0583,0.1493,0.2126,0.0186
ZJ018460,0.0805,0.009186,0.0851,0.684,0.01025,0.04782,0.01543,0.0674
ZJ018461,0.0903,0.3923,0.1022,0.02037,0.0498,0.03195,0.2551,0.05792
ZJ018462,0.2627,0.03583,0.223,0.1998,0.02713,0.0616,0.01375,0.1759
ZJ018463,0.001475,0.001951,0.00422,0.002367,0.001802,0.9834,0.003712,0.000949
ZJ018464,0.10583,0.506,0.1211,0.06168,0.02884,0.02902,0.064,0.0835
ZJ018465,0.2422,0.1909,0.2854,0.0139,0.01129,0.08746,0.10046,0.0683
ZJ018466,0.427,0.02261,0.04645,0.00952,0.04333,0.0186,0.4094,0.02298
ZJ018467,0.175,0.3818,0.2236,0.01892,0.02286,0.02281,0.05777,0.09717
ZJ018468,0.006905,0.002249,0.00538,0.948,0.0008383,0.01584,0.002758,0.0178
ZJ018469,0.11194,0.0595,0.4067,0.0292,0.03995,0.252,0.0419,0.05908
ZJ018470,0.2141,0.2,0.2998,0.00814,0.05865,0.1047,0.0969,0.01773
ZJ018471,0.1208,0.11316,0.252,0.0729,0.00923,0.0453,0.0164,0.3704
ZJ018472,0.02576,0.013466,0.06366,0.01444,0.01289,0.8345,0.02495,0.01108
ZJ018473,0.2944,0.07166,0.1686,0.01292,0.01555,0.2478,0.1127,0.0764
ZJ018474,0.1287,0.4292,0.03134,0.003674,0.2622,0.02336,0.1068,0.01487
ZJ018475,0.08636,0.00798,0.4849,0.08026,0.1044,0.00873,0.00523,0.2223
ZJ018476,0.1759,0.2493,0.1339,0.01469,0.05054,0.01805,0.297,0.06085
ZJ018477,0.109,0.04382,0.672,0.00343,0.015274,0.04288,0.07623,0.03754
ZJ018478,0.167,0.0803,0.2812,0.02159,0.0506,0.0687,0.2402,0.09033
ZJ018479,0.1333,0.1239,0.11835,0.04013,0.04944,0.1006,0.3337,0.10046
ZJ018480,0.1926,0.269,0.1043,0.02605,0.03348,0.02792,0.1636,0.1829
ZJ018481,0.2732,0.10626,0.074,0.1203,0.0777,0.01288,0.1611,0.1746
ZJ018482,0.05966,0.013504,0.0529,0.004692,0.003778,0.07056,0.772,0.02287
ZJ018483,0.04214,0.013466,0.01427,0.003763,0.0744,0.0423,0.8047,0.00511
ZJ018484,0.1165,0.01503,0.08594,0.01384,0.485,0.1394,0.03503,0.10876
ZJ018485,0.02045,0.01226,0.007362,0.002125,0.0326,0.006294,0.9126,0.006187
ZJ018486,0.162,0.234,0.086,0.0401,0.0874,0.12463,0.2415,0.02458
ZJ018487,0.03604,0.02666,0.2542,0.01432,0.01974,0.591,0.0323,0.02617
ZJ018488,0.1649,0.2496,0.3152,0.01142,0.02705,0.05728,0.1448,0.03006
ZJ018489,0.26,0.02512,0.04828,0.00417,0.04004,0.01311,0.5923,0.0167
ZJ018490,0.5625,0.003628,0.03818,0.0649,0.2308,0.0449,0.01316,0.04202
ZJ018491,0.14,0.05948,0.3416,0.006798,0.00772,0.1628,0.2578,0.02383
ZJ018492,0.1896,0.2434,0.3037,0.02135,0.0319,0.0546,0.1248,0.03072
ZJ018493,0.05975,0.04135,0.2988,0.01942,0.02592,0.457,0.0687,0.02914
ZJ018494,0.516,0.00511,0.1796,0.01321,0.1367,0.00922,0.00568,0.1343
ZJ018495,0.4146,0.0725,0.02548,0.0636,0.07544,0.01404,0.2155,0.11914
ZJ018496,0.2117,0.03702,0.11755,0.005363,0.3694,0.07434,0.1539,0.03056
ZJ018497,0.2214,0.0387,0.2422,0.00569,0.004303,0.02945,0.4297,0.02861
ZJ018498,0.2444,0.09393,0.10126,0.1409,0.0583,0.1268,0.1102,0.12415
ZJ018499,0.1536,0.10956,0.442,0.00923,0.02388,0.03235,0.1224,0.10724
ZJ018500,0.1001,0.11633,0.3025,0.014015,0.0538,0.10126,0.2151,0.0969
ZJ018501,0.005466,0.01518,0.013016,0.009705,0.004112,0.931,0.01536,0.005302
ZJ018502,0.2281,0.425,0.01665,0.01082,0.2418,0.01503,0.04272,0.01999
ZJ018503,0.0839,0.05414,0.1156,0.04367,0.01686,0.04327,0.5977,0.04504
ZJ018504,0.2084,0.2615,0.2852,0.02466,0.006714,0.04047,0.1547,0.0185
ZJ018505,0.3816,0.00698,0.1517,0.00755,0.365,0.007683,0.006767,0.0727
ZJ018506,0.498,0.00564,0.08734,0.0669,0.1763,0.06323,0.02556,0.0769
ZJ018507,0.5005,0.118,0.07404,0.02463,0.0738,0.0385,0.1387,0.03198
ZJ018508,0.02118,0.0404,0.01883,0.1304,0.01776,0.6885,0.06714,0.01602
ZJ018509,0.866,0.005493,0.01625,0.002644,0.03836,0.002903,0.06097,0.00659
ZJ018510,0.1846,0.01712,0.0662,0.06354,0.407,0.0622,0.0617,0.1376
ZJ018511,0.1716,0.10144,0.5166,0.01168,0.02045,0.0699,0.10095,0.007362
ZJ018512,0.1611,0.094,0.1249,0.05304,0.0199,0.223,0.2903,0.03366
ZJ018513,0.0705,0.1157,0.4214,0.015114,0.01316,0.1516,0.1737,0.03897
ZJ018514,0.2986,0.1388,0.11145,0.02133,0.1039,0.02206,0.2426,0.06134
ZJ018515,0.1393,0.2047,0.1669,0.02121,0.0654,0.2185,0.1614,0.02269
ZJ018516,0.06464,0.01646,0.1913,0.05087,0.401,0.126,0.00965,0.1404
ZJ018517,0.2047,0.03806,0.266,0.219,0.03198,0.049,0.01422,0.1771
ZJ018518,0.2477,0.01617,0.05182,0.2498,0.336,0.03235,0.01234,0.05377
ZJ018519,0.2126,0.0698,0.3286,0.00932,0.2262,0.06036,0.0852,0.007835
ZJ018520,0.258,0.1727,0.07886,0.0253,0.11755,0.03693,0.2734,0.03708
ZJ018521,0.3167,0.1127,0.10223,0.0501,0.02946,0.01974,0.1752,0.194
ZJ018522,0.1611,0.1061,0.396,0.01656,0.0853,0.0876,0.06885,0.07855
ZJ018523,0.0489,0.3025,0.3254,0.02783,0.04544,0.09125,0.104,0.05484
ZJ018524,0.2542,0.1663,0.2092,0.01826,0.0353,0.0517,0.2097,0.0556
ZJ018525,0.1472,0.1771,0.1131,0.0814,0.03104,0.06445,0.3547,0.03091
ZJ018526,0.347,0.1951,0.1232,0.04684,0.01449,0.01136,0.01393,0.248
ZJ018527,0.0219,0.011925,0.05145,0.01686,0.01741,0.845,0.02342,0.011215
ZJ018528,0.0729,0.004307,0.3093,0.04388,0.00617,0.02914,0.007782,0.5264
ZJ018529,0.05133,0.7144,0.0893,0.01098,0.02719,0.0326,0.06085,0.01326
ZJ018530,0.2122,0.04343,0.2156,0.04767,0.02805,0.1188,0.2751,0.05933
ZJ018531,0.06464,0.01894,0.39,0.0845,0.01805,0.1306,0.01004,0.2834
ZJ018532,0.1775,0.4253,0.06586,0.0141,0.0569,0.014786,0.2268,0.01863
ZJ018533,0.007133,0.013405,0.01466,0.00807,0.001063,0.919,0.03217,0.0048
ZJ018534,0.0629,0.00658,0.0507,0.529,0.01499,0.03717,0.007557,0.2915
ZJ018535,0.0869,0.01182,0.4282,0.1357,0.04688,0.02463,0.01014,0.2559
ZJ018536,0.4954,0.11804,0.1318,0.01173,0.02971,0.04742,0.1348,0.0312
ZJ018537,0.1068,0.2415,0.237,0.01381,0.01353,0.0897,0.2024,0.0952
ZJ018538,0.606,0.004448,0.02881,0.1167,0.1777,0.0282,0.004044,0.0342
ZJ018539,0.1621,0.1693,0.2106,0.00931,0.01402,0.139,0.2097,0.0861
ZJ018540,0.1477,0.2418,0.1086,0.02812,0.2258,0.02982,0.1736,0.04468
ZJ018541,0.0968,0.0723,0.0368,0.00791,0.3176,0.2524,0.2067,0.00956
ZJ018542,0.1128,0.01493,0.3682,0.0682,0.0391,0.03044,0.00839,0.358
ZJ018543,0.01924,0.01617,0.07465,0.005238,0.011215,0.833,0.03047,0.01065
ZJ018544,0.3582,0.05817,0.0965,0.002253,0.03656,0.0577,0.3347,0.05597
ZJ018545,0.1936,0.04868,0.3816,0.0159,0.00786,0.00898,0.3188,0.0243
ZJ018546,0.2966,0.1707,0.1256,0.01657,0.0674,0.0853,0.2211,0.01685
ZJ018547,0.1354,0.01344,0.1753,0.4402,0.04633,0.0806,0.014206,0.09467
ZJ018548,0.10583,0.00837,0.2883,0.0404,0.01503,0.05893,0.00955,0.4734
ZJ018549,0.04794,0.0179,0.02803,0.8135,0.02914,0.04074,0.00532,0.01744
ZJ018550,0.2122,0.0978,0.1522,0.01819,0.0251,0.03802,0.4133,0.0435
ZJ018551,0.2783,0.21,0.10266,0.04788,0.04285,0.02142,0.1212,0.1758
ZJ018552,0.3442,0.08124,0.2896,0.02252,0.02281,0.03806,0.1289,0.0729
ZJ018553,0.2288,0.0807,0.375,0.01227,0.010445,0.02539,0.1691,0.09845
ZJ018554,0.12286,0.04636,0.02214,0.013916,0.03152,0.0086,0.6787,0.0761
ZJ018555,0.1293,0.573,0.0932,0.04993,0.03702,0.01074,0.04272,0.06415
ZJ018556,0.3298,0.1071,0.1688,0.01608,0.2291,0.05527,0.06323,0.03064
ZJ018557,0.00529,0.0201,0.00822,0.009964,0.005104,0.9077,0.03134,0.01161
ZJ018558,0.208,0.0281,0.05585,0.05975,0.4058,0.1188,0.0461,0.0772
ZJ018559,0.1334,0.22,0.0685,0.010635,0.2145,0.0757,0.2468,0.03036
ZJ018560,0.0761,0.4448,0.1715,0.02942,0.05402,0.02803,0.165,0.0312
ZJ018561,0.4355,0.02304,0.0731,0.1243,0.2291,0.04428,0.01333,0.05713
ZJ018562,0.04977,0.3252,0.1621,0.01025,0.12024,0.2227,0.0851,0.02469
ZJ018563,0.0885,0.829,0.02026,0.001192,0.013535,0.00691,0.00718,0.0331
ZJ018564,0.03024,0.06616,0.0735,0.00768,0.01749,0.7197,0.0665,0.01875
ZJ018565,0.1499,0.1002,0.1989,0.01259,0.009766,0.02888,0.3003,0.1996
ZJ018566,0.3362,0.1643,0.0694,0.00947,0.05353,0.003975,0.337,0.0261
ZJ018567,0.0546,0.0093,0.03,0.011505,0.007515,0.008896,0.8643,0.01422
ZJ018568,0.279,0.1426,0.0937,0.074,0.0533,0.0163,0.1683,0.1727
ZJ018569,0.442,0.03333,0.09235,0.12195,0.2015,0.047,0.01822,0.04358
ZJ018570,0.2634,0.09656,0.1749,0.01917,0.1287,0.03543,0.2181,0.06354
ZJ018571,0.0905,0.0761,0.4614,0.01837,0.02322,0.2242,0.07574,0.03049
ZJ018572,0.2146,0.0417,0.292,0.01778,0.01216,0.02695,0.348,0.04678
ZJ018573,0.00481,0.00273,0.011696,0.002289,0.002058,0.9717,0.003073,0.001289
ZJ018574,0.06586,0.004154,0.659,0.03766,0.01402,0.04233,0.005753,0.1713
ZJ018575,0.2559,0.03955,0.2252,0.0493,0.03842,0.05942,0.2979,0.03427
ZJ018576,0.1168,0.1659,0.2385,0.02126,0.03647,0.0516,0.1982,0.1713
ZJ018577,0.271,0.05923,0.05444,0.02995,0.0392,0.10876,0.3574,0.07996
ZJ018578,0.08716,0.01162,0.1003,0.592,0.03098,0.0448,0.01451,0.11896
ZJ018579,0.2092,0.01854,0.2015,0.03857,0.2727,0.0772,0.02144,0.1608
ZJ018580,0.00887,0.00995,0.012985,0.0666,0.003424,0.8867,0.00695,0.004513
ZJ018581,0.2363,0.05566,0.4172,0.00959,0.02342,0.04984,0.199,0.009094
ZJ018582,0.1268,0.006203,0.3774,0.0583,0.01624,0.02307,0.0082,0.3838
ZJ018583,0.1515,0.10535,0.2205,0.02788,0.01427,0.04944,0.397,0.03406
ZJ018584,0.0963,0.00658,0.2346,0.1255,0.01129,0.01488,0.004417,0.507
ZJ018585,0.1923,0.0997,0.4321,0.00647,0.04492,0.08325,0.1307,0.01075
ZJ018586,0.1918,0.12354,0.2161,0.03384,0.0345,0.02402,0.3364,0.03998
ZJ018587,0.03116,0.1046,0.0715,0.01988,0.02235,0.6177,0.117,0.0158
ZJ018588,0.288,0.2444,0.2043,0.00564,0.01852,0.05145,0.1335,0.05414
ZJ018589,0.266,0.01607,0.0948,0.209,0.06177,0.1532,0.01575,0.1833
ZJ018590,0.1522,0.1404,0.4797,0.01624,0.02051,0.02628,0.1213,0.04337
ZJ018591,0.003674,0.00866,0.01433,0.002544,0.003956,0.954,0.00544,0.00759
ZJ018592,0.09766,0.00934,0.507,0.0547,0.1442,0.0145,0.007103,0.1656
ZJ018593,0.0167,0.01211,0.04135,0.004723,0.00616,0.8994,0.014114,0.00548
ZJ018594,0.588,0.0851,0.03006,0.012344,0.08203,0.00592,0.1276,0.0693
ZJ018595,0.03693,0.867,0.01727,0.01808,0.00695,0.002949,0.02176,0.02896
ZJ018596,0.911,0.01877,0.0112,0.00336,0.0256,0.00489,0.01772,0.007317
ZJ018597,0.2803,0.0511,0.3262,0.007782,0.0319,0.05722,0.2205,0.0251
ZJ018598,0.2317,0.1681,0.1445,0.006996,0.1888,0.0633,0.1628,0.0335
ZJ018599,0.1129,0.33,0.2043,0.022,0.02664,0.1307,0.1123,0.06097
ZJ018600,0.2083,0.1412,0.06186,0.05316,0.05365,0.00962,0.223,0.249
ZJ018601,0.1139,0.01749,0.1962,0.4543,0.0747,0.06586,0.01328,0.0642
ZJ018602,0.6445,0.04422,0.0291,0.03372,0.11536,0.01028,0.04144,0.0815
ZJ018603,0.1769,0.01481,0.2197,0.06064,0.0456,0.03912,0.005726,0.4375
ZJ018604,0.4136,0.1655,0.0707,0.04004,0.01604,0.03137,0.2285,0.0343
ZJ018605,0.3079,0.2018,0.0807,0.04974,0.06113,0.014755,0.11865,0.1655
ZJ018606,0.4048,0.01904,0.05695,0.0929,0.3413,0.0373,0.009186,0.03857
ZJ018607,0.000843,0.004013,0.003597,0.001078,0.001362,0.986,0.002167,0.000903
ZJ018608,0.05307,0.01102,0.3284,0.03378,0.2874,0.1195,0.006542,0.1604
ZJ018609,0.1328,0.02763,0.01814,0.00705,0.00664,0.003178,0.7847,0.02005
ZJ018610,0.1007,0.00789,0.11346,0.3591,0.0863,0.1217,0.00885,0.2019
ZJ018611,0.2585,0.2428,0.0732,0.02621,0.1896,0.01804,0.1051,0.0865
ZJ018612,0.00828,0.007057,0.01339,0.01534,0.01078,0.9287,0.006935,0.009315
ZJ018613,0.1816,0.03488,0.00888,0.01087,0.00866,0.012634,0.7314,0.01083
ZJ018614,0.0608,0.738,0.0638,0.01076,0.012474,0.0253,0.0449,0.04443
ZJ018615,0.286,0.2515,0.0849,0.02603,0.0849,0.03882,0.1873,0.0407
ZJ018616,0.2297,0.0833,0.1139,0.05444,0.1139,0.0889,0.2408,0.07513
ZJ018617,0.2625,0.02122,0.05142,0.00883,0.0167,0.008705,0.617,0.01328
ZJ018618,0.3044,0.03342,0.1704,0.0434,0.02661,0.03525,0.0606,0.3257
ZJ018619,0.05917,0.2203,0.09045,0.01625,0.04422,0.4675,0.08105,0.02094
ZJ018620,0.4368,0.00607,0.0338,0.2131,0.0721,0.013855,0.005222,0.2195
ZJ018621,0.5444,0.06354,0.0567,0.03235,0.1885,0.01874,0.03494,0.06085
ZJ018622,0.2203,0.09216,0.1164,0.05264,0.03534,0.1748,0.295,0.01349
ZJ018623,0.2151,0.10596,0.3699,0.00978,0.01875,0.05756,0.209,0.01393
ZJ018624,0.3237,0.2133,0.219,0.0511,0.0232,0.01878,0.0851,0.066
ZJ018625,0.02005,0.01598,0.0331,0.02022,0.02382,0.8525,0.02321,0.01102
ZJ018626,0.4382,0.03848,0.09296,0.04373,0.06256,0.03687,0.2281,0.0589
ZJ018627,0.1234,0.01593,0.1139,0.01042,0.00715,0.037,0.685,0.007282
ZJ018628,0.737,0.0764,0.01485,0.0045,0.07306,0.006298,0.0512,0.03687
ZJ018629,0.739,0.04092,0.02971,0.00605,0.03903,0.008644,0.0875,0.04932
ZJ018630,0.02359,0.01453,0.0758,0.006004,0.01009,0.8438,0.01804,0.0082
ZJ018631,0.3293,0.1039,0.307,0.03406,0.0556,0.03748,0.03366,0.09894
ZJ018632,0.1671,0.1361,0.2876,0.01622,0.01372,0.07007,0.238,0.07086
ZJ018633,0.1837,0.1063,0.07526,0.02682,0.03714,0.02179,0.517,0.03165
ZJ018634,0.02321,0.01886,0.022,0.001464,0.010376,0.02405,0.889,0.01148
ZJ018635,0.1622,0.03418,0.04108,0.007774,0.023,0.0517,0.672,0.008194
ZJ018636,0.2211,0.1292,0.01424,0.002804,0.4263,0.00773,0.1868,0.011696
ZJ018637,0.4792,0.06143,0.08734,0.01646,0.1217,0.05795,0.1211,0.05475
ZJ018638,0.3435,0.0663,0.1714,0.01767,0.03458,0.0424,0.2717,0.05258
ZJ018639,0.1838,0.1881,0.442,0.01273,0.02351,0.0293,0.05096,0.06995
ZJ018640,0.2002,0.01892,0.3813,0.0346,0.01016,0.02493,0.01011,0.3196
ZJ018641,0.1868,0.0318,0.3818,0.04663,0.04446,0.03836,0.013626,0.2566
ZJ018642,0.3726,0.1169,0.0714,0.06143,0.1061,0.0163,0.08185,0.1733
ZJ018643,0.1045,0.007362,0.1404,0.519,0.06683,0.0496,0.00854,0.1039
ZJ018644,0.1532,0.04257,0.02112,0.01666,0.03537,0.011215,0.5815,0.1382
ZJ018645,0.11865,0.2181,0.2822,0.01593,0.05997,0.0835,0.2063,0.01521
ZJ018646,0.1605,0.05878,0.1345,0.00415,0.00824,0.02484,0.547,0.06192
ZJ018647,0.02568,0.02982,0.1604,0.00944,0.0222,0.712,0.02414,0.0166
ZJ018648,0.09357,0.2712,0.2399,0.01304,0.03925,0.10706,0.1759,0.0602
ZJ018649,0.2659,0.1007,0.181,0.1407,0.03293,0.05444,0.02795,0.1964
ZJ018650,0.2219,0.251,0.2037,0.016,0.08685,0.0605,0.1164,0.04382
ZJ018651,0.2233,0.00634,0.3757,0.1494,0.02457,0.03506,0.01047,0.1752
ZJ018652,0.2174,0.01542,0.117,0.382,0.1014,0.05527,0.01113,0.10046
ZJ018653,0.1821,0.01043,0.12463,0.03146,0.4038,0.10046,0.01045,0.1365
ZJ018654,0.0675,0.010216,0.323,0.10266,0.03796,0.01261,0.003149,0.4429
ZJ018655,0.0408,0.04758,0.0705,0.0653,0.02309,0.6846,0.04684,0.02109
ZJ018656,0.234,0.2676,0.084,0.05194,0.02042,0.01031,0.02008,0.3118
ZJ018657,0.2386,0.01163,0.0425,0.00829,0.0698,0.1117,0.479,0.03864
ZJ018658,0.256,0.1544,0.33,0.01575,0.01886,0.02776,0.0587,0.1384
ZJ018659,0.03842,0.006416,0.007164,0.001696,0.010635,0.01617,0.9062,0.013405
ZJ018660,0.1766,0.2174,0.1416,0.02713,0.03918,0.10803,0.2408,0.04916
ZJ018661,0.3203,0.1022,0.04562,0.1051,0.0761,0.01955,0.1257,0.2054
ZJ018662,0.248,0.05054,0.4539,0.01735,0.0353,0.0645,0.04742,0.0828
ZJ018663,0.3855,0.02597,0.05566,0.10693,0.3347,0.03586,0.01075,0.0445
ZJ018664,0.2454,0.1217,0.10547,0.0636,0.04144,0.04556,0.2903,0.0865
ZJ018665,0.5664,0.08563,0.1074,0.01139,0.02605,0.02039,0.162,0.02078
ZJ018666,0.5747,0.0845,0.03262,0.01153,0.02046,0.01096,0.2156,0.04965
ZJ018667,0.05362,0.3755,0.0494,0.01595,0.00885,0.009186,0.463,0.02449
ZJ018668,0.1504,0.05704,0.03506,0.011444,0.0262,0.006702,0.688,0.02542
ZJ018669,0.1786,0.271,0.2097,0.01487,0.03186,0.07935,0.2035,0.011116
ZJ018670,0.07214,0.03995,0.0439,0.5596,0.0634,0.01266,0.006542,0.2015
ZJ018671,0.2695,0.02742,0.1113,0.282,0.137,0.063,0.03003,0.0796
ZJ018672,0.06885,0.4497,0.2289,0.01089,0.0286,0.02682,0.11194,0.07446
ZJ018673,0.3538,0.1407,0.05054,0.05273,0.077,0.03745,0.2644,0.02316
ZJ018674,0.002333,0.01288,0.011284,0.00664,0.003168,0.956,0.004242,0.003414
ZJ018675,0.1819,0.5957,0.05267,0.02051,0.07477,0.01204,0.03555,0.0269
ZJ018676,0.1423,0.01273,0.1307,0.525,0.01805,0.02817,0.01063,0.1324
ZJ018677,0.1606,0.0646,0.05298,0.0701,0.2444,0.02242,0.2708,0.1141
ZJ018678,0.1127,0.1326,0.3396,0.00836,0.0086,0.1432,0.2471,0.007782
ZJ018679,0.1866,0.152,0.2815,0.007362,0.00922,0.015305,0.2281,0.12
ZJ018680,0.1522,0.0693,0.1597,0.03323,0.007904,0.01377,0.005444,0.5586
ZJ018681,0.1998,0.4348,0.04968,0.01055,0.04074,0.014465,0.1769,0.0731
ZJ018682,0.3066,0.3262,0.1298,0.005474,0.0234,0.01846,0.07446,0.11584
ZJ018683,0.10876,0.493,0.147,0.0124,0.0653,0.03342,0.1118,0.0281
ZJ018684,0.1864,0.08136,0.0429,0.0665,0.06476,0.0766,0.4536,0.02805
ZJ018685,0.7466,0.0419,0.012924,0.00656,0.1219,0.00604,0.02754,0.0365
ZJ018686,0.01347,0.01999,0.0636,0.00264,0.002756,0.858,0.03696,0.003246
ZJ018687,0.6274,0.01329,0.0752,0.07635,0.0473,0.00609,0.005436,0.1492
ZJ018688,0.2876,0.05673,0.2314,0.01471,0.03613,0.06464,0.2515,0.05722
ZJ018689,0.3806,0.0322,0.0611,0.1078,0.3289,0.03497,0.01938,0.03522
ZJ018690,0.12195,0.2534,0.1763,0.00768,0.1313,0.03348,0.2279,0.04776
ZJ018691,0.1295,0.1185,0.1749,0.02725,0.05426,0.2524,0.218,0.0251
ZJ018692,0.0846,0.005463,0.12,0.4575,0.044,0.02026,0.00542,0.2627
ZJ018693,0.3682,0.01359,0.1818,0.1777,0.046,0.01277,0.007732,0.1921
ZJ018694,0.2496,0.0816,0.2203,0.01012,0.03256,0.04547,0.2756,0.0849
ZJ018695,0.02837,0.005596,0.006905,0.0007615,0.00589,0.008835,0.9365,0.006798
ZJ018696,0.1345,0.03072,0.0973,0.3027,0.17,0.151,0.01426,0.0993
ZJ018697,0.2146,0.0724,0.1501,0.11035,0.0584,0.02344,0.03018,0.3403
ZJ018698,0.01359,0.006798,0.02248,0.01665,0.005104,0.889,0.03647,0.0105
ZJ018699,0.144,0.01024,0.367,0.2142,0.05084,0.08093,0.01717,0.1156
ZJ018700,0.0082,0.02731,0.05127,0.01023,0.00603,0.8135,0.04532,0.03833
ZJ018701,0.2617,0.07574,0.1677,0.01433,0.087,0.1084,0.2405,0.04456
ZJ018702,0.1747,0.0533,0.1164,0.00978,0.01811,0.0482,0.555,0.02428
ZJ018703,0.05753,0.0389,0.08734,0.001353,0.007683,0.02739,0.7563,0.0233
ZJ018704,0.2522,0.2156,0.11755,0.05264,0.0952,0.04385,0.10266,0.1201
ZJ018705,0.2451,0.02155,0.2184,0.2432,0.0749,0.0736,0.01294,0.11035
ZJ018706,0.0852,0.01111,0.072,0.665,0.01701,0.02312,0.011,0.1156
ZJ018707,0.2314,0.0924,0.0641,0.06604,0.07294,0.02155,0.2896,0.162
ZJ018708,0.06122,0.08887,0.341,0.015526,0.01262,0.2554,0.1798,0.04562
ZJ018709,0.1962,0.0998,0.2747,0.03714,0.0839,0.04993,0.2067,0.05157
ZJ018710,0.3374,0.03378,0.04956,0.2756,0.1823,0.04117,0.02698,0.05307
ZJ018711,0.2651,0.578,0.03305,0.002396,0.02289,0.00444,0.07684,0.01721
ZJ018712,0.06464,0.1368,0.2188,0.03296,0.02786,0.3452,0.1205,0.05316
ZJ018713,0.1266,0.06134,0.4617,0.06335,0.0315,0.09235,0.0187,0.1444
ZJ018714,0.07434,0.6445,0.0674,0.005188,0.02077,0.02063,0.0524,0.1149
ZJ018715,0.1242,0.005253,0.2463,0.4712,0.01947,0.02063,0.01308,0.1002
ZJ018716,0.1733,0.2732,0.13,0.06696,0.02608,0.01509,0.128,0.1874
ZJ018717,0.1177,0.077,0.4226,0.01634,0.03177,0.0816,0.2156,0.03702
ZJ018718,0.1976,0.0583,0.1428,0.1157,0.06064,0.01373,0.0194,0.3918
ZJ018719,0.05777,0.8345,0.0226,0.003315,0.009964,0.004124,0.04187,0.02571
ZJ018720,0.325,0.03485,0.1514,0.0304,0.1029,0.0987,0.02658,0.2302
ZJ018721,0.146,0.1698,0.2317,0.035,0.02878,0.0795,0.1682,0.1412
ZJ018722,0.384,0.02982,0.0677,0.1229,0.2922,0.03806,0.01432,0.05096
ZJ018723,0.2612,0.1038,0.2812,0.013016,0.03757,0.0501,0.2317,0.0213
ZJ018724,0.1311,0.06122,0.3005,0.04462,0.0645,0.1175,0.02739,0.2532
ZJ018725,0.355,0.1126,0.03622,0.012085,0.3467,0.02872,0.0835,0.02518
ZJ018726,0.2695,0.04465,0.2338,0.1874,0.01448,0.04468,0.01862,0.1869
ZJ018727,0.167,0.010735,0.0564,0.6074,0.03226,0.03644,0.014084,0.07556
ZJ018728,0.2312,0.01253,0.06903,0.3132,0.1652,0.00989,0.01558,0.1833
ZJ018729,0.3284,0.02902,0.07574,0.2096,0.1569,0.03888,0.01845,0.1431
ZJ018730,0.0862,0.05206,0.5845,0.01135,0.01747,0.0348,0.1571,0.05664
ZJ018731,0.221,0.00821,0.0502,0.0867,0.4902,0.10266,0.00968,0.0314
ZJ018732,0.4575,0.097,0.11084,0.0482,0.0673,0.08124,0.0931,0.0452
ZJ018733,0.11414,0.6294,0.02176,0.01668,0.03867,0.011444,0.0859,0.0818
ZJ018734,0.2598,0.1321,0.06094,0.08966,0.0761,0.0142,0.133,0.2341
ZJ018735,0.3057,0.169,0.0443,0.0911,0.0429,0.00898,0.1348,0.2035
ZJ018736,0.12244,0.741,0.0174,0.00576,0.01515,0.006622,0.0344,0.05713
ZJ018737,0.1051,0.05548,0.6167,0.02061,0.03027,0.0995,0.01784,0.05438
ZJ018738,0.1954,0.1399,0.4434,0.01572,0.03836,0.04037,0.10706,0.01979
ZJ018739,0.4077,0.11487,0.2441,0.010185,0.01278,0.0616,0.0987,0.0501
ZJ018740,0.11115,0.4214,0.1278,0.03207,0.03754,0.04596,0.195,0.02872
ZJ018741,0.3887,0.0935,0.287,0.01984,0.01723,0.03983,0.0232,0.1305
ZJ018742,0.1423,0.02605,0.103,0.01773,0.278,0.3403,0.0384,0.05405
ZJ018743,0.457,0.1278,0.03146,0.01146,0.0928,0.01619,0.252,0.01122
ZJ018744,0.1831,0.009,0.2477,0.2627,0.0749,0.0982,0.01418,0.11035
ZJ018745,0.3398,0.05215,0.28,0.11066,0.02959,0.04,0.04944,0.09845
ZJ018746,0.081,0.01793,0.05777,0.007435,0.00522,0.01333,0.806,0.01068
ZJ018747,0.4683,0.01509,0.2136,0.02437,0.0936,0.004566,0.00822,0.172
ZJ018748,0.0529,0.01164,0.0721,0.729,0.0183,0.01465,0.00815,0.0935
ZJ018749,0.1327,0.00595,0.3093,0.06744,0.01182,0.02335,0.01564,0.434
ZJ018750,0.594,0.05826,0.05865,0.03061,0.0959,0.0095,0.0425,0.11017
ZJ018751,0.0935,0.0924,0.3386,0.01515,0.042,0.1066,0.1802,0.1315
ZJ018752,0.1996,0.04523,0.0699,0.01497,0.02478,0.0734,0.556,0.0159
ZJ018753,0.06573,0.007305,0.291,0.03387,0.2634,0.11755,0.005344,0.2156
ZJ018754,0.1198,0.2517,0.162,0.01317,0.01895,0.08185,0.1671,0.1855
ZJ018755,0.332,0.2966,0.08936,0.03604,0.05045,0.03008,0.10724,0.0582
ZJ018756,0.0791,0.00794,0.4304,0.0563,0.00783,0.02184,0.009964,0.3865
ZJ018757,0.2122,0.1368,0.2063,0.10236,0.0393,0.1169,0.1711,0.01516
ZJ018758,0.1403,0.02534,0.07556,0.502,0.0501,0.05844,0.01923,0.129
ZJ018759,0.0447,0.0886,0.0907,0.004917,0.01736,0.6064,0.10675,0.0406
ZJ018760,0.496,0.01724,0.11554,0.07196,0.11395,0.04437,0.02182,0.11896
ZJ018761,0.382,0.2037,0.1954,0.01113,0.012054,0.02086,0.09235,0.0823
ZJ018762,0.1285,0.1047,0.2527,0.02722,0.01536,0.1324,0.1748,0.1642
ZJ018763,0.0495,0.00851,0.477,0.1082,0.0984,0.1688,0.00646,0.08325
ZJ018764,0.2917,0.0871,0.3093,0.01825,0.03055,0.03168,0.175,0.0562
ZJ018765,0.01965,0.01032,0.09937,0.00892,0.007446,0.8296,0.0167,0.00819
ZJ018766,0.143,0.0638,0.12463,0.04367,0.02437,0.03415,0.516,0.05038
ZJ018767,0.3928,0.05917,0.05634,0.07764,0.1027,0.01361,0.01265,0.2852
ZJ018768,0.266,0.2145,0.1602,0.004223,0.01187,0.02017,0.2905,0.0326
ZJ018769,0.3,0.07086,0.1747,0.03983,0.02902,0.1329,0.2356,0.01695
ZJ018770,0.00231,0.0017605,0.00689,0.002768,0.001473,0.983,0.001392,0.0007143
ZJ018771,0.005486,0.00628,0.01834,0.01061,0.01398,0.9287,0.00758,0.00867
ZJ018772,0.4067,0.2554,0.0484,0.02917,0.01643,0.01148,0.0172,0.2152
ZJ018773,0.1785,0.0679,0.06354,0.00548,0.02403,0.01138,0.6084,0.04102
ZJ018774,0.1829,0.1277,0.2637,0.00518,0.1307,0.1126,0.1572,0.0202
ZJ018775,0.0972,0.11115,0.1001,0.02455,0.0865,0.372,0.1835,0.02502
ZJ018776,0.113,0.126,0.2357,0.012344,0.0755,0.2812,0.1166,0.03958
ZJ018777,0.2747,0.0539,0.1411,0.02588,0.0359,0.0902,0.3047,0.07355
ZJ018778,0.02763,0.01636,0.01282,0.004257,0.007275,0.05817,0.866,0.006824
ZJ018779,0.03912,0.03003,0.0639,0.04404,0.02223,0.7515,0.03195,0.01738
ZJ018780,0.4526,0.06195,0.0383,0.00759,0.04556,0.00815,0.3667,0.01907
ZJ018781,0.1417,0.0711,0.559,0.01032,0.01599,0.05624,0.1222,0.02328
ZJ018782,0.3862,0.03433,0.0717,0.1676,0.2178,0.03772,0.0174,0.06726
ZJ018783,0.324,0.09753,0.3215,0.01359,0.02652,0.02573,0.147,0.044
ZJ018784,0.0482,0.0791,0.3691,0.007103,0.04227,0.354,0.0625,0.03763
ZJ018785,0.11194,0.1313,0.2283,0.03546,0.02098,0.0546,0.3257,0.09174
ZJ018786,0.05524,0.02324,0.01109,0.03198,0.03436,0.2285,0.605,0.0104
ZJ018787,0.0668,0.02298,0.0248,0.007225,0.0336,0.0242,0.796,0.02464
ZJ018788,0.1865,0.02328,0.2094,0.2944,0.0594,0.0468,0.02135,0.1588
ZJ018789,0.3562,0.03815,0.03056,0.00508,0.0582,0.02927,0.442,0.0406
ZJ018790,0.008965,0.02689,0.03818,0.01894,0.0064,0.88,0.011444,0.009094
ZJ018791,0.493,0.014755,0.05353,0.0717,0.2869,0.01895,0.007435,0.05365
ZJ018792,0.3975,0.0779,0.05573,0.05475,0.0582,0.01086,0.1709,0.1742
ZJ018793,0.1311,0.003805,0.1631,0.5493,0.01493,0.02441,0.00541,0.1078
ZJ018794,0.10974,0.01317,0.437,0.0786,0.0424,0.0684,0.01161,0.239
ZJ018795,0.3552,0.04,0.1185,0.1295,0.03238,0.0431,0.02542,0.2559
ZJ018796,0.534,0.03372,0.1298,0.03677,0.0756,0.0716,0.01938,0.09894
ZJ018797,0.1766,0.1445,0.358,0.02281,0.0325,0.0786,0.1703,0.01675
ZJ018798,0.0005646,0.00235,0.001726,0.001263,0.000445,0.991,0.001717,0.0005794
ZJ018799,0.2168,0.0449,0.1312,0.305,0.1399,0.04498,0.02719,0.0901
ZJ018800,0.05136,0.002026,0.1525,0.10596,0.03763,0.01125,0.002758,0.6367
ZJ018801,0.002558,0.003855,0.00799,0.0032,0.003199,0.974,0.003311,0.001536
ZJ018802,0.04828,0.07526,0.0824,0.0709,0.03464,0.622,0.04282,0.02376
ZJ018803,0.4224,0.1205,0.0904,0.03293,0.0796,0.01958,0.1039,0.1307
ZJ018804,0.0297,0.02751,0.12256,0.01402,0.0219,0.744,0.02351,0.01654
ZJ018805,0.05695,0.00654,0.265,0.09674,0.004513,0.00604,0.00445,0.5596
ZJ018806,0.11035,0.2455,0.2854,0.01323,0.02496,0.2357,0.06604,0.01875
ZJ018807,0.11896,0.1117,0.4797,0.010025,0.03876,0.03363,0.1173,0.0899
ZJ018808,0.09515,0.014114,0.464,0.04324,0.168,0.00648,0.004158,0.2047
ZJ018809,0.5913,0.02779,0.1222,0.0466,0.02405,0.01424,0.006416,0.1674
ZJ018810,0.2886,0.06836,0.317,0.01709,0.02121,0.05093,0.2039,0.03314
ZJ018811,0.2898,0.1344,0.1414,0.01265,0.1102,0.06726,0.1659,0.0783
ZJ018812,0.278,0.07526,0.1982,0.1614,0.02554,0.04233,0.03256,0.1865
ZJ018813,0.002754,0.002525,0.01642,0.01092,0.000993,0.9624,0.0006547,0.003035
ZJ018814,0.0406,0.002268,0.02087,0.003077,0.007225,0.005623,0.917,0.003529
ZJ018815,0.01335,0.006702,0.04163,0.03598,0.02104,0.843,0.006996,0.03104
ZJ018816,0.3542,0.1011,0.1783,0.01229,0.0907,0.0582,0.1548,0.0502
ZJ018817,0.3916,0.02472,0.0855,0.1447,0.236,0.02666,0.02042,0.0705
ZJ018818,0.2983,0.0141,0.0638,0.01994,0.4458,0.0423,0.03186,0.08374
ZJ018819,0.01955,0.01689,0.0473,0.007515,0.01617,0.868,0.01082,0.01396
ZJ018820,0.1436,0.0551,0.02214,0.0079,0.04474,0.00577,0.6978,0.023
ZJ018821,0.3845,0.1063,0.2634,0.02095,0.02351,0.02023,0.14,0.04102
ZJ018822,0.4058,0.0626,0.326,0.0194,0.02878,0.02951,0.05072,0.07715
ZJ018823,0.2354,0.1682,0.2117,0.03455,0.05576,0.119,0.1624,0.01286
ZJ018824,0.0692,0.09686,0.3865,0.00649,0.2656,0.0424,0.0748,0.0582
ZJ018825,0.1095,0.142,0.45,0.004246,0.1154,0.0728,0.0945,0.01172
ZJ018826,0.08673,0.8257,0.02202,0.001912,0.02328,0.011086,0.010315,0.01875
ZJ018827,0.000713,0.001546,0.002663,0.0007677,0.0007005,0.991,0.001278,0.0004375
ZJ018828,0.151,0.01233,0.1666,0.2312,0.2988,0.0452,0.006886,0.08765
ZJ018829,0.254,0.04086,0.234,0.00601,0.01637,0.03696,0.3987,0.01316
ZJ018830,0.167,0.4165,0.05597,0.006794,0.10626,0.0158,0.1925,0.0392
ZJ018831,0.4187,0.1173,0.232,0.02705,0.0371,0.02278,0.0363,0.1089
ZJ018832,0.3167,0.2426,0.03732,0.00884,0.083,0.04807,0.2185,0.04523
ZJ018833,0.0719,0.00593,0.604,0.0764,0.02536,0.0522,0.00795,0.1564
ZJ018834,0.1526,0.2593,0.2896,0.014084,0.01445,0.05182,0.1926,0.02559
ZJ018835,0.1183,0.0745,0.3257,0.0081,0.2588,0.0765,0.1086,0.0295
ZJ018836,0.1892,0.32,0.1884,0.00953,0.02011,0.01616,0.11005,0.1464
ZJ018837,0.0577,0.03967,0.0502,0.1071,0.03537,0.6426,0.041,0.02628
ZJ018838,0.1681,0.07587,0.2832,0.03024,0.02547,0.0892,0.303,0.02496
ZJ018839,0.1996,0.02884,0.03625,0.00274,0.05536,0.01611,0.6396,0.0213
ZJ018840,0.2576,0.09344,0.2249,0.01741,0.03067,0.06128,0.2795,0.03537
ZJ018841,0.1083,0.04684,0.3516,0.00918,0.003057,0.1129,0.3123,0.05597
ZJ018842,0.2399,0.4648,0.0523,0.02676,0.07404,0.013794,0.08276,0.04553
ZJ018843,0.1693,0.0701,0.336,0.01542,0.05304,0.09155,0.2136,0.0511
ZJ018844,0.2834,0.1776,0.1797,0.02707,0.0774,0.0774,0.08954,0.08795
ZJ018845,0.00244,0.005096,0.01509,0.005867,0.002348,0.9634,0.0047,0.001168
ZJ018846,0.399,0.1416,0.2815,0.03293,0.01075,0.00933,0.06055,0.0643
ZJ018847,0.2285,0.1691,0.3296,0.011345,0.011284,0.03775,0.10095,0.1113
ZJ018848,0.2067,0.1671,0.0786,0.06122,0.0362,0.01672,0.3225,0.11096
ZJ018849,0.792,0.01485,0.0523,0.012955,0.07214,0.01175,0.00719,0.03665
ZJ018850,0.2439,0.02962,0.2422,0.008705,0.008095,0.01203,0.4302,0.02544
ZJ018851,0.1885,0.0436,0.414,0.01978,0.0744,0.05768,0.0883,0.1136
ZJ018852,0.7114,0.05365,0.0479,0.002026,0.04297,0.02309,0.0917,0.02725
ZJ018853,0.1168,0.025,0.04874,0.03116,0.04465,0.031,0.67,0.0326
ZJ018854,0.2045,0.02353,0.0419,0.02573,0.03287,0.00756,0.632,0.03207
ZJ018855,0.1931,0.4075,0.156,0.0321,0.0669,0.02061,0.02237,0.1014
ZJ018856,0.2168,0.04343,0.1842,0.2844,0.03372,0.02296,0.01509,0.1993
ZJ018857,0.0163,0.003159,0.01685,0.4497,0.002792,0.4915,0.005047,0.01491
ZJ018858,0.1467,0.1818,0.174,0.04404,0.02354,0.1004,0.2983,0.03137
ZJ018859,0.434,0.1981,0.06143,0.006165,0.03168,0.01219,0.1781,0.07855
ZJ018860,0.1406,0.4968,0.1498,0.00305,0.010765,0.02707,0.03223,0.1395
ZJ018861,0.1548,0.1387,0.217,0.01765,0.0793,0.2058,0.153,0.034
ZJ018862,0.1274,0.03072,0.1144,0.3992,0.0946,0.1334,0.02061,0.07983
ZJ018863,0.2888,0.0662,0.2585,0.012856,0.0749,0.1536,0.1219,0.02336
ZJ018864,0.236,0.1627,0.1488,0.0422,0.02792,0.01575,0.01558,0.351
ZJ018865,0.04327,0.0817,0.4302,0.00789,0.01825,0.3354,0.05655,0.02686
ZJ018866,0.1453,0.008156,0.162,0.4683,0.044,0.06433,0.01036,0.0975
ZJ018867,0.1012,0.005077,0.2886,0.1914,0.03616,0.03006,0.005394,0.3423
ZJ018868,0.013405,0.01489,0.04462,0.00951,0.008224,0.8853,0.01043,0.01351
ZJ018869,0.1464,0.10284,0.2363,0.01826,0.00803,0.06256,0.4004,0.02522
ZJ018870,0.7827,0.0156,0.010666,0.01455,0.09357,0.003733,0.05005,0.02905
ZJ018871,0.1947,0.1584,0.2544,0.05304,0.01907,0.1494,0.1571,0.01393
ZJ018872,0.1311,0.006664,0.2328,0.4766,0.0189,0.02673,0.0118,0.0954
ZJ018873,0.002125,0.005928,0.002905,0.002518,0.001995,0.975,0.007744,0.00222
ZJ018874,0.4302,0.01791,0.02158,0.001242,0.02005,0.00462,0.4941,0.01028
ZJ018875,0.1604,0.1081,0.3872,0.012924,0.05185,0.0837,0.1522,0.04352
ZJ018876,0.3247,0.08575,0.3008,0.06726,0.038,0.046,0.04785,0.0897
ZJ018877,0.2666,0.378,0.02156,0.01249,0.0567,0.0201,0.2106,0.0343
ZJ018878,0.2568,0.08276,0.2656,0.01118,0.1698,0.0837,0.0708,0.05902
ZJ018879,0.1364,0.72,0.05103,0.002985,0.0164,0.00966,0.0231,0.04004
ZJ018880,0.286,0.3335,0.0887,0.02238,0.05713,0.0854,0.09216,0.0349
ZJ018881,0.2119,0.05743,0.11505,0.003326,0.02841,0.02884,0.5156,0.0395
ZJ018882,0.03723,0.02226,0.1041,0.01868,0.02202,0.755,0.0261,0.01498
ZJ018883,0.0517,0.02104,0.08374,0.0324,0.03308,0.7163,0.0406,0.02133
ZJ018884,0.4702,0.05777,0.05194,0.012115,0.01218,0.00448,0.341,0.04996
ZJ018885,0.2224,0.02681,0.0921,0.261,0.1733,0.04642,0.01878,0.1592
ZJ018886,0.794,0.00446,0.01833,0.0318,0.0887,0.002356,0.005005,0.0556
ZJ018887,0.05902,0.0679,0.07983,0.0286,0.01467,0.0706,0.5454,0.1339
ZJ018888,0.168,0.01347,0.145,0.3042,0.03105,0.04135,0.00804,0.2888
ZJ018889,0.11584,0.1086,0.04633,0.01563,0.1168,0.24,0.3474,0.009476
ZJ018890,0.000749,0.001159,0.002884,0.001308,0.00103,0.9897,0.00232,0.0007505
ZJ018891,0.2815,0.1092,0.08014,0.0457,0.0378,0.01599,0.2233,0.2067
ZJ018892,0.01344,0.01237,0.09607,0.005672,0.0073,0.8096,0.02077,0.0346
ZJ018893,0.0498,0.485,0.1411,0.01544,0.08813,0.1345,0.02744,0.0585
ZJ018894,0.1707,0.1727,0.1656,0.0143,0.03326,0.0944,0.277,0.07184
ZJ018895,0.1432,0.007507,0.2964,0.2742,0.013565,0.05917,0.01286,0.1932
ZJ018896,0.175,0.06934,0.2659,0.04776,0.01637,0.02498,0.00975,0.3909
ZJ018897,0.10956,0.02264,0.487,0.0822,0.03775,0.06024,0.009705,0.1908
ZJ018898,0.2607,0.005894,0.07043,0.38,0.05045,0.05118,0.01082,0.1707
ZJ018899,0.2634,0.2607,0.2141,0.05975,0.03973,0.02701,0.0795,0.05573
ZJ018900,0.04538,0.1477,0.1996,0.00899,0.2566,0.2559,0.0521,0.03403
ZJ018901,0.3137,0.02132,0.1847,0.01206,0.02524,0.05646,0.3738,0.01278
ZJ018902,0.33,0.07947,0.109,0.10223,0.07513,0.03333,0.02744,0.2434
ZJ018903,0.09796,0.0624,0.2903,0.0117,0.2888,0.11816,0.0982,0.03223
ZJ018904,0.0797,0.08813,0.5195,0.01006,0.03052,0.1309,0.1076,0.03354
ZJ018905,0.1746,0.08984,0.1825,0.02249,0.09814,0.191,0.1454,0.09595
ZJ018906,0.10547,0.0646,0.4407,0.01118,0.1415,0.0713,0.1178,0.04782
ZJ018907,0.2045,0.10724,0.4324,0.011345,0.04443,0.0685,0.1112,0.02052
ZJ018908,0.233,0.10486,0.378,0.003887,0.00442,0.0264,0.06805,0.1814
ZJ018909,0.283,0.1597,0.10693,0.044,0.0923,0.013695,0.03445,0.266
ZJ018910,0.04446,0.1787,0.0661,0.01035,0.02664,0.573,0.0917,0.00877
ZJ018911,0.1654,0.01929,0.1306,0.00495,0.01048,0.06158,0.5913,0.01619
ZJ018912,0.05054,0.133,0.1742,0.04752,0.02625,0.277,0.1073,0.184
ZJ018913,0.2166,0.4792,0.0175,0.00801,0.2188,0.005848,0.0295,0.02464
ZJ018914,0.093,0.3892,0.1772,0.005085,0.09204,0.05414,0.1624,0.02702
ZJ018915,0.131,0.01567,0.0351,0.01604,0.02075,0.03036,0.7456,0.005737
ZJ018916,0.4077,0.094,0.2512,0.00747,0.02162,0.04388,0.1339,0.03986
ZJ018917,0.0783,0.787,0.01247,0.002975,0.02258,0.005234,0.03494,0.0562
ZJ018918,0.05255,0.6484,0.06274,0.01564,0.06113,0.06232,0.05524,0.04202
ZJ018919,0.1719,0.0792,0.09076,0.01903,0.1037,0.3354,0.1613,0.0387
ZJ018920,0.03906,0.01826,0.4106,0.01794,0.0131,0.06122,0.0024,0.437
ZJ018921,0.3308,0.1592,0.088,0.0432,0.0683,0.01339,0.1741,0.12317
ZJ018922,0.505,0.05762,0.06555,0.01316,0.0191,0.00964,0.2886,0.04172
ZJ018923,0.1251,0.0185,0.05826,0.00933,0.00935,0.009605,0.7417,0.02808
ZJ018924,0.0742,0.02379,0.02092,0.0223,0.05664,0.1733,0.6235,0.00528
ZJ018925,0.01455,0.03912,0.02243,0.004566,0.010864,0.874,0.02673,0.00785
ZJ018926,0.1439,0.221,0.3215,0.01328,0.0384,0.1635,0.0788,0.01973
ZJ018927,0.0632,0.2308,0.272,0.01146,0.1521,0.078,0.1046,0.0879
ZJ018928,0.271,0.02676,0.0317,0.03043,0.02592,0.0239,0.576,0.014305
ZJ018929,0.1617,0.05078,0.3694,0.01822,0.0724,0.10333,0.1785,0.04565
ZJ018930,0.2651,0.1564,0.2312,0.010666,0.02415,0.03912,0.2366,0.037
ZJ018931,0.1759,0.2135,0.3247,0.01049,0.01103,0.09393,0.0868,0.08374
ZJ018932,0.1257,0.06555,0.455,0.0983,0.03366,0.05844,0.0188,0.1444
ZJ018933,0.1168,0.5596,0.1126,0.05035,0.03494,0.01671,0.0502,0.0587
ZJ018934,0.003506,0.004253,0.011925,0.00664,0.00826,0.9546,0.00395,0.00654
ZJ018935,0.0512,0.1443,0.2457,0.02151,0.0093,0.137,0.2224,0.1685
ZJ018936,0.1985,0.1251,0.365,0.01721,0.0697,0.08685,0.11365,0.02383
ZJ018937,0.1859,0.269,0.0664,0.010124,0.2283,0.05023,0.1667,0.02327
ZJ018938,0.02715,0.01584,0.0628,0.01448,0.01619,0.8267,0.02649,0.010475
ZJ018939,0.288,0.2166,0.2361,0.00825,0.014755,0.01796,0.04617,0.1721
ZJ018940,0.1372,0.03607,0.1935,0.1521,0.09143,0.1609,0.08154,0.1473
ZJ018941,0.3245,0.0631,0.2019,0.01323,0.06274,0.03546,0.2496,0.04926
ZJ018942,0.3923,0.3928,0.0944,0.005703,0.02905,0.009636,0.03146,0.0446
ZJ018943,0.187,0.03378,0.05225,0.01355,0.6064,0.03366,0.0261,0.04736
ZJ018944,0.4187,0.0933,0.06506,0.01617,0.09155,0.1084,0.1826,0.02399
ZJ018945,0.0667,0.0097,0.5107,0.0768,0.02362,0.1066,0.00907,0.1969
ZJ018946,0.1385,0.02472,0.3247,0.03827,0.003155,0.01595,0.01659,0.4382
ZJ018947,0.03934,0.8853,0.02061,0.002684,0.01341,0.00304,0.01747,0.01826
ZJ018948,0.2312,0.2458,0.3035,0.009224,0.01054,0.012596,0.05487,0.1318
ZJ018949,0.2102,0.1322,0.1053,0.0794,0.03818,0.014854,0.2812,0.1388
ZJ018950,0.05795,0.006187,0.516,0.03116,0.01672,0.3242,0.006138,0.04147
ZJ018951,0.0667,0.1001,0.1394,0.04584,0.05045,0.06616,0.326,0.2054
ZJ018952,0.05353,0.00807,0.04462,0.0088,0.007732,0.02861,0.839,0.009254
ZJ018953,0.1677,0.2054,0.2133,0.00818,0.01018,0.01578,0.2927,0.0866
ZJ018954,0.4868,0.0707,0.0327,0.01785,0.0777,0.02959,0.2703,0.01461
ZJ018955,0.1487,0.1047,0.1207,0.005493,0.01536,0.02701,0.552,0.02632
ZJ018956,0.03757,0.02046,0.2117,0.01095,0.02357,0.6426,0.03812,0.01495
ZJ018957,0.0784,0.006878,0.07947,0.6733,0.02725,0.02287,0.00798,0.10364
ZJ018958,0.273,0.11707,0.2551,0.02097,0.02841,0.06934,0.2253,0.01071
ZJ018959,0.3513,0.10706,0.07776,0.03238,0.09235,0.02583,0.1451,0.1682
ZJ018960,0.2593,0.01675,0.0339,0.17,0.4114,0.03635,0.02379,0.0485
ZJ018961,0.1289,0.278,0.1833,0.0452,0.03406,0.06085,0.1492,0.1204
ZJ018962,0.372,0.1647,0.02103,0.01497,0.04626,0.00699,0.3167,0.05728
ZJ018963,0.2338,0.2103,0.2751,0.01563,0.01775,0.03436,0.0893,0.12384
ZJ018964,0.07666,0.00308,0.2297,0.0969,0.02864,0.02481,0.00571,0.5347
ZJ018965,0.2712,0.3438,0.148,0.0362,0.02397,0.02089,0.0908,0.0651
ZJ018966,0.00631,0.009735,0.01155,0.00244,0.002184,0.9546,0.00947,0.003765
ZJ018967,0.1173,0.7354,0.0545,0.0022,0.02448,0.02249,0.00947,0.0343
ZJ018968,0.2041,0.11487,0.2123,0.02393,0.1333,0.03632,0.2281,0.04715
ZJ018969,0.1726,0.0489,0.561,0.003103,0.0172,0.11346,0.06433,0.01935
ZJ018970,0.09436,0.0822,0.4993,0.01126,0.02885,0.1019,0.1372,0.04486
ZJ018971,0.04843,0.03806,0.07587,0.02182,0.01894,0.07166,0.6826,0.0424
ZJ018972,0.2585,0.1086,0.186,0.02359,0.02632,0.04224,0.2861,0.0686
ZJ018973,0.01941,0.01791,0.00652,0.01558,0.00876,0.8994,0.02756,0.004856
ZJ018974,0.1624,0.0644,0.5513,0.00936,0.01328,0.05927,0.11053,0.02951
ZJ018975,0.5425,0.07404,0.09546,0.01245,0.013535,0.01094,0.1962,0.05478
ZJ018976,0.3948,0.0703,0.05682,0.05304,0.04318,0.00989,0.2086,0.1635
ZJ018977,0.1478,0.2083,0.0733,0.008,0.1609,0.02701,0.322,0.0528
ZJ018978,0.2445,0.4836,0.06445,0.01631,0.02156,0.01372,0.1382,0.01753
ZJ018979,0.00944,0.01617,0.02167,0.01595,0.00701,0.8726,0.04987,0.007423
ZJ018980,0.06024,0.006947,0.03754,0.7466,0.0243,0.00971,0.005665,0.1092
ZJ018981,0.1628,0.04657,0.136,0.263,0.1366,0.07794,0.02402,0.1531
ZJ018982,0.111,0.00657,0.4458,0.2366,0.04025,0.0652,0.00863,0.08606
ZJ018983,0.2377,0.03265,0.1815,0.0987,0.1418,0.119,0.0843,0.1042
ZJ018984,0.1624,0.0832,0.1251,0.232,0.0512,0.0132,0.01813,0.315
ZJ018985,0.409,0.11487,0.1868,0.03152,0.03632,0.0678,0.1432,0.010574
ZJ018986,0.3828,0.0937,0.08435,0.06104,0.03336,0.012276,0.0985,0.2341
ZJ018987,0.09546,0.3442,0.1694,0.02141,0.012955,0.02872,0.302,0.02597
ZJ018988,0.0631,0.0456,0.1095,0.02847,0.02034,0.0813,0.545,0.1068
ZJ018989,0.1533,0.1537,0.4146,0.006886,0.02324,0.01119,0.1604,0.07697
ZJ018990,0.01633,0.05927,0.1309,0.00544,0.1034,0.636,0.0434,0.00515
ZJ018991,0.1279,0.03882,0.06195,0.004063,0.005478,0.006294,0.74,0.01528
ZJ018992,0.1786,0.2197,0.3364,0.01031,0.05353,0.1046,0.08093,0.01588
ZJ018993,0.411,0.01727,0.11633,0.07495,0.0682,0.03485,0.01524,0.262
ZJ018994,0.3274,0.03165,0.2764,0.02063,0.03964,0.07184,0.1968,0.03568
ZJ018995,0.1466,0.11536,0.1085,0.03165,0.01671,0.04947,0.501,0.03055
ZJ018996,0.1027,0.0393,0.09906,0.1237,0.0339,0.00784,0.01277,0.5806
ZJ018997,0.158,0.02632,0.1443,0.0452,0.4429,0.10095,0.02512,0.05695
ZJ018998,0.2244,0.3389,0.221,0.00724,0.01103,0.01068,0.1364,0.0503
ZJ018999,0.1212,0.1521,0.306,0.01572,0.02798,0.13,0.2292,0.01758
ZJ019000,0.0358,0.010155,0.03268,0.664,0.04086,0.00897,0.007057,0.2002
ZJ019001,0.5205,0.0084,0.06586,0.2467,0.02011,0.01339,0.01465,0.11053
ZJ019002,0.06195,0.003937,0.1404,0.4175,0.04785,0.01735,0.002161,0.3088
ZJ019003,0.4812,0.02715,0.1019,0.002802,0.03387,0.126,0.2034,0.0235
ZJ019004,0.2278,0.01616,0.1105,0.1964,0.0361,0.04352,0.03345,0.3362
ZJ019005,0.4116,0.10986,0.07697,0.02463,0.06464,0.03928,0.2563,0.01634
ZJ019006,0.4263,0.00808,0.1323,0.0681,0.2229,0.05753,0.02876,0.05597
ZJ019007,0.1426,0.366,0.07965,0.010254,0.01854,0.2705,0.08673,0.02585
ZJ019008,0.1387,0.011955,0.2925,0.224,0.0343,0.06192,0.0193,0.2174
ZJ019009,0.363,0.1445,0.1764,0.02988,0.03108,0.0644,0.1754,0.01528
ZJ019010,0.11804,0.03625,0.5176,0.08026,0.03104,0.0758,0.01139,0.1295
ZJ019011,0.011986,0.03903,0.04886,0.00887,0.007683,0.8643,0.01543,0.003805
ZJ019012,0.2092,0.03537,0.06024,0.04614,0.03156,0.06824,0.5347,0.01454
ZJ019013,0.03003,0.03857,0.02391,0.005497,0.003422,0.013626,0.8687,0.01645
ZJ019014,0.3855,0.1107,0.1881,0.02908,0.02779,0.02231,0.176,0.0605
ZJ019015,0.241,0.01593,0.166,0.091,0.07086,0.0556,0.02222,0.3374
ZJ019016,0.1332,0.1708,0.08954,0.01101,0.02742,0.05356,0.431,0.08356
ZJ019017,0.1764,0.04556,0.3455,0.02469,0.2054,0.10205,0.03232,0.0682
ZJ019018,0.0984,0.01122,0.1256,0.1697,0.02295,0.0234,0.005306,0.5435
ZJ019019,0.03925,0.03796,0.0326,0.0799,0.02406,0.0474,0.6934,0.0457
ZJ019020,0.000495,0.001531,0.003048,0.001174,0.0007367,0.9907,0.001633,0.000801
ZJ019021,0.2607,0.03012,0.0828,0.173,0.3086,0.0423,0.014404,0.08795
ZJ019022,0.2386,0.09564,0.149,0.01101,0.0785,0.0935,0.2131,0.1205
ZJ019023,0.172,0.283,0.3381,0.01292,0.02219,0.02356,0.05597,0.0922
ZJ019024,0.828,0.01021,0.00837,0.00536,0.05093,0.003254,0.06207,0.03195
ZJ019025,0.1556,0.0999,0.522,0.00824,0.01108,0.046,0.11194,0.04523
ZJ019026,0.1334,0.1392,0.2888,0.0129,0.2242,0.0848,0.09326,0.02359
ZJ019027,0.4575,0.0968,0.1007,0.1092,0.0879,0.03067,0.04666,0.0705
ZJ019028,0.1913,0.0577,0.2366,0.0767,0.0752,0.0906,0.05624,0.2156
ZJ019029,0.087,0.1936,0.09,0.04944,0.03091,0.0749,0.334,0.1401
ZJ019030,0.03787,0.1385,0.2102,0.013916,0.02292,0.504,0.03056,0.04202
ZJ019031,0.0164,0.0339,0.02534,0.03955,0.01218,0.758,0.09717,0.01772
ZJ019032,0.2086,0.1553,0.0941,0.04297,0.0345,0.01181,0.2115,0.2412
ZJ019033,0.10223,0.003473,0.2126,0.10803,0.03217,0.03146,0.00382,0.5063
ZJ019034,0.1903,0.09863,0.3472,0.014114,0.03125,0.1282,0.1772,0.01316
ZJ019035,0.0394,0.05023,0.2117,0.01034,0.00964,0.5576,0.01058,0.11066
ZJ019036,0.2693,0.04178,0.2588,0.148,0.0572,0.03488,0.014145,0.1761
ZJ019037,0.05133,0.2493,0.03238,0.01136,0.02397,0.00837,0.595,0.02805
ZJ019038,0.5464,0.0989,0.0616,0.02156,0.0221,0.00985,0.1382,0.10144
ZJ019039,0.0659,0.7544,0.0635,0.01209,0.01052,0.01782,0.0656,0.01043
ZJ019040,0.0949,0.0931,0.1752,0.004807,0.052,0.2793,0.2837,0.01732
ZJ019041,0.1559,0.1415,0.2252,0.01068,0.08246,0.1642,0.2018,0.01825
ZJ019042,0.1472,0.518,0.0801,0.011284,0.06113,0.01805,0.1533,0.01098
ZJ019043,0.1271,0.0974,0.1506,0.03796,0.0204,0.0961,0.3997,0.07086
ZJ019044,0.3801,0.0595,0.04938,0.011086,0.1295,0.04163,0.16,0.1686
ZJ019045,0.02739,0.0838,0.2612,0.00378,0.02495,0.5415,0.03345,0.02385
ZJ019046,0.1544,0.1997,0.1154,0.12195,0.02512,0.010605,0.1257,0.2471
ZJ019047,0.02086,0.07495,0.1125,0.01321,0.01432,0.723,0.0329,0.00826
ZJ019048,0.2214,0.09,0.24,0.01985,0.04208,0.0722,0.2544,0.05975
ZJ019049,0.3352,0.176,0.0845,0.03458,0.0501,0.01424,0.161,0.1445
ZJ019050,0.1484,0.1691,0.4097,0.01504,0.01091,0.02872,0.07745,0.1404
ZJ019051,0.04355,0.8604,0.03976,0.001574,0.01128,0.00858,0.01288,0.02194
ZJ019052,0.09863,0.0739,0.06113,0.010445,0.01318,0.01741,0.683,0.04233
ZJ019053,0.00856,0.000924,0.004005,0.961,0.001191,0.01504,0.001411,0.00785
ZJ019054,0.2656,0.1278,0.1404,0.03937,0.0806,0.1315,0.1333,0.08154
ZJ019055,0.1024,0.04523,0.0319,0.0039,0.1638,0.0352,0.6064,0.011116
ZJ019056,0.2256,0.03958,0.1003,0.156,0.1842,0.0805,0.0239,0.19
ZJ019057,0.3547,0.1095,0.0665,0.0787,0.0866,0.01366,0.1586,0.1318
ZJ019058,0.08,0.2974,0.1056,0.015305,0.03732,0.00926,0.4185,0.03696
ZJ019059,0.1605,0.0096,0.4023,0.11346,0.01217,0.0764,0.012955,0.2126
ZJ019060,0.1437,0.0943,0.04874,0.03577,0.01974,0.04208,0.5854,0.03018
ZJ019061,0.1027,0.7725,0.03308,0.002497,0.0085,0.005543,0.0168,0.0586
ZJ019062,0.1565,0.05753,0.2866,0.05963,0.06604,0.1382,0.0366,0.199
ZJ019063,0.1242,0.241,0.06744,0.01128,0.3037,0.05136,0.1652,0.03586
ZJ019064,0.3794,0.1053,0.2644,0.00559,0.01845,0.01487,0.1493,0.06287
ZJ019065,0.1708,0.1766,0.3916,0.00853,0.00528,0.04205,0.1655,0.0397
ZJ019066,0.26,0.1074,0.1556,0.0468,0.03644,0.0711,0.2434,0.07916
ZJ019067,0.0223,0.0679,0.1131,0.10565,0.04034,0.585,0.02959,0.03607
ZJ019068,0.1802,0.1277,0.3154,0.02068,0.03473,0.11633,0.1923,0.01274
ZJ019069,0.11,0.00963,0.11346,0.2439,0.04205,0.04352,0.007164,0.4302
ZJ019070,0.1296,0.0199,0.008736,0.00463,0.01445,0.00415,0.7866,0.03192
ZJ019071,0.2932,0.341,0.1858,0.0109,0.03876,0.01709,0.04108,0.07196
ZJ019072,0.0998,0.4739,0.02615,0.005817,0.0108,0.00703,0.342,0.03445
ZJ019073,0.013504,0.00889,0.04327,0.005093,0.00582,0.905,0.01426,0.004597
ZJ019074,0.1625,0.00981,0.277,0.3298,0.04535,0.05096,0.01304,0.11145
ZJ019075,0.002838,0.0065,0.02133,0.001104,0.005253,0.952,0.00359,0.00719
ZJ019076,0.2223,0.1122,0.1901,0.01018,0.02252,0.0212,0.3967,0.02495
ZJ019077,0.2312,0.0561,0.2593,0.02646,0.04175,0.2119,0.1501,0.0233
ZJ019078,0.0009117,0.003986,0.002987,0.001299,0.001208,0.986,0.00249,0.00067
ZJ019079,0.1929,0.1407,0.1299,0.01109,0.0384,0.0332,0.4136,0.04025
ZJ019080,0.05243,0.0802,0.1592,0.04254,0.02074,0.3613,0.1454,0.1383
ZJ019081,0.0993,0.03476,0.06207,0.0297,0.01639,0.03406,0.7056,0.01834
ZJ019082,0.01086,0.01023,0.01907,0.00381,0.002909,0.9307,0.01753,0.00547
ZJ019083,0.1743,0.0751,0.2778,0.02179,0.0644,0.06854,0.2312,0.08685
ZJ019084,0.091,0.05698,0.144,0.05573,0.0165,0.0766,0.4995,0.05927
ZJ019085,0.3035,0.1262,0.2043,0.05133,0.0668,0.0317,0.11804,0.098
ZJ019086,0.1764,0.05426,0.1805,0.0089,0.2532,0.1643,0.1506,0.01173
ZJ019087,0.2573,0.04474,0.05533,0.02473,0.06097,0.05927,0.4304,0.0674
ZJ019088,0.4954,0.2308,0.037,0.005447,0.01753,0.01765,0.1053,0.0912
ZJ019089,0.1146,0.2213,0.3372,0.01144,0.01881,0.014,0.2073,0.07544
ZJ019090,0.02275,0.001062,0.003092,0.00272,0.002922,0.0003994,0.96,0.00689
ZJ019091,0.134,0.02255,0.1934,0.4526,0.0378,0.05878,0.02007,0.0805
ZJ019092,0.1637,0.3499,0.2028,0.00975,0.01859,0.04218,0.06244,0.151
ZJ019093,0.3572,0.4165,0.02522,0.014854,0.10284,0.01659,0.03537,0.03165
ZJ019094,0.3066,0.01698,0.0757,0.1726,0.3123,0.0561,0.01099,0.04874
ZJ019095,0.678,0.02019,0.00987,0.00476,0.1854,0.01226,0.06366,0.02573
ZJ019096,0.196,0.1317,0.2615,0.01855,0.02808,0.04623,0.2927,0.02524
ZJ019097,0.4917,0.05292,0.04034,0.004875,0.221,0.02423,0.1475,0.01718
ZJ019098,0.2556,0.112,0.1527,0.02435,0.02213,0.0151,0.3132,0.1048
ZJ019099,0.05475,0.1209,0.12384,0.007458,0.006355,0.1288,0.4539,0.1041
ZJ019100,0.0853,0.0772,0.5566,0.01394,0.02321,0.08765,0.11346,0.04282
ZJ019101,0.363,0.1626,0.1311,0.004898,0.05234,0.05023,0.1888,0.047
ZJ019102,0.1567,0.1337,0.0699,0.06976,0.1687,0.0264,0.2527,0.1222
ZJ019103,0.0998,0.00948,0.1714,0.1827,0.01712,0.01021,0.004105,0.5054
ZJ019104,0.154,0.01227,0.3809,0.01399,0.01509,0.0927,0.007435,0.3235
ZJ019105,0.1833,0.04794,0.2405,0.0472,0.0378,0.02121,0.01959,0.4028
ZJ019106,0.4524,0.3137,0.03378,0.02202,0.02075,0.00411,0.02043,0.1328
ZJ019107,0.3047,0.299,0.02155,0.00819,0.2878,0.00663,0.03433,0.03763
ZJ019108,0.2717,0.1332,0.03064,0.01503,0.11487,0.03244,0.3374,0.06464
ZJ019109,0.642,0.02974,0.0427,0.01022,0.1738,0.011635,0.06094,0.02861
ZJ019110,0.04285,0.2947,0.1335,0.02249,0.00827,0.1234,0.2954,0.0794
ZJ019111,0.257,0.2644,0.11365,0.006298,0.0741,0.01668,0.1608,0.1068
ZJ019112,0.05463,0.005062,0.5317,0.071,0.0595,0.1659,0.006275,0.10565
ZJ019113,0.474,0.013016,0.0616,0.098,0.2028,0.05777,0.0389,0.05386
ZJ019114,0.0767,0.01923,0.05524,0.005413,0.00985,0.05362,0.771,0.00875
ZJ019115,0.1384,0.6216,0.089,0.002605,0.01924,0.04245,0.02615,0.0606
ZJ019116,0.1875,0.08105,0.4272,0.0091,0.02245,0.05576,0.2048,0.01209
ZJ019117,0.17,0.1161,0.425,0.01758,0.04816,0.0647,0.1262,0.03214
ZJ019118,0.1002,0.1094,0.2188,0.05267,0.01055,0.01744,0.01701,0.474
ZJ019119,0.355,0.1166,0.2246,0.01203,0.0737,0.05658,0.1125,0.04886
ZJ019120,0.1505,0.06433,0.3098,0.01298,0.03494,0.2856,0.1313,0.01041
ZJ019121,0.32,0.0878,0.3535,0.01485,0.03488,0.0326,0.08795,0.06836
ZJ019122,0.2301,0.11536,0.2632,0.019,0.04944,0.06122,0.2357,0.02615
ZJ019123,0.1203,0.013145,0.0994,0.3118,0.04483,0.07874,0.01509,0.3167
ZJ019124,0.1583,0.1893,0.04318,0.004177,0.3525,0.02592,0.2028,0.02374
ZJ019125,0.0888,0.05328,0.1115,0.007256,0.008064,0.06775,0.655,0.00877
ZJ019126,0.2646,0.07434,0.2369,0.01015,0.03137,0.04755,0.3032,0.03162
ZJ019127,0.01487,0.04843,0.04733,0.00478,0.01999,0.831,0.02547,0.007835
ZJ019128,0.2632,0.103,0.0697,0.0943,0.0396,0.01648,0.1584,0.2554
ZJ019129,0.0994,0.02437,0.2487,0.06726,0.00407,0.009834,0.00689,0.5396
ZJ019130,0.04797,0.803,0.01932,0.00357,0.02333,0.00835,0.07074,0.02347
ZJ019131,0.06946,0.007698,0.03275,0.00405,0.00704,0.005657,0.8657,0.008095
ZJ019132,0.0987,0.08075,0.1888,0.01082,0.1659,0.316,0.1125,0.02649
ZJ019133,0.1924,0.05902,0.3389,0.00831,0.015526,0.1699,0.2015,0.01426
ZJ019134,0.325,0.11456,0.07965,0.02713,0.1958,0.02805,0.1344,0.09546
ZJ019135,0.7124,0.001951,0.01834,0.00382,0.233,0.00323,0.002535,0.02464
ZJ019136,0.01467,0.005592,0.03366,0.00511,0.005714,0.9297,0.003323,0.00226
ZJ019137,0.4517,0.01481,0.03265,0.0813,0.346,0.01808,0.01085,0.0449
ZJ019138,0.4219,0.1151,0.2441,0.019,0.01807,0.02641,0.0944,0.06085
ZJ019139,0.0941,0.01095,0.0603,0.683,0.02676,0.03128,0.0119,0.08154
ZJ019140,0.09045,0.00744,0.4075,0.0908,0.006298,0.0181,0.01195,0.3674
ZJ019141,0.0595,0.011765,0.2366,0.0817,0.02394,0.004154,0.00431,0.578
ZJ019142,0.0358,0.411,0.1736,0.007378,0.145,0.0819,0.06555,0.07965
ZJ019143,0.0791,0.0565,0.576,0.00631,0.04196,0.0847,0.11896,0.0362
ZJ019144,0.03973,0.1819,0.05527,0.0412,0.01576,0.03592,0.597,0.0329
ZJ019145,0.1154,0.02837,0.5254,0.0963,0.02351,0.02966,0.01201,0.1693
ZJ019146,0.0253,0.0698,0.1472,0.05338,0.0539,0.5137,0.0587,0.0778
ZJ019147,0.5264,0.164,0.02455,0.003262,0.1034,0.02425,0.1296,0.0245
ZJ019148,0.157,0.04803,0.1711,0.2239,0.1974,0.06525,0.0191,0.11835
ZJ019149,0.4211,0.0993,0.09515,0.05307,0.04453,0.02307,0.0965,0.1675
ZJ019150,0.021,0.00986,0.063,0.0883,0.003963,0.7744,0.00652,0.03287
ZJ019151,0.03967,0.0873,0.02194,0.02744,0.012184,0.1577,0.639,0.01451
ZJ019152,0.09985,0.10486,0.1265,0.02396,0.04144,0.1566,0.2974,0.1494
ZJ019153,0.313,0.07587,0.321,0.01175,0.01698,0.02263,0.1605,0.0783
ZJ019154,0.5327,0.1659,0.04858,0.02856,0.02788,0.01142,0.01843,0.1664
ZJ019155,0.1868,0.2448,0.208,0.02394,0.06793,0.08905,0.1002,0.0793
ZJ019156,0.1998,0.01578,0.586,0.014084,0.02591,0.03372,0.015114,0.10974
ZJ019157,0.0003147,0.000888,0.001241,0.0007377,0.0003457,0.9946,0.0011835,0.0005317
ZJ019158,0.1931,0.07404,0.518,0.00978,0.01633,0.1071,0.0726,0.00903
ZJ019159,0.0773,0.0115,0.353,0.06476,0.0075,0.006725,0.00953,0.4695
ZJ019160,0.0502,0.003748,0.01283,0.00206,0.002993,0.00327,0.918,0.00669
ZJ019161,0.302,0.04053,0.1248,0.1837,0.04617,0.04535,0.02786,0.2297
ZJ019162,0.10077,0.010315,0.07007,0.5347,0.04996,0.0225,0.006584,0.2051
ZJ019163,0.1578,0.2366,0.1478,0.01341,0.00654,0.04117,0.3235,0.0733
ZJ019164,0.1774,0.04865,0.1296,0.02518,0.01563,0.1078,0.4614,0.0343
ZJ019165,0.332,0.0665,0.366,0.02498,0.02412,0.05753,0.0909,0.03806
ZJ019166,0.2092,0.3528,0.2084,0.02315,0.03244,0.03049,0.076,0.06775
ZJ019167,0.2119,0.314,0.1547,0.00791,0.1299,0.05444,0.10925,0.0181
ZJ019168,0.0189,0.0947,0.1832,0.007458,0.00683,0.5903,0.05573,0.04288
ZJ019169,0.3333,0.0787,0.2389,0.1361,0.02731,0.05566,0.01738,0.1127
ZJ019170,0.007805,0.02507,0.06305,0.004173,0.010704,0.8623,0.003963,0.02249
ZJ019171,0.217,0.01132,0.1284,0.2622,0.2219,0.02448,0.0182,0.1164
ZJ019172,0.464,0.02322,0.05527,0.07336,0.2642,0.0458,0.01328,0.0611
ZJ019173,0.463,0.03162,0.0643,0.02994,0.0873,0.005344,0.2725,0.04617
ZJ019174,0.1881,0.1881,0.3108,0.01515,0.01516,0.07745,0.143,0.06226
ZJ019175,0.2346,0.1178,0.1973,0.01712,0.06323,0.109,0.2487,0.01255
ZJ019176,0.3247,0.1838,0.2737,0.0194,0.02878,0.02086,0.083,0.0656
ZJ019177,0.3225,0.07605,0.3147,0.06384,0.0683,0.0262,0.05542,0.0728
ZJ019178,0.2612,0.1375,0.2725,0.05136,0.02068,0.105,0.1361,0.01584
ZJ019179,0.3271,0.11316,0.0996,0.0635,0.0828,0.02332,0.11444,0.1759
ZJ019180,0.0921,0.02368,0.0738,0.03104,0.611,0.06128,0.013466,0.0938
ZJ019181,0.08356,0.0794,0.05795,0.0836,0.012955,0.2327,0.412,0.0378
ZJ019182,0.081,0.01332,0.0595,0.6934,0.02138,0.03564,0.0129,0.08276
ZJ019183,0.1426,0.03317,0.0678,0.00823,0.010185,0.003693,0.7134,0.0211
ZJ019184,0.1412,0.003448,0.1945,0.1996,0.0627,0.03125,0.00303,0.3643
ZJ019185,0.06635,0.01985,0.4304,0.2006,0.01987,0.1313,0.01389,0.1174
ZJ019186,0.08453,0.006157,0.5674,0.04688,0.0533,0.0078,0.003521,0.2307
ZJ019187,0.1478,0.139,0.4429,0.00791,0.01929,0.01471,0.1638,0.06433
ZJ019188,0.3538,0.0876,0.2438,0.00916,0.0193,0.0951,0.1483,0.04306
ZJ019189,0.4966,0.010376,0.01305,0.00402,0.03336,0.00203,0.4297,0.011154
ZJ019190,0.1593,0.010506,0.2393,0.3403,0.07526,0.0582,0.011986,0.105
ZJ019191,0.2351,0.1774,0.338,0.005966,0.010056,0.0256,0.03336,0.1744
ZJ019192,0.09125,0.02705,0.05182,0.009285,0.01706,0.02048,0.602,0.1812
ZJ019193,0.1726,0.06995,0.3052,0.05585,0.012924,0.02164,0.0313,0.3303
ZJ019194,0.02657,0.04868,0.03226,0.0642,0.02042,0.728,0.05963,0.02025
ZJ019195,0.1885,0.07513,0.295,0.01868,0.03842,0.148,0.2201,0.01637
ZJ019196,0.3845,0.01427,0.04025,0.1349,0.346,0.03235,0.01304,0.0347
ZJ019197,0.011505,0.012054,0.01933,0.01225,0.01062,0.8877,0.03683,0.0101
ZJ019198,0.484,0.09644,0.207,0.03098,0.0245,0.0191,0.093,0.0451
ZJ019199,0.3503,0.1309,0.0735,0.08167,0.1126,0.0439,0.0814,0.1256
ZJ019200,0.1995,0.02455,0.06995,0.2627,0.2944,0.0456,0.01782,0.0855
ZJ019201,0.1702,0.271,0.06726,0.04297,0.05463,0.00995,0.2434,0.1406
ZJ019202,0.1727,0.1407,0.0977,0.1083,0.02792,0.013016,0.06134,0.3782
ZJ019203,0.09094,0.00353,0.5547,0.03778,0.01037,0.01875,0.003677,0.2805
ZJ019204,0.4116,0.01907,0.03238,0.0754,0.3926,0.0281,0.01296,0.02786
ZJ019205,0.08136,0.0446,0.1295,0.1874,0.0886,0.03918,0.00614,0.423
ZJ019206,0.3442,0.251,0.1735,0.02982,0.0267,0.02458,0.0873,0.06305
ZJ019207,0.3035,0.02159,0.0451,0.00839,0.01973,0.00669,0.5806,0.01432
ZJ019208,0.109,0.007866,0.0976,0.609,0.01991,0.0381,0.00815,0.1105
ZJ019209,0.1674,0.01025,0.08466,0.03268,0.493,0.01767,0.02126,0.173
ZJ019210,0.167,0.277,0.3894,0.012405,0.00836,0.02415,0.09656,0.025
ZJ019211,0.1781,0.01259,0.4292,0.1797,0.011475,0.03717,0.01135,0.1403
ZJ019212,0.861,0.00359,0.00523,0.003826,0.1048,0.002104,0.003925,0.01584
ZJ019213,0.1071,0.02182,0.2031,0.4897,0.0421,0.0657,0.0195,0.05087
ZJ019214,0.4648,0.0862,0.1487,0.006233,0.01277,0.02283,0.2203,0.03842
ZJ019215,0.2097,0.0517,0.2327,0.03072,0.0872,0.2155,0.09155,0.0808
ZJ019216,0.2418,0.03503,0.2399,0.2126,0.0422,0.02852,0.01427,0.1857
ZJ019217,0.511,0.1672,0.05756,0.008896,0.0915,0.01884,0.07245,0.0724
ZJ019218,0.1835,0.0449,0.3308,0.00999,0.013916,0.022,0.3635,0.0314
ZJ019219,0.04672,0.04053,0.07196,0.0343,0.04434,0.7007,0.0337,0.02763
ZJ019220,0.04907,0.0314,0.0811,0.01614,0.04498,0.09283,0.648,0.03665
ZJ019221,0.0163,0.003159,0.01685,0.4497,0.002792,0.4915,0.005047,0.01491
ZJ019222,0.3506,0.05722,0.0374,0.05048,0.06384,0.02869,0.2268,0.1852
ZJ019223,0.131,0.1594,0.3335,0.01729,0.00977,0.0602,0.1805,0.1083
ZJ019224,0.7046,0.02068,0.05695,0.06573,0.0377,0.02866,0.0146,0.0713
ZJ019225,0.1873,0.02078,0.2197,0.11975,0.12415,0.1718,0.03024,0.1262
ZJ019226,0.1335,0.08057,0.2886,0.015015,0.00582,0.0595,0.3306,0.0863
ZJ019227,0.5547,0.05753,0.04572,0.005936,0.0387,0.02779,0.236,0.0337
ZJ019228,0.12366,0.00625,0.279,0.2505,0.02861,0.2328,0.01198,0.067
ZJ019229,0.761,0.04135,0.0222,0.005524,0.0739,0.00667,0.06976,0.01932
ZJ019230,0.2468,0.11017,0.0845,0.04437,0.04565,0.08563,0.3596,0.02344
ZJ019231,0.1355,0.2002,0.10077,0.01186,0.3313,0.0479,0.1442,0.02812
ZJ019232,0.2715,0.149,0.07904,0.0689,0.0861,0.02362,0.153,0.1687
ZJ019233,0.3047,0.1242,0.1593,0.02309,0.1127,0.05038,0.10583,0.11993
ZJ019234,0.1451,0.07336,0.04575,0.03442,0.1004,0.0523,0.4849,0.0641
ZJ019235,0.1107,0.004963,0.2451,0.336,0.02617,0.2175,0.01569,0.04385
ZJ019236,0.05753,0.699,0.03108,0.006813,0.02281,0.02567,0.1183,0.03876
ZJ019237,0.2073,0.0491,0.3352,0.01532,0.01912,0.141,0.2094,0.02359
ZJ019238,0.0649,0.0627,0.183,0.005825,0.05966,0.5073,0.1063,0.010345
ZJ019239,0.0647,0.0704,0.3945,0.01453,0.01187,0.258,0.1373,0.04855
ZJ019240,0.0938,0.4067,0.1879,0.0156,0.06097,0.0698,0.1425,0.02266
ZJ019241,0.04495,0.04547,0.0519,0.0125,0.012,0.763,0.04517,0.02493
ZJ019242,0.664,0.0376,0.04907,0.01869,0.05322,0.02135,0.11194,0.04425
ZJ019243,0.05853,0.00888,0.3257,0.1543,0.06384,0.06354,0.00849,0.3167
ZJ019244,0.08344,0.01085,0.2379,0.358,0.0925,0.1454,0.006752,0.0652
ZJ019245,0.2668,0.0902,0.3813,0.002247,0.00817,0.077,0.1252,0.04874
ZJ019246,0.2742,0.118,0.1404,0.01768,0.0927,0.1047,0.182,0.0702
ZJ019247,0.0829,0.7607,0.02722,0.002798,0.0166,0.01136,0.0713,0.02707
ZJ019248,0.3782,0.05264,0.03607,0.005512,0.05768,0.01133,0.403,0.05527
ZJ019249,0.2174,0.1571,0.11786,0.01108,0.01089,0.02144,0.4414,0.02292
ZJ019250,0.2866,0.014015,0.1525,0.2224,0.02676,0.1508,0.02051,0.1262
ZJ019251,0.177,0.04044,0.561,0.00756,0.01697,0.02032,0.03754,0.1393
ZJ019252,0.11975,0.373,0.1495,0.0117,0.0895,0.1509,0.0934,0.012215
ZJ019253,0.07263,0.004383,0.6064,0.0732,0.01788,0.038,0.00861,0.179
ZJ019254,0.0859,0.4868,0.05585,0.0089,0.0666,0.04398,0.2301,0.02182
ZJ019255,0.4429,0.01732,0.07715,0.132,0.2053,0.0201,0.0162,0.08887
ZJ019256,0.1043,0.513,0.2084,0.005646,0.010605,0.015366,0.04456,0.0978
ZJ019257,0.0628,0.754,0.01625,0.00806,0.02464,0.01051,0.10315,0.02084
ZJ019258,0.003225,0.01134,0.01581,0.001314,0.004005,0.9517,0.00466,0.00865
ZJ019259,0.0007973,0.002312,0.003183,0.001677,0.001258,0.987,0.00287,0.0009027
ZJ019260,0.0983,0.00546,0.01081,0.03397,0.05893,0.0157,0.7534,0.02318
ZJ019261,0.0883,0.004494,0.234,0.1224,0.02397,0.02019,0.00433,0.5024
ZJ019262,0.2964,0.11,0.287,0.04822,0.0453,0.02945,0.0875,0.0961
ZJ019263,0.1946,0.0403,0.2764,0.2754,0.02959,0.0622,0.00834,0.1133
ZJ019264,0.288,0.01624,0.1505,0.2754,0.0657,0.06647,0.00913,0.1287
ZJ019265,0.1046,0.013565,0.2435,0.0775,0.4,0.02591,0.00476,0.1299
ZJ019266,0.1339,0.1506,0.1203,0.0771,0.03986,0.02377,0.2092,0.2454
ZJ019267,0.1794,0.05475,0.05038,0.03091,0.1085,0.0638,0.464,0.04803
ZJ019268,0.3464,0.1131,0.084,0.06134,0.0647,0.01436,0.1332,0.1831
ZJ019269,0.1565,0.02312,0.0122,0.01524,0.0458,0.01153,0.6836,0.05185
ZJ019270,0.0933,0.05722,0.1038,0.01582,0.004517,0.003748,0.00633,0.7153
ZJ019271,0.311,0.4622,0.03345,0.00829,0.1263,0.007183,0.03047,0.02098
ZJ019272,0.009186,0.01663,0.0183,0.00222,0.005486,0.9297,0.01491,0.003698
ZJ019273,0.2888,0.0872,0.04254,0.05194,0.08636,0.00816,0.2158,0.2191
ZJ019274,0.0467,0.00903,0.00982,0.8765,0.02142,0.0186,0.00575,0.01193
ZJ019275,0.0803,0.01071,0.01559,0.01369,0.0173,0.0172,0.803,0.0427
ZJ019276,0.2878,0.1626,0.3213,0.02744,0.0359,0.02141,0.06335,0.08014
ZJ019277,0.2012,0.04346,0.3455,0.02994,0.03934,0.1138,0.2112,0.01564
ZJ019278,0.3225,0.06537,0.0699,0.00847,0.048,0.005875,0.4077,0.0721
ZJ019279,0.4019,0.04523,0.3108,0.0727,0.03122,0.03418,0.0314,0.0727
ZJ019280,0.1991,0.1902,0.2527,0.01688,0.04266,0.07886,0.1509,0.0687
ZJ019281,0.2161,0.0945,0.2642,0.01091,0.01613,0.02725,0.2913,0.07965
ZJ019282,0.05063,0.2278,0.3757,0.01512,0.004612,0.1287,0.1393,0.05817
ZJ019283,0.1085,0.03143,0.3748,0.0406,0.002714,0.00846,0.004913,0.429
ZJ019284,0.3162,0.3435,0.0935,0.06586,0.06036,0.01418,0.0433,0.06305
ZJ019285,0.1205,0.01284,0.1203,0.5376,0.02719,0.03293,0.0132,0.1351
ZJ019286,0.3728,0.02853,0.0939,0.1671,0.1478,0.04324,0.02983,0.1168
ZJ019287,0.00884,0.02411,0.02689,0.002378,0.01256,0.9014,0.01455,0.00899
ZJ019288,0.168,0.098,0.2227,0.06824,0.09357,0.1409,0.0989,0.10974
ZJ019289,0.1796,0.0721,0.5586,0.00455,0.03622,0.03032,0.08124,0.03766
ZJ019290,0.0656,0.05634,0.093,0.04907,0.03937,0.6123,0.0439,0.0404
ZJ019291,0.3984,0.01268,0.07684,0.2435,0.03784,0.004215,0.006683,0.22
ZJ019292,0.5557,0.01558,0.0214,0.1876,0.129,0.02837,0.02327,0.0393
ZJ019293,0.0064,0.002865,0.002707,0.001122,0.00606,0.9756,0.004177,0.000838
ZJ019294,0.13,0.1188,0.1024,0.02963,0.02484,0.1754,0.4028,0.01636
ZJ019295,0.5347,0.1968,0.11505,0.01002,0.0313,0.02122,0.02426,0.0667
ZJ019296,0.03622,0.01729,0.10876,0.7183,0.02689,0.0621,0.01106,0.01947
ZJ019297,0.3643,0.1355,0.2637,0.03052,0.03458,0.02739,0.10175,0.04245
ZJ019298,0.07715,0.4075,0.1725,0.0101,0.06,0.1915,0.0694,0.01167
ZJ019299,0.3398,0.03894,0.03537,0.04944,0.03198,0.05606,0.3965,0.0517
ZJ019300,0.1753,0.00878,0.067,0.5474,0.01907,0.0171,0.01312,0.1525
ZJ019301,0.1316,0.06216,0.04587,0.03683,0.03018,0.04584,0.6143,0.03342
ZJ019302,0.3577,0.01912,0.06445,0.2573,0.178,0.03336,0.010544,0.07947
ZJ019303,0.2249,0.0972,0.1247,0.0546,0.035,0.1392,0.298,0.02664
ZJ019304,0.919,0.00197,0.00559,0.01062,0.0481,0.003178,0.005886,0.006386
ZJ019305,0.2252,0.0489,0.3062,0.02036,0.0528,0.1053,0.2297,0.01152
ZJ019306,0.0496,0.001715,0.0114,0.00572,0.00576,0.002476,0.919,0.005054
ZJ019307,0.2764,0.0918,0.1004,0.0365,0.03488,0.03836,0.3782,0.04346
ZJ019308,0.06604,0.01001,0.08093,0.6865,0.02542,0.02046,0.007904,0.10284
ZJ019309,0.527,0.07263,0.1641,0.02444,0.01741,0.00999,0.1051,0.07947
ZJ019310,0.2942,0.1154,0.1346,0.013596,0.02664,0.03946,0.3052,0.071
ZJ019311,0.3923,0.2527,0.06964,0.0108,0.0804,0.02914,0.12463,0.0405
ZJ019312,0.0101,0.00702,0.02779,0.014626,0.01345,0.8994,0.01339,0.01494
ZJ019313,0.00779,0.013504,0.01909,0.006744,0.00503,0.9155,0.0179,0.014015
ZJ019314,0.07245,0.004173,0.5044,0.2273,0.02885,0.0866,0.0054,0.0706
ZJ019315,0.3071,0.1584,0.2249,0.02467,0.01953,0.0704,0.183,0.01204
ZJ019316,0.2278,0.1234,0.2047,0.05573,0.02313,0.1671,0.1809,0.01729
ZJ019317,0.301,0.493,0.02518,0.00815,0.1338,0.00319,0.01831,0.01727
ZJ019318,0.079,0.02847,0.5796,0.03308,0.0824,0.04202,0.012535,0.143
ZJ019319,0.002829,0.01831,0.02603,0.0007906,0.002022,0.939,0.004593,0.006554
ZJ019320,0.1802,0.0378,0.1115,0.3245,0.1294,0.0933,0.02023,0.10315
ZJ019321,0.0657,0.03888,0.08887,0.4856,0.11633,0.10626,0.0264,0.07196
ZJ019322,0.2964,0.2043,0.26,0.02849,0.03293,0.02155,0.0925,0.0638
ZJ019323,0.262,0.01487,0.05478,0.1927,0.3494,0.03482,0.014755,0.0766
ZJ019324,0.2047,0.08386,0.3345,0.01406,0.03995,0.08844,0.2164,0.01813
ZJ019325,0.174,0.2006,0.2275,0.00611,0.005394,0.00522,0.3604,0.02072
ZJ019326,0.1686,0.04446,0.1742,0.2668,0.0383,0.03125,0.014465,0.2617
ZJ019327,0.2054,0.07184,0.3232,0.006752,0.00889,0.011536,0.3425,0.02959
ZJ019328,0.3635,0.0864,0.287,0.0336,0.03198,0.03302,0.0642,0.1002
ZJ019329,0.8213,0.003723,0.014114,0.007164,0.1105,0.01107,0.005867,0.02641
ZJ019330,0.0644,0.02959,0.03796,0.648,0.05557,0.0143,0.009476,0.1407
ZJ019331,0.00844,0.01171,0.01389,0.001803,0.002466,0.947,0.01082,0.00393
ZJ019332,0.3335,0.0712,0.1824,0.05145,0.02641,0.015305,0.01305,0.3066
ZJ019333,0.0695,0.00648,0.03717,0.003048,0.00507,0.006317,0.8657,0.006958
ZJ019334,0.5947,0.1415,0.07385,0.03305,0.0539,0.005066,0.05988,0.03806
ZJ019335,0.000364,0.000669,0.001409,0.0008802,0.0005074,0.9937,0.0015745,0.0004394
ZJ019336,0.0997,0.03885,0.6963,0.010994,0.02438,0.06192,0.03595,0.032
ZJ019337,0.3394,0.1257,0.0714,0.006622,0.0301,0.002968,0.3994,0.02443
ZJ019338,0.01762,0.0368,0.1209,0.004265,0.0171,0.6855,0.006058,0.1118
ZJ019339,0.119,0.04312,0.06854,0.00812,0.00928,0.00794,0.734,0.00999
ZJ019340,0.3782,0.03125,0.0866,0.1131,0.2854,0.0471,0.0151,0.04327
ZJ019341,0.10046,0.07434,0.4653,0.00864,0.0627,0.0913,0.1604,0.0372
ZJ019342,0.3308,0.02495,0.0361,0.1814,0.35,0.0251,0.01604,0.03558
ZJ019343,0.6357,0.001715,0.0125,0.01772,0.287,0.002514,0.00796,0.0345
ZJ019344,0.2898,0.2161,0.0859,0.0543,0.04895,0.010506,0.2014,0.0933
ZJ019345,0.1553,0.0695,0.4055,0.01365,0.02362,0.0882,0.08356,0.1609
ZJ019346,0.2092,0.167,0.0607,0.0702,0.0833,0.0075,0.274,0.1283
ZJ019347,0.1151,0.01161,0.0813,0.623,0.03134,0.03287,0.009766,0.09485
ZJ019348,0.178,0.06134,0.3691,0.0132,0.04047,0.1587,0.1626,0.0164
ZJ019349,0.2676,0.2886,0.07666,0.00727,0.04068,0.02568,0.2484,0.04498
ZJ019350,0.414,0.148,0.1312,0.03552,0.03723,0.09436,0.0936,0.046
ZJ019351,0.1154,0.002846,0.1731,0.367,0.0442,0.01682,0.002073,0.2786
ZJ019352,0.2996,0.226,0.1578,0.00502,0.0789,0.0912,0.05356,0.0879
ZJ019353,0.165,0.219,0.3716,0.02315,0.006752,0.01402,0.0365,0.1641
ZJ019354,0.1783,0.4773,0.06143,0.009834,0.00934,0.02429,0.2205,0.01877
ZJ019355,0.2045,0.1292,0.09485,0.2252,0.0764,0.01102,0.02069,0.238
ZJ019356,0.1924,0.0659,0.1637,0.01396,0.04074,0.2141,0.2197,0.08954
ZJ019357,0.1946,0.326,0.198,0.01515,0.05014,0.02127,0.09033,0.1047
ZJ019358,0.688,0.0463,0.04346,0.01634,0.06232,0.00782,0.04092,0.095
ZJ019359,0.02135,0.00548,0.00783,0.841,0.01092,0.0994,0.00692,0.00765
ZJ019360,0.1456,0.3357,0.1437,0.04077,0.0904,0.03278,0.1647,0.04648
ZJ019361,0.006786,0.01536,0.00995,0.005665,0.010345,0.9297,0.01378,0.00818
ZJ019362,0.1742,0.6,0.05298,0.00536,0.0444,0.01538,0.02174,0.0857
ZJ019363,0.2468,0.0751,0.2559,0.03064,0.02435,0.0671,0.2302,0.0699
ZJ019364,0.4712,0.02776,0.2734,0.005306,0.02898,0.05878,0.11316,0.02156
ZJ019365,0.0365,0.004284,0.00585,0.872,0.02046,0.05243,0.003712,0.005028
ZJ019366,0.1307,0.09753,0.3574,0.01608,0.03427,0.08606,0.1884,0.08936
ZJ019367,0.5557,0.0352,0.0715,0.01427,0.0221,0.01475,0.2415,0.04538
ZJ019368,0.1665,0.0963,0.577,0.01161,0.01308,0.0583,0.06015,0.01672
ZJ019369,0.011154,0.03006,0.01222,0.0225,0.004997,0.8804,0.03323,0.00523
ZJ019370,0.1425,0.2217,0.08527,0.0173,0.0925,0.04596,0.3374,0.05746
ZJ019371,0.1222,0.1447,0.2133,0.01503,0.005398,0.01022,0.4644,0.02463
ZJ019372,0.19,0.2664,0.2576,0.02725,0.01672,0.0207,0.0843,0.1372
ZJ019373,0.324,0.1707,0.157,0.04327,0.03177,0.09357,0.167,0.01283
ZJ019374,0.10315,0.02725,0.1577,0.5425,0.02702,0.06836,0.013016,0.06085
ZJ019375,0.08954,0.01372,0.0881,0.607,0.0378,0.04312,0.01181,0.109
ZJ019376,0.1201,0.1395,0.2703,0.01627,0.01085,0.1151,0.2458,0.082
ZJ019377,0.273,0.1102,0.172,0.0201,0.02338,0.09326,0.2688,0.03915
ZJ019378,0.3652,0.02124,0.0774,0.0733,0.3706,0.04776,0.01029,0.03412
ZJ019379,0.335,0.1042,0.2576,0.04224,0.0416,0.0327,0.10986,0.0768
ZJ019380,0.1624,0.1259,0.2344,0.01196,0.02568,0.07623,0.3,0.06354
ZJ019381,0.1713,0.00853,0.3188,0.2449,0.0462,0.05988,0.01197,0.1385
ZJ019382,0.3396,0.2783,0.1687,0.04068,0.02823,0.01326,0.0682,0.0632
ZJ019383,0.11835,0.007286,0.26,0.1364,0.355,0.03348,0.00507,0.08453
ZJ019384,0.02815,0.0383,0.08307,0.0339,0.05502,0.6978,0.01526,0.0487
ZJ019385,0.11346,0.12415,0.4004,0.00425,0.003084,0.02371,0.103,0.2279
ZJ019386,0.1335,0.02747,0.1454,0.2106,0.0891,0.03418,0.005753,0.354
ZJ019387,0.007683,0.04013,0.0634,0.00408,0.005234,0.8447,0.02469,0.010635
ZJ019388,0.06696,0.762,0.02054,0.004047,0.02531,0.010735,0.07886,0.03143
ZJ019389,0.05328,0.0876,0.3418,0.01018,0.07904,0.2954,0.0777,0.055
ZJ019390,0.1935,0.2113,0.1866,0.05048,0.01952,0.152,0.1682,0.01843
ZJ019391,0.1564,0.1112,0.355,0.00384,0.06775,0.1682,0.126,0.011505
ZJ019392,0.1998,0.0756,0.0314,0.029,0.0328,0.04236,0.573,0.0157
ZJ019393,0.2803,0.05356,0.05795,0.00875,0.04517,0.0498,0.4526,0.05145
ZJ019394,0.2815,0.2913,0.0883,0.01267,0.092,0.03165,0.1764,0.02621
ZJ019395,0.264,0.0906,0.339,0.11633,0.03314,0.02798,0.07355,0.05542
ZJ019396,0.372,0.01715,0.05963,0.1904,0.1561,0.01347,0.00863,0.1825
ZJ019397,0.0697,0.1832,0.2534,0.01504,0.02217,0.2285,0.1796,0.04852
ZJ019398,0.04517,0.085,0.1886,0.02342,0.06088,0.4653,0.08264,0.0489
ZJ019399,0.2922,0.1892,0.084,0.0761,0.055,0.006798,0.2004,0.09625
ZJ019400,0.2181,0.1227,0.191,0.04797,0.02551,0.0681,0.2468,0.07965
ZJ019401,0.1537,0.06396,0.401,0.01614,0.0105,0.0704,0.2722,0.01265
ZJ019402,0.0388,0.8906,0.01399,0.001398,0.02335,0.003605,0.01257,0.01552
ZJ019403,0.1857,0.00758,0.05405,0.0769,0.4968,0.0502,0.00945,0.11926
ZJ019404,0.3794,0.0742,0.1932,0.11847,0.02734,0.04285,0.03214,0.1323
ZJ019405,0.1946,0.05048,0.05453,0.01852,0.0238,0.04398,0.598,0.01611
ZJ019406,0.4146,0.0667,0.1892,0.02866,0.03897,0.0209,0.03522,0.206
ZJ019407,0.4797,0.0628,0.0329,0.0989,0.1224,0.0378,0.09796,0.0677
ZJ019408,0.2903,0.1086,0.0628,0.05997,0.04276,0.010605,0.2004,0.2246
ZJ019409,0.0666,0.002666,0.01567,0.002829,0.00587,0.00848,0.892,0.005894
ZJ019410,0.1709,0.2556,0.3289,0.010216,0.01038,0.01552,0.05698,0.1515
ZJ019411,0.09503,0.00637,0.4888,0.05576,0.015366,0.02011,0.00915,0.3096
ZJ019412,0.3005,0.2224,0.0922,0.02779,0.03418,0.01194,0.1925,0.11835
ZJ019413,0.07355,0.03772,0.2002,0.09,0.08405,0.2737,0.0734,0.1676
ZJ019414,0.4663,0.05762,0.1573,0.01653,0.02277,0.03125,0.04437,0.2039
ZJ019415,0.013626,0.00694,0.0648,0.02866,0.01369,0.811,0.007214,0.0543
ZJ019416,0.0736,0.01129,0.0885,0.3557,0.02621,0.2974,0.01406,0.1332
ZJ019417,0.1803,0.475,0.1222,0.01465,0.02747,0.04932,0.03357,0.09735
ZJ019418,0.0476,0.01332,0.4849,0.0826,0.03638,0.0902,0.004444,0.2408
ZJ019419,0.1627,0.1989,0.2205,0.04205,0.02512,0.1648,0.1707,0.01512
ZJ019420,0.1868,0.0824,0.319,0.01784,0.03192,0.1482,0.1946,0.01909
ZJ019421,0.359,0.02063,0.02377,0.003765,0.1276,0.01282,0.4414,0.01117
ZJ019422,0.0739,0.04617,0.03595,0.011444,0.0204,0.0186,0.748,0.0456
ZJ019423,0.01454,0.0631,0.1523,0.005188,0.00478,0.723,0.02881,0.007935
ZJ019424,0.12,0.222,0.06323,0.0312,0.02287,0.02644,0.4917,0.02234
ZJ019425,0.2734,0.08905,0.2047,0.01639,0.02084,0.05145,0.2886,0.0556
ZJ019426,0.256,0.04257,0.3044,0.011795,0.02275,0.0681,0.2866,0.007732
ZJ019427,0.1782,0.00848,0.2178,0.283,0.02014,0.05475,0.02133,0.2164
ZJ019428,0.00586,0.01643,0.06046,0.002178,0.003849,0.8857,0.02034,0.00521
ZJ019429,0.256,0.1595,0.2113,0.01857,0.07886,0.06,0.07056,0.1449
ZJ019430,0.2876,0.04233,0.2742,0.01002,0.0208,0.03723,0.3123,0.01555
ZJ019431,0.01229,0.011406,0.03314,0.003925,0.00631,0.911,0.01493,0.00666
ZJ019432,0.05713,0.1985,0.269,0.01823,0.0339,0.2705,0.0462,0.10657
ZJ019433,0.1666,0.01721,0.0983,0.3882,0.0949,0.0757,0.02159,0.1373
ZJ019434,0.1073,0.05957,0.4302,0.01398,0.0894,0.1315,0.0743,0.0939
ZJ019435,0.1462,0.1232,0.2512,0.02571,0.06854,0.07007,0.1422,0.1727
ZJ019436,0.0971,0.3674,0.03146,0.002737,0.3452,0.01444,0.1247,0.01701
ZJ019437,0.293,0.3472,0.07513,0.01073,0.02153,0.01536,0.0303,0.2068
ZJ019438,0.1076,0.0924,0.468,0.01316,0.02267,0.06726,0.1985,0.03061
ZJ019439,0.1832,0.06143,0.3323,0.00922,0.04898,0.1958,0.12256,0.04654
ZJ019440,0.1608,0.635,0.05792,0.00628,0.01752,0.01274,0.0627,0.04736
ZJ019441,0.837,0.02054,0.01445,0.01084,0.0706,0.02048,0.00879,0.01799
ZJ019442,0.039,0.048,0.131,0.02116,0.03406,0.6714,0.03928,0.01622
ZJ019443,0.4192,0.2328,0.0983,0.00834,0.0669,0.04922,0.0572,0.0678
ZJ019444,0.09906,0.02177,0.1923,0.192,0.084,0.01688,0.004562,0.3894
ZJ019445,0.1693,0.2484,0.134,0.02126,0.119,0.1271,0.1501,0.03056
ZJ019446,0.002337,0.007774,0.0193,0.001206,0.00194,0.958,0.004944,0.00425
ZJ019447,0.4148,0.11426,0.06232,0.0354,0.0709,0.03061,0.1874,0.084
ZJ019448,0.4832,0.01262,0.03055,0.1497,0.2336,0.02986,0.0238,0.03662
ZJ019449,0.1251,0.535,0.09973,0.06604,0.032,0.01211,0.0767,0.05292
ZJ019450,0.0801,0.00666,0.08295,0.622,0.0208,0.02603,0.007576,0.1539
ZJ019451,0.08014,0.1753,0.3523,0.01498,0.01003,0.2201,0.0935,0.05365
ZJ019452,0.1047,0.011,0.285,0.4043,0.04053,0.0693,0.009315,0.076
ZJ019453,0.01015,0.01907,0.01653,0.002218,0.0028,0.9287,0.01488,0.005344
ZJ019454,0.07227,0.02386,0.133,0.6055,0.02676,0.03876,0.009575,0.09045
ZJ019455,0.282,0.2009,0.2318,0.08826,0.03186,0.02707,0.06384,0.0741
ZJ019456,0.1653,0.01426,0.10724,0.03638,0.4578,0.08887,0.03415,0.09595
ZJ019457,0.1451,0.10626,0.3066,0.014786,0.02893,0.1698,0.1311,0.09753
ZJ019458,0.003069,0.00956,0.01845,0.001511,0.004513,0.953,0.00292,0.006798
ZJ019459,0.1428,0.006676,0.1203,0.0785,0.4575,0.05646,0.003803,0.134
ZJ019460,0.03336,0.1076,0.04166,0.01137,0.03036,0.709,0.0621,0.00464
ZJ019461,0.1609,0.11194,0.04446,0.12024,0.0731,0.01628,0.3638,0.1094
ZJ019462,0.09216,0.006905,0.2457,0.4028,0.05316,0.1144,0.01294,0.0721
ZJ019463,0.512,0.2178,0.032,0.01438,0.03708,0.0128,0.01688,0.1567
ZJ019464,0.04596,0.8813,0.01668,0.002466,0.00919,0.003887,0.012245,0.0282
ZJ019465,0.1754,0.1372,0.2308,0.01973,0.10333,0.02483,0.2656,0.04285
ZJ019466,0.1545,0.1962,0.2268,0.011375,0.01497,0.01825,0.3513,0.02678
ZJ019467,0.09796,0.02141,0.2734,0.0741,0.09393,0.1736,0.003681,0.262
ZJ019468,0.05426,0.03412,0.02249,0.02167,0.02232,0.01138,0.8115,0.02171
ZJ019469,0.2986,0.0163,0.04553,0.012184,0.0337,0.02394,0.5186,0.05112
ZJ019470,0.2622,0.1871,0.2,0.1272,0.038,0.02109,0.1082,0.05606
ZJ019471,0.1597,0.0952,0.5947,0.008804,0.0355,0.02039,0.0681,0.01765
ZJ019472,0.11786,0.00922,0.2751,0.3733,0.0605,0.03918,0.00704,0.1178
ZJ019473,0.06146,0.0205,0.1278,0.01518,0.0225,0.689,0.04575,0.01755
ZJ019474,0.09595,0.1765,0.2249,0.03117,0.0181,0.2273,0.1696,0.05646
ZJ019475,0.2178,0.03403,0.2117,0.01654,0.02786,0.05966,0.3916,0.0409
ZJ019476,0.2773,0.1469,0.0998,0.05957,0.0665,0.02429,0.1815,0.1442
ZJ019477,0.2356,0.3188,0.149,0.0796,0.0533,0.01746,0.06726,0.0791
ZJ019478,0.3372,0.1123,0.1942,0.01434,0.0292,0.04343,0.2184,0.0511
ZJ019479,0.3179,0.0962,0.05777,0.0383,0.02637,0.01371,0.28,0.1699
ZJ019480,0.1493,0.1105,0.2136,0.00636,0.2512,0.137,0.1129,0.01944
ZJ019481,0.3809,0.1174,0.2122,0.01224,0.02184,0.0208,0.1936,0.0413
ZJ019482,0.1547,0.1309,0.1633,0.02318,0.0876,0.1404,0.2302,0.06964
ZJ019483,0.2283,0.04877,0.05756,0.11365,0.0429,0.4077,0.0802,0.02069
ZJ019484,0.0766,0.04602,0.0977,0.03076,0.03336,0.6406,0.03052,0.04456
ZJ019485,0.03998,0.896,0.010895,0.0008254,0.01729,0.001785,0.02165,0.011345
ZJ019486,0.11,0.121,0.0744,0.00753,0.3591,0.03876,0.2612,0.028
ZJ019487,0.2764,0.1317,0.1296,0.02318,0.1003,0.01817,0.2866,0.03394
ZJ019488,0.006493,0.0381,0.02277,0.0064,0.006126,0.824,0.07446,0.02162
ZJ019489,0.1113,0.12195,0.163,0.08575,0.06012,0.1229,0.2598,0.07513
ZJ019490,0.0677,0.00642,0.5723,0.09784,0.0429,0.00648,0.004055,0.2028
ZJ019491,0.1599,0.1874,0.0847,0.006767,0.04477,0.01052,0.4517,0.05444
ZJ019492,0.02798,0.905,0.01406,0.00219,0.00995,0.002714,0.01546,0.02312
ZJ019493,0.617,0.0269,0.03873,0.004375,0.10364,0.01357,0.1881,0.00758
ZJ019494,0.1525,0.1511,0.1276,0.03558,0.2172,0.02502,0.2418,0.04938
ZJ019495,0.2021,0.0928,0.4321,0.010544,0.02661,0.0898,0.11414,0.03207
ZJ019496,0.0736,0.007507,0.3137,0.03812,0.01823,0.02142,0.003235,0.5244
ZJ019497,0.04147,0.528,0.05804,0.01816,0.04477,0.09625,0.084,0.1296
ZJ019498,0.04742,0.0713,0.06494,0.0511,0.03784,0.6543,0.04572,0.02737
ZJ019499,0.4438,0.1792,0.1305,0.014206,0.0782,0.0761,0.04828,0.02983
ZJ019500,0.0811,0.007275,0.2041,0.11926,0.293,0.0841,0.00792,0.2034
ZJ019501,0.02568,0.004883,0.0087,0.001328,0.001126,0.0008326,0.954,0.003149
ZJ019502,0.00385,0.001574,0.00336,0.01381,0.001917,0.9736,0.001932,0.0005608
ZJ019503,0.1009,0.1239,0.1131,0.04865,0.1318,0.02481,0.389,0.068
ZJ019504,0.1433,0.05084,0.514,0.006306,0.0512,0.0528,0.1406,0.04065
ZJ019505,0.1333,0.1669,0.2944,0.04773,0.0884,0.1261,0.0991,0.044
ZJ019506,0.1532,0.02908,0.03857,0.005962,0.647,0.09424,0.014366,0.01736
ZJ019507,0.3687,0.07916,0.0543,0.12,0.0693,0.01151,0.1492,0.1478
ZJ019508,0.3135,0.0647,0.0671,0.01357,0.364,0.07916,0.0719,0.02608
ZJ019509,0.1825,0.00834,0.1357,0.4727,0.01955,0.02718,0.00982,0.1443
ZJ019510,0.3525,0.04413,0.3499,0.07135,0.0185,0.02248,0.04388,0.0972
ZJ019511,0.1753,0.02914,0.1906,0.3052,0.1019,0.05463,0.03244,0.11096
ZJ019512,0.01732,0.02058,0.0648,0.004997,0.008766,0.85,0.02225,0.011185
ZJ019513,0.10535,0.003521,0.484,0.185,0.04532,0.0887,0.006058,0.082
ZJ019514,0.006042,0.0193,0.01558,0.001093,0.003128,0.9297,0.02054,0.004807
ZJ019515,0.049,0.06073,0.285,0.02469,0.0407,0.4087,0.07306,0.0581
ZJ019516,0.0461,0.0142,0.1348,0.006126,0.02864,0.7246,0.0194,0.02608
ZJ019517,0.02705,0.01544,0.08563,0.02705,0.01613,0.7896,0.0213,0.01776
ZJ019518,0.1451,0.4517,0.0936,0.04385,0.1043,0.005875,0.0537,0.1019
ZJ019519,0.1885,0.01917,0.1863,0.3557,0.04126,0.05328,0.01686,0.139
ZJ019520,0.4233,0.01741,0.03638,0.00861,0.02238,0.0109,0.4438,0.03754
ZJ019521,0.06476,0.7,0.09955,0.004253,0.01056,0.004314,0.09045,0.02588
ZJ019522,0.6826,0.015,0.03876,0.04025,0.1087,0.02443,0.06494,0.02512
ZJ019523,0.012924,0.08606,0.08435,0.011055,0.012405,0.7056,0.0389,0.04874
ZJ019524,0.2283,0.146,0.1393,0.09064,0.03467,0.01457,0.10583,0.2408
ZJ019525,0.1696,0.0388,0.03223,0.001078,0.03348,0.01186,0.6826,0.03032
ZJ019526,0.241,0.1164,0.06934,0.0694,0.0898,0.01721,0.2947,0.1022
ZJ019527,0.1288,0.008705,0.4656,0.1913,0.03796,0.0789,0.01059,0.07794
ZJ019528,0.1414,0.1985,0.3362,0.004375,0.02228,0.0484,0.1927,0.05624
ZJ019529,0.1895,0.04382,0.2844,0.04037,0.01752,0.01988,0.02374,0.3809
ZJ019530,0.1974,0.11005,0.3098,0.00523,0.0237,0.137,0.188,0.0289
ZJ019531,0.04706,0.02156,0.06683,0.02573,0.0223,0.7534,0.0436,0.01962
ZJ019532,0.4207,0.323,0.02132,0.01477,0.03238,0.0264,0.1282,0.0333
ZJ019533,0.198,0.08093,0.4077,0.014366,0.0394,0.1092,0.1377,0.012596
ZJ019534,0.2725,0.05804,0.3127,0.06525,0.03854,0.02136,0.09344,0.1382
ZJ019535,0.2244,0.1956,0.1123,0.09485,0.06433,0.01793,0.1648,0.126
ZJ019536,0.05402,0.01003,0.1981,0.02072,0.4448,0.1254,0.0085,0.1384
ZJ019537,0.0495,0.0322,0.1622,0.5454,0.02171,0.08746,0.01033,0.0912
ZJ019538,0.3826,0.1521,0.254,0.00703,0.01836,0.01312,0.1198,0.05304
ZJ019539,0.5156,0.0515,0.0668,0.04388,0.06024,0.03412,0.12146,0.10657
ZJ019540,0.354,0.1037,0.06714,0.00916,0.03726,0.00783,0.3904,0.03036
ZJ019541,0.01251,0.07886,0.0762,0.0373,0.02225,0.7295,0.03152,0.01207
ZJ019542,0.2281,0.3127,0.194,0.02591,0.05865,0.02527,0.05386,0.10175
ZJ019543,0.261,0.183,0.1274,0.02077,0.07294,0.02762,0.259,0.04803
ZJ019544,0.653,0.02013,0.0849,0.0479,0.04376,0.015,0.02182,0.11365
ZJ019545,0.1082,0.695,0.03442,0.008575,0.0198,0.01487,0.08813,0.03128
ZJ019546,0.2944,0.04172,0.1722,0.01831,0.02132,0.07025,0.338,0.044
ZJ019547,0.1738,0.474,0.1283,0.007122,0.012245,0.02827,0.1066,0.0695
ZJ019548,0.1164,0.0769,0.4102,0.02147,0.04086,0.10266,0.1936,0.03802
ZJ019549,0.086,0.02835,0.05048,0.02066,0.007042,0.0363,0.707,0.06396
ZJ019550,0.03387,0.9287,0.010544,0.0004716,0.00912,0.001111,0.005398,0.010635
ZJ019551,0.2292,0.1439,0.1935,0.0512,0.01284,0.08826,0.2673,0.01367
ZJ019552,0.03122,0.0546,0.0902,0.3152,0.03348,0.06555,0.010994,0.3987
ZJ019553,0.0344,0.0745,0.09265,0.2756,0.05176,0.04938,0.02258,0.3992
ZJ019554,0.0746,0.0736,0.0326,0.010895,0.02682,0.006107,0.756,0.01962
ZJ019555,0.1919,0.05853,0.4368,0.010086,0.00822,0.011375,0.2556,0.02762
ZJ019556,0.2217,0.0757,0.2764,0.02548,0.02321,0.1105,0.2258,0.04144
ZJ019557,0.1528,0.0734,0.1415,0.0471,0.1323,0.0327,0.3638,0.0564
ZJ019558,0.0856,0.0931,0.2269,0.004177,0.09796,0.3323,0.1113,0.04886
ZJ019559,0.5435,0.01378,0.04688,0.0892,0.2288,0.02786,0.012794,0.0373
ZJ019560,0.1835,0.0715,0.326,0.0204,0.01854,0.0855,0.253,0.04163
ZJ019561,0.195,0.613,0.0242,0.003674,0.06073,0.00417,0.01807,0.0812
ZJ019562,0.06323,0.04315,0.0561,0.0664,0.03613,0.649,0.05722,0.02902
ZJ019563,0.1287,0.0894,0.1631,0.01521,0.0375,0.121,0.2113,0.234
ZJ019564,0.276,0.05258,0.179,0.03384,0.0322,0.02995,0.354,0.04263
ZJ019565,0.3652,0.07074,0.07825,0.00761,0.2242,0.0312,0.1892,0.03354
ZJ019566,0.708,0.009995,0.0778,0.02759,0.04767,0.00697,0.01685,0.10486
ZJ019567,0.0572,0.01633,0.2448,0.11536,0.02469,0.00486,0.003952,0.5327
ZJ019568,0.2805,0.02933,0.0707,0.2683,0.1399,0.04776,0.029,0.1344
ZJ019569,0.3303,0.0683,0.04483,0.07043,0.03494,0.01172,0.2363,0.2031
ZJ019570,0.2185,0.05484,0.2764,0.01521,0.02567,0.0814,0.3157,0.01237
ZJ019571,0.2115,0.223,0.1694,0.05963,0.03223,0.1609,0.1299,0.01339
ZJ019572,0.1282,0.0125,0.2683,0.217,0.1797,0.02878,0.01071,0.1549
ZJ019573,0.1721,0.08386,0.287,0.01643,0.02156,0.13,0.2236,0.06537
ZJ019574,0.3516,0.1113,0.1836,0.01102,0.01256,0.0241,0.2515,0.0542
ZJ019575,0.1058,0.04144,0.06433,0.0139,0.02179,0.02171,0.674,0.05707
ZJ019576,0.04562,0.00786,0.1342,0.638,0.0363,0.02519,0.002644,0.11005
ZJ019577,0.4934,0.0893,0.07385,0.0812,0.1009,0.02634,0.05743,0.0777
ZJ019578,0.1583,0.3896,0.2112,0.01143,0.0587,0.02657,0.1207,0.02342
ZJ019579,0.16,0.005474,0.3657,0.2356,0.03986,0.04672,0.007153,0.1395
ZJ019580,0.0977,0.01865,0.03793,0.005695,0.010605,0.00853,0.811,0.01052
ZJ019581,0.1247,0.00722,0.276,0.3477,0.03452,0.1425,0.0214,0.0462
ZJ019582,0.1282,0.531,0.0472,0.006477,0.09344,0.02124,0.1404,0.03217
ZJ019583,0.2004,0.2126,0.4165,0.00477,0.0256,0.01375,0.0833,0.0428
ZJ019584,0.159,0.02492,0.02852,0.03372,0.1294,0.0088,0.581,0.03458
ZJ019585,0.3298,0.1558,0.2666,0.01672,0.03073,0.07263,0.0605,0.06726
ZJ019586,0.1968,0.1159,0.06683,0.07104,0.05826,0.010185,0.2961,0.1848
ZJ019587,0.335,0.1752,0.1083,0.06113,0.0528,0.01823,0.10956,0.1399
ZJ019588,0.3245,0.1237,0.251,0.02536,0.04602,0.02725,0.144,0.05804
ZJ019589,0.1492,0.00779,0.1337,0.2201,0.0323,0.02979,0.005054,0.4224
ZJ019590,0.4067,0.0399,0.06647,0.00404,0.0353,0.02695,0.391,0.02959
ZJ019591,0.1073,0.1037,0.2537,0.007835,0.08826,0.1531,0.2244,0.0616
ZJ019592,0.4927,0.04715,0.0912,0.00968,0.09735,0.05463,0.1876,0.02008
ZJ019593,0.077,0.01738,0.0578,0.6655,0.05054,0.0911,0.01503,0.02554
ZJ019594,0.2825,0.02058,0.04712,0.2327,0.3186,0.03693,0.009865,0.05182
ZJ019595,0.1727,0.3713,0.162,0.03128,0.01767,0.02231,0.06854,0.1542
ZJ019596,0.02089,0.007282,0.014565,0.004784,0.005215,0.01058,0.925,0.01159
ZJ019597,0.1261,0.1653,0.2068,0.007683,0.173,0.1174,0.1829,0.02097
ZJ019598,0.1979,0.1893,0.06183,0.0944,0.1368,0.009125,0.1954,0.11505
ZJ019599,0.0842,0.3533,0.2151,0.00599,0.1353,0.0697,0.1261,0.01061
ZJ019600,0.682,0.00442,0.07086,0.03998,0.08417,0.0289,0.02701,0.0624
ZJ019601,0.1805,0.2113,0.1185,0.066,0.02652,0.01317,0.188,0.196
ZJ019602,0.5454,0.0935,0.03442,0.004955,0.08765,0.05014,0.1619,0.02216
ZJ019603,0.10046,0.007286,0.2449,0.1219,0.0117,0.01674,0.003239,0.4937
ZJ019604,0.493,0.1151,0.105,0.00905,0.01414,0.01022,0.182,0.0713
ZJ019605,0.2742,0.1298,0.0678,0.04456,0.04797,0.01162,0.2854,0.1388
ZJ019606,0.1842,0.06216,0.06433,0.02625,0.3354,0.1344,0.1683,0.02487
ZJ019607,0.1709,0.03177,0.2281,0.01069,0.008095,0.0353,0.4727,0.04257
ZJ019608,0.3152,0.2815,0.03406,0.01249,0.2627,0.01272,0.0379,0.04346
ZJ019609,0.2253,0.3235,0.264,0.006325,0.0267,0.04025,0.10364,0.01015
ZJ019610,0.03317,0.03687,0.07446,0.0341,0.02559,0.753,0.02605,0.01707
ZJ019611,0.4185,0.1166,0.3025,0.001936,0.02203,0.01892,0.05524,0.0643
ZJ019612,0.1019,0.1396,0.1024,0.0183,0.013405,0.2688,0.3313,0.02402
ZJ019613,0.1375,0.014,0.2969,0.296,0.11316,0.01685,0.0156,0.11005
ZJ019614,0.4507,0.05927,0.1776,0.10144,0.071,0.0323,0.03622,0.0716
ZJ019615,0.04507,0.0395,0.04977,0.05206,0.03061,0.719,0.0381,0.02583
ZJ019616,0.132,0.05038,0.01659,0.00247,0.1366,0.00416,0.642,0.01569
ZJ019617,0.3406,0.4546,0.03525,0.011086,0.0981,0.00881,0.02556,0.02592
ZJ019618,0.1603,0.0685,0.2158,0.1394,0.02045,0.05817,0.03842,0.299
ZJ019619,0.002838,0.01103,0.00485,0.0043,0.002575,0.9546,0.01479,0.004818
ZJ019620,0.1636,0.07446,0.3423,0.01772,0.0203,0.1748,0.1954,0.01142
ZJ019621,0.1488,0.00804,0.2903,0.2534,0.0543,0.1372,0.00894,0.099
ZJ019622,0.4824,0.0858,0.1356,0.01369,0.01516,0.0275,0.02959,0.2102
ZJ019623,0.002731,0.004017,0.002941,0.004345,0.003656,0.97,0.00876,0.002918
ZJ019624,0.25,0.06195,0.0572,0.0286,0.121,0.1274,0.337,0.0169
ZJ019625,0.000945,0.001137,0.003254,0.001577,0.00121,0.9893,0.002144,0.0006943
ZJ019626,0.1746,0.06537,0.3796,0.009384,0.03873,0.2146,0.0907,0.02695
ZJ019627,0.3242,0.159,0.11115,0.06094,0.05792,0.01707,0.1517,0.11786
ZJ019628,0.1646,0.0834,0.2029,0.04404,0.0337,0.1161,0.2292,0.1261
ZJ019629,0.316,0.1378,0.1409,0.02068,0.0446,0.02487,0.3052,0.01002
ZJ019630,0.116,0.2263,0.05035,0.01445,0.03253,0.011185,0.4902,0.05878
ZJ019631,0.2181,0.4563,0.1156,0.05777,0.0343,0.01839,0.03268,0.067
ZJ019632,0.2025,0.4478,0.12177,0.01226,0.03433,0.0462,0.06094,0.0742
ZJ019633,0.0869,0.785,0.023,0.00561,0.01265,0.01271,0.0413,0.03265
ZJ019634,0.1251,0.1508,0.2211,0.0211,0.0333,0.0721,0.2734,0.103
ZJ019635,0.0295,0.02959,0.1412,0.011955,0.01516,0.7227,0.03397,0.01616
ZJ019636,0.1034,0.02666,0.1004,0.296,0.04626,0.02469,0.005066,0.3977
ZJ019637,0.1471,0.07764,0.163,0.0173,0.0602,0.1783,0.3298,0.02641
ZJ019638,0.1134,0.01846,0.1747,0.00908,0.00564,0.02884,0.6304,0.01944
ZJ019639,0.221,0.22,0.1188,0.04364,0.02885,0.01755,0.1694,0.1808
ZJ019640,0.0916,0.1606,0.3093,0.01475,0.01682,0.1799,0.08856,0.1383
ZJ019641,0.1287,0.09686,0.4219,0.01694,0.0367,0.07996,0.1803,0.03888
ZJ019642,0.1203,0.1185,0.0938,0.0207,0.2996,0.16,0.151,0.03613
ZJ019643,0.2458,0.0668,0.2102,0.03284,0.04172,0.1678,0.2131,0.02151
ZJ019644,0.1906,0.4438,0.05624,0.03049,0.02278,0.01289,0.03143,0.2122
ZJ019645,0.06915,0.00851,0.05292,0.667,0.0178,0.06015,0.01874,0.1056
ZJ019646,0.001392,0.002884,0.00464,0.002094,0.001849,0.9834,0.002777,0.0011
ZJ019647,0.04218,0.00358,0.00538,0.000869,0.01576,0.02634,0.9,0.00543
ZJ019648,0.1914,0.0585,0.3892,0.00917,0.034,0.1003,0.2054,0.01185
ZJ019649,0.09406,0.6978,0.0243,0.002596,0.03757,0.007336,0.1221,0.01443
ZJ019650,0.3235,0.01418,0.0833,0.03052,0.0142,0.02008,0.3115,0.2028
ZJ019651,0.2727,0.03296,0.1034,0.1779,0.241,0.0331,0.02414,0.11487
ZJ019652,0.3782,0.0758,0.273,0.02959,0.03577,0.02571,0.07025,0.11194
ZJ019653,0.2568,0.1837,0.336,0.02043,0.0275,0.0362,0.0748,0.0646
ZJ019654,0.1737,0.1227,0.5156,0.02159,0.009865,0.0315,0.0612,0.06396
ZJ019655,0.0629,0.3215,0.1782,0.013084,0.1584,0.064,0.1432,0.05853
ZJ019656,0.1165,0.02243,0.04288,0.005417,0.009735,0.00692,0.7837,0.01221
ZJ019657,0.1377,0.02654,0.1353,0.2822,0.0253,0.006077,0.00866,0.3782
ZJ019658,0.827,0.0178,0.00954,0.003494,0.03418,0.004303,0.0987,0.005108
ZJ019659,0.2246,0.1588,0.089,0.0725,0.04202,0.01253,0.2025,0.198
ZJ019660,0.0374,0.00554,0.6455,0.05215,0.02861,0.01548,0.01256,0.2029
ZJ019661,0.008415,0.002098,0.002796,0.96,0.002352,0.01624,0.00351,0.004704
ZJ019662,0.09406,0.067,0.414,0.00701,0.007935,0.02217,0.010895,0.3767
ZJ019663,0.2073,0.4468,0.1908,0.00795,0.02715,0.012474,0.04547,0.06183
ZJ019664,0.1195,0.00763,0.2717,0.219,0.1567,0.014694,0.00415,0.2067
ZJ019665,0.8813,0.003414,0.005642,0.006153,0.0808,0.00631,0.00472,0.011894
ZJ019666,0.6807,0.0286,0.127,0.005352,0.01436,0.01283,0.0846,0.04663
ZJ019667,0.2029,0.1302,0.0885,0.01003,0.2522,0.0692,0.2203,0.02634
ZJ019668,0.322,0.03314,0.1014,0.11115,0.0524,0.03732,0.02945,0.3132
ZJ019669,0.0752,0.191,0.2712,0.00973,0.0864,0.1449,0.1919,0.02939
ZJ019670,0.314,0.01516,0.0797,0.25,0.2074,0.033,0.01232,0.08826
ZJ019671,0.4102,0.02197,0.06836,0.0974,0.2952,0.02744,0.01752,0.06195
ZJ019672,0.045,0.165,0.382,0.0264,0.03778,0.1027,0.0239,0.2172
ZJ019673,0.1848,0.1937,0.11884,0.0712,0.0522,0.02786,0.1555,0.1958
ZJ019674,0.2168,0.069,0.396,0.01587,0.01101,0.11414,0.1688,0.00819
ZJ019675,0.0728,0.7295,0.08417,0.007732,0.01022,0.01755,0.055,0.02298
ZJ019676,0.05414,0.00508,0.625,0.04062,0.01688,0.08124,0.006462,0.1705
ZJ019677,0.2712,0.1257,0.05444,0.03096,0.03183,0.01381,0.3237,0.1483
ZJ019678,0.0818,0.2502,0.2876,0.02641,0.05933,0.1019,0.0243,0.1682
ZJ019679,0.2224,0.0458,0.10535,0.05948,0.06335,0.02632,0.01814,0.459
ZJ019680,0.1565,0.02983,0.2172,0.09,0.1995,0.08105,0.1144,0.1117
ZJ019681,0.0686,0.1383,0.2084,0.01479,0.02399,0.3267,0.1387,0.08075
ZJ019682,0.09216,0.02885,0.1249,0.4888,0.0651,0.0922,0.01587,0.0921
ZJ019683,0.00522,0.007343,0.00805,0.005142,0.004704,0.9155,0.04538,0.00804
ZJ019684,0.05917,0.747,0.01721,0.00844,0.03665,0.01079,0.09784,0.02261
ZJ019685,0.1829,0.2852,0.0121,0.0007997,0.3928,0.01494,0.1081,0.003216
ZJ019686,0.126,0.2732,0.2113,0.00774,0.009125,0.01659,0.2484,0.10754
ZJ019687,0.1938,0.0873,0.4478,0.01302,0.00966,0.08496,0.1129,0.05084
ZJ019688,0.814,0.00571,0.02422,0.02788,0.0729,0.002527,0.00538,0.04718
ZJ019689,0.269,0.08746,0.0512,0.02473,0.03146,0.02231,0.4915,0.02261
ZJ019690,0.1658,0.04337,0.5156,0.00915,0.004086,0.01575,0.03656,0.2097
ZJ019691,0.3909,0.09845,0.2045,0.01266,0.03958,0.04584,0.1531,0.0551
ZJ019692,0.2249,0.0861,0.0435,0.01366,0.01762,0.02168,0.5312,0.06113
ZJ019693,0.1432,0.00893,0.56,0.04193,0.0376,0.00999,0.004642,0.1935
ZJ019694,0.785,0.004185,0.006355,0.0752,0.04416,0.005486,0.011925,0.0675
ZJ019695,0.2488,0.238,0.0869,0.006554,0.0236,0.01613,0.2998,0.08
ZJ019696,0.1958,0.4355,0.1693,0.003902,0.01707,0.02573,0.07697,0.0756
ZJ019697,0.1716,0.2328,0.2458,0.00879,0.01685,0.04367,0.1056,0.1747
ZJ019698,0.0872,0.005054,0.06094,0.0958,0.00893,0.6494,0.01277,0.0799
ZJ019699,0.08234,0.00535,0.6016,0.03937,0.014854,0.0443,0.008575,0.2035
ZJ019700,0.1709,0.0678,0.1032,0.03564,0.03198,0.0431,0.3757,0.1716
ZJ019701,0.03363,0.913,0.011986,0.001514,0.00645,0.001258,0.00809,0.02333
ZJ019702,0.04858,0.0735,0.10956,0.006077,0.01543,0.608,0.1041,0.03467
ZJ019703,0.02885,0.01791,0.02353,0.1174,0.0056,0.7856,0.01036,0.01076
ZJ019704,0.1451,0.01112,0.1509,0.524,0.01393,0.05426,0.01016,0.09064
ZJ019705,0.1786,0.4048,0.134,0.007385,0.023,0.02621,0.0671,0.1589
ZJ019706,0.1525,0.0642,0.2146,0.01215,0.03555,0.0875,0.4238,0.009575
ZJ019707,0.0185,0.01959,0.0479,0.01186,0.01465,0.8584,0.01949,0.0091
ZJ019708,0.2217,0.05835,0.3325,0.00915,0.01585,0.04834,0.2993,0.01482
ZJ019709,0.3777,0.0281,0.04895,0.1715,0.2175,0.03336,0.02995,0.0929
ZJ019710,0.3337,0.1897,0.1201,0.03867,0.02933,0.013695,0.1313,0.1434
ZJ019711,0.1248,0.0658,0.014244,0.01121,0.11017,0.00985,0.6484,0.015366
ZJ019712,0.2009,0.1112,0.2542,0.00904,0.01848,0.1362,0.1976,0.0723
ZJ019713,0.0696,0.01002,0.407,0.03867,0.1368,0.1349,0.006542,0.1965
ZJ019714,0.187,0.5815,0.05737,0.0054,0.04816,0.003256,0.0735,0.04355
ZJ019715,0.1798,0.03217,0.4773,0.01648,0.05405,0.04608,0.0863,0.1078
ZJ019716,0.0894,0.014465,0.265,0.04233,0.0189,0.02737,0.007732,0.5347
ZJ019717,0.07025,0.4727,0.2142,0.01418,0.009766,0.013695,0.1754,0.02982
ZJ019718,0.1156,0.04587,0.0984,0.02925,0.00972,0.02086,0.653,0.02737
ZJ019719,0.0617,0.10144,0.2727,0.01631,0.029,0.4094,0.06757,0.042
ZJ019720,0.3447,0.10175,0.2074,0.0321,0.0269,0.0586,0.217,0.01142
ZJ019721,0.0348,0.00596,0.02632,0.002295,0.00388,0.01308,0.909,0.004147
ZJ019722,0.0158,0.001027,0.0075,0.0006986,0.001199,0.000986,0.97,0.002346
ZJ019723,0.1019,0.007343,0.3103,0.2356,0.05713,0.05566,0.0049,0.2269
ZJ019724,0.1129,0.4185,0.2463,0.01666,0.00763,0.01536,0.1086,0.0743
ZJ019725,0.1092,0.4304,0.1517,0.00456,0.01382,0.05704,0.0565,0.1766
ZJ019726,0.684,0.01016,0.0694,0.02756,0.1094,0.00608,0.003597,0.0898
ZJ019727,0.2957,0.02994,0.0755,0.148,0.316,0.0451,0.0175,0.0724
ZJ019728,0.2847,0.01198,0.1522,0.001965,0.00196,0.005165,0.537,0.004875
ZJ019729,0.292,0.05658,0.314,0.01167,0.02971,0.0964,0.1566,0.04312
ZJ019730,0.1078,0.02933,0.477,0.0486,0.0511,0.04395,0.01528,0.2269
ZJ019731,0.331,0.1381,0.265,0.07587,0.02798,0.02214,0.0798,0.06012
ZJ019732,0.2568,0.02737,0.1384,0.2468,0.0289,0.01637,0.01046,0.275
ZJ019733,0.1562,0.08374,0.528,0.00918,0.03534,0.04816,0.07916,0.06012
ZJ019734,0.2084,0.05475,0.483,0.0196,0.0777,0.0523,0.05673,0.04764
ZJ019735,0.27,0.3457,0.1068,0.01799,0.05722,0.064,0.10803,0.02988
ZJ019736,0.2332,0.2393,0.2467,0.01284,0.01955,0.06186,0.05658,0.13
ZJ019737,0.0655,0.01796,0.06696,0.707,0.0216,0.02824,0.008675,0.0841
ZJ019738,0.2172,0.153,0.38,0.01488,0.02939,0.0475,0.1257,0.0324
ZJ019739,0.10126,0.00637,0.56,0.0689,0.0419,0.00637,0.00343,0.2117
ZJ019740,0.2078,0.1277,0.2102,0.005737,0.2559,0.04507,0.1334,0.014244
ZJ019741,0.437,0.063,0.0639,0.08527,0.0898,0.02087,0.1295,0.1107
ZJ019742,0.11584,0.4321,0.2184,0.003336,0.00616,0.01296,0.02829,0.1832
ZJ019743,0.2024,0.0962,0.2043,0.1034,0.0132,0.0652,0.2683,0.0472
ZJ019744,0.03583,0.2961,0.10223,0.01469,0.08685,0.11456,0.2625,0.08734
ZJ019745,0.121,0.00804,0.1455,0.1699,0.42,0.05313,0.005203,0.0772
ZJ019746,0.2239,0.0606,0.1538,0.006298,0.3394,0.03452,0.1548,0.02681
ZJ019747,0.2688,0.1178,0.224,0.0326,0.04532,0.03818,0.2126,0.06046
ZJ019748,0.1653,0.2494,0.2375,0.02568,0.01384,0.02763,0.10254,0.178
ZJ019749,0.2474,0.2664,0.2712,0.02676,0.02051,0.0425,0.1017,0.0236
ZJ019750,0.3813,0.0911,0.05225,0.0501,0.088,0.0101,0.2097,0.1173
ZJ019751,0.2556,0.1384,0.3901,0.02591,0.01387,0.0455,0.0986,0.03204
ZJ019752,0.806,0.005264,0.006176,0.0273,0.0868,0.00564,0.01051,0.052
ZJ019753,0.1527,0.05206,0.3923,0.007088,0.005413,0.00768,0.3596,0.02332
ZJ019754,0.4082,0.1328,0.08496,0.044,0.05948,0.02109,0.12415,0.1254
ZJ019755,0.353,0.01729,0.06573,0.1636,0.2566,0.0533,0.015396,0.075
ZJ019756,0.06006,0.2004,0.4075,0.00887,0.003296,0.06714,0.2123,0.04047
ZJ019757,0.1965,0.1583,0.3726,0.01044,0.01875,0.06094,0.0624,0.11993
ZJ019758,0.0501,0.682,0.06964,0.004524,0.02211,0.0517,0.04486,0.0748
ZJ019759,0.4438,0.07916,0.01587,0.02057,0.151,0.02191,0.2505,0.01729
ZJ019760,0.3489,0.067,0.1425,0.0573,0.0897,0.02698,0.07324,0.1945
ZJ019761,0.0185,0.0264,0.02342,0.00873,0.02141,0.845,0.04443,0.01174
ZJ019762,0.2496,0.3428,0.05072,0.01736,0.1989,0.02255,0.06177,0.05624
ZJ019763,0.7812,0.001837,0.006824,0.1295,0.04852,0.00585,0.00509,0.02092
ZJ019764,0.2832,0.0528,0.4421,0.005005,0.01947,0.03687,0.0644,0.09607
ZJ019765,0.1267,0.04132,0.0352,0.05136,0.1494,0.01357,0.4966,0.08575
ZJ019766,0.2659,0.04114,0.4863,0.005447,0.01578,0.02959,0.0379,0.118
ZJ019767,0.183,0.137,0.4487,0.005577,0.0163,0.02576,0.1447,0.03867
ZJ019768,0.00996,0.00974,0.01617,0.001889,0.003061,0.9414,0.01318,0.00473
ZJ019769,0.3086,0.06946,0.2898,0.0811,0.0529,0.05634,0.04657,0.09534
ZJ019770,0.03473,0.4194,0.05167,0.01219,0.01797,0.288,0.163,0.012924
ZJ019771,0.1765,0.166,0.3948,0.00975,0.05585,0.0394,0.1185,0.03903
ZJ019772,0.03876,0.004604,0.011406,0.01017,0.011765,0.00516,0.909,0.0091
ZJ019773,0.0745,0.742,0.04077,0.02332,0.04007,0.00524,0.0339,0.03986
ZJ019774,0.687,0.02632,0.1262,0.00818,0.03677,0.00891,0.03186,0.07477
ZJ019775,0.1261,0.1908,0.2683,0.01704,0.02812,0.0645,0.1449,0.1602
ZJ019776,0.1004,0.2087,0.2583,0.02211,0.02338,0.11993,0.2463,0.02101
ZJ019777,0.3333,0.049,0.2598,0.0202,0.0145,0.03296,0.2754,0.01509
ZJ019778,0.1257,0.1248,0.01578,0.00336,0.1007,0.00856,0.585,0.03616
ZJ019779,0.10077,0.011185,0.1942,0.2067,0.2373,0.0807,0.0185,0.1505
ZJ019780,0.1029,0.05737,0.0763,0.03275,0.07764,0.05338,0.5127,0.0871
ZJ019781,0.489,0.0644,0.08276,0.01764,0.01729,0.0384,0.2751,0.01516
ZJ019782,0.7046,0.01267,0.01631,0.02872,0.1156,0.005978,0.0847,0.0315
ZJ019783,0.0861,0.3245,0.2844,0.01414,0.014725,0.0605,0.1726,0.04315
ZJ019784,0.0808,0.005775,0.601,0.0671,0.007793,0.01073,0.007484,0.219
ZJ019785,0.3174,0.08704,0.09564,0.01143,0.2074,0.0965,0.1464,0.03812
ZJ019786,0.3604,0.2146,0.1921,0.0172,0.04474,0.03812,0.1134,0.01945
ZJ019787,0.02774,0.9126,0.01942,0.001475,0.004402,0.002499,0.00821,0.0235
ZJ019788,0.06088,0.003378,0.007244,0.0007987,0.003239,0.00096,0.921,0.002068
ZJ019789,0.1945,0.1384,0.3665,0.009254,0.02063,0.08093,0.1418,0.04807
ZJ019790,0.617,0.005245,0.04037,0.03467,0.1825,0.011,0.003504,0.1056
ZJ019791,0.0828,0.6562,0.02798,0.01025,0.0447,0.012596,0.1284,0.0367
ZJ019792,0.04416,0.048,0.01493,0.05353,0.04184,0.003872,0.7197,0.0741
ZJ019793,0.2507,0.1129,0.1357,0.02803,0.0227,0.2107,0.2244,0.014626
ZJ019794,0.1095,0.00965,0.1219,0.539,0.02023,0.0281,0.00838,0.1633
ZJ019795,0.08813,0.537,0.1464,0.010025,0.04706,0.06476,0.0887,0.01807
ZJ019796,0.12195,0.06683,0.2133,0.035,0.3289,0.1427,0.02179,0.06964
ZJ019797,0.0644,0.03293,0.1134,0.1896,0.06244,0.0196,0.01381,0.504
ZJ019798,0.2434,0.1125,0.05524,0.1003,0.03067,0.01156,0.271,0.1752
ZJ019799,0.00314,0.05557,0.02158,0.01278,0.0021,0.868,0.02112,0.01605
ZJ019800,0.017,0.1146,0.2272,0.002022,0.00624,0.5786,0.03833,0.01602
ZJ019801,0.09143,0.008026,0.10724,0.5723,0.03108,0.02658,0.013016,0.1503
ZJ019802,0.3987,0.1105,0.2676,0.01698,0.03357,0.0353,0.03186,0.1056
ZJ019803,0.3567,0.0802,0.3574,0.01845,0.02827,0.02817,0.03284,0.0979
ZJ019804,0.05215,0.008064,0.02435,0.012276,0.01746,0.06506,0.814,0.00596
ZJ019805,0.07465,0.00817,0.013405,0.01277,0.015,0.01006,0.858,0.00855
ZJ019806,0.1599,0.0686,0.176,0.005844,0.00372,0.005856,0.535,0.04462
ZJ019807,0.4739,0.1455,0.11316,0.004005,0.0638,0.015,0.1406,0.0439
ZJ019808,0.04913,0.01552,0.01548,0.01046,0.01089,0.00909,0.876,0.01326
ZJ019809,0.2107,0.10706,0.2603,0.02235,0.01221,0.0227,0.33,0.03467
ZJ019810,0.2617,0.2424,0.1305,0.02022,0.07117,0.0635,0.1868,0.0239
ZJ019811,0.07904,0.06934,0.2178,0.02435,0.01651,0.4348,0.11505,0.04315
ZJ019812,0.6846,0.03375,0.2266,0.001052,0.015236,0.0043,0.02153,0.013
ZJ019813,0.1212,0.0317,0.1243,0.2092,0.03738,0.01889,0.01048,0.4468
ZJ019814,0.3037,0.0811,0.0686,0.0541,0.05548,0.0919,0.2888,0.05624
ZJ019815,0.04425,0.02876,0.02853,0.00542,0.005096,0.01178,0.8657,0.01071
ZJ019816,0.2869,0.1166,0.238,0.0264,0.02457,0.0944,0.1947,0.01828
ZJ019817,0.09894,0.664,0.04593,0.01205,0.03262,0.02367,0.0799,0.0429
ZJ019818,0.174,0.05353,0.2983,0.01807,0.06525,0.08246,0.2083,0.1001
ZJ019819,0.1193,0.5522,0.0816,0.00863,0.00901,0.03072,0.1495,0.04916
ZJ019820,0.10693,0.01041,0.04007,0.01536,0.7085,0.03055,0.0415,0.04688
ZJ019821,0.10986,0.01161,0.3418,0.307,0.02942,0.04086,0.01023,0.1493
ZJ019822,0.00664,0.01503,0.01536,0.00827,0.00985,0.915,0.02165,0.00834
ZJ019823,0.3474,0.05753,0.2598,0.0968,0.05768,0.04648,0.0375,0.0969
ZJ019824,0.10583,0.11584,0.2751,0.02055,0.01104,0.0976,0.264,0.11017
ZJ019825,0.05988,0.007965,0.142,0.05585,0.6157,0.03525,0.00866,0.0746
ZJ019826,0.2888,0.1813,0.1355,0.05673,0.0284,0.01573,0.1029,0.1906
ZJ019827,0.05878,0.00862,0.0583,0.4663,0.02237,0.2832,0.00824,0.09375
ZJ019828,0.3289,0.014565,0.04047,0.0476,0.36,0.1537,0.0348,0.02002
ZJ019829,0.3757,0.0756,0.11914,0.005257,0.02039,0.02324,0.3376,0.04297
ZJ019830,0.2883,0.06122,0.3809,0.00547,0.0261,0.03748,0.1945,0.0062
ZJ019831,0.302,0.00798,0.111,0.2546,0.2048,0.06683,0.007465,0.04544
ZJ019832,0.2054,0.189,0.25,0.01834,0.07336,0.06445,0.07477,0.1245
ZJ019833,0.2754,0.07605,0.1483,0.02835,0.03156,0.3591,0.0646,0.01657
ZJ019834,0.0475,0.04208,0.1677,0.1178,0.0373,0.175,0.00982,0.4028
ZJ019835,0.014694,0.01932,0.02036,0.0166,0.01663,0.8335,0.06415,0.014854
ZJ019836,0.1056,0.1893,0.3755,0.01564,0.0196,0.02493,0.1888,0.0806
ZJ019837,0.00428,0.005493,0.014565,0.008705,0.010254,0.944,0.00571,0.007374
ZJ019838,0.05048,0.3955,0.04608,0.01184,0.0293,0.03796,0.3628,0.066
ZJ019839,0.09436,0.06384,0.5327,0.011635,0.1423,0.0281,0.08905,0.03793
ZJ019840,0.06793,0.04947,0.077,0.03763,0.03433,0.673,0.04105,0.01962
ZJ019841,0.01617,0.02007,0.05264,0.012955,0.0211,0.837,0.01402,0.02666
ZJ019842,0.369,0.02568,0.0714,0.1082,0.2935,0.03864,0.02272,0.0711
ZJ019843,0.1656,0.1517,0.2637,0.01512,0.01366,0.05817,0.1583,0.1737
ZJ019844,0.2009,0.0744,0.306,0.01387,0.0169,0.09094,0.2625,0.03458
ZJ019845,0.235,0.1027,0.1572,0.00812,0.02295,0.02719,0.4253,0.02129
ZJ019846,0.1318,0.004753,0.1322,0.514,0.03047,0.03986,0.00822,0.1384
ZJ019847,0.10077,0.1389,0.3062,0.01129,0.2146,0.0764,0.1224,0.02945
ZJ019848,0.1338,0.01536,0.1294,0.521,0.04,0.0313,0.01214,0.1168
ZJ019849,0.01198,0.013626,0.0502,0.01025,0.007668,0.889,0.01317,0.004547
ZJ019850,0.04208,0.0573,0.1221,0.03326,0.01788,0.5825,0.12384,0.021
ZJ019851,0.2377,0.1351,0.4028,0.00857,0.0115,0.0169,0.09576,0.09186
ZJ019852,0.1482,0.1411,0.4758,0.02208,0.005665,0.0388,0.147,0.0216
ZJ019853,0.1615,0.067,0.2432,0.02287,0.01926,0.058,0.3892,0.03915
ZJ019854,0.3127,0.1824,0.2695,0.02466,0.04404,0.02573,0.0971,0.04382
ZJ019855,0.1985,0.0746,0.1294,0.0585,0.077,0.0335,0.349,0.07935
ZJ019856,0.1274,0.06476,0.1161,0.00932,0.4438,0.10364,0.1085,0.02641
ZJ019857,0.1019,0.0318,0.0832,0.05,0.04382,0.617,0.0448,0.02737
ZJ019858,0.6694,0.0224,0.04984,0.00795,0.03256,0.00966,0.1907,0.01775
ZJ019859,0.4446,0.0715,0.06885,0.04016,0.0847,0.022,0.0893,0.1791
ZJ019860,0.04324,0.006187,0.6772,0.02202,0.08167,0.1292,0.00252,0.03802
ZJ019861,0.167,0.0442,0.04788,0.011055,0.00663,0.02074,0.684,0.01857
ZJ019862,0.2297,0.033,0.0343,0.006268,0.0745,0.01956,0.5767,0.02597
ZJ019863,0.03128,0.02338,0.02057,0.01304,0.00581,0.02171,0.861,0.02335
ZJ019864,0.1753,0.10974,0.2109,0.0511,0.03925,0.11584,0.2467,0.0511
ZJ019865,0.05414,0.0735,0.32,0.008545,0.0419,0.389,0.01646,0.0965
ZJ019866,0.10956,0.00921,0.3748,0.2676,0.04178,0.1309,0.00716,0.05902
ZJ019867,0.06866,0.00968,0.1705,0.0361,0.01243,0.5366,0.009415,0.1567
ZJ019868,0.2377,0.1866,0.171,0.012955,0.05093,0.0697,0.2605,0.01042
ZJ019869,0.3064,0.265,0.1931,0.04156,0.0322,0.02147,0.07184,0.0686
ZJ019870,0.2732,0.08856,0.2773,0.09155,0.0359,0.02269,0.024,0.1866
ZJ019871,0.478,0.095,0.1168,0.02412,0.09015,0.0726,0.11194,0.01121
ZJ019872,0.288,0.08276,0.2019,0.02087,0.0333,0.1063,0.2311,0.03564
ZJ019873,0.0744,0.01067,0.4465,0.05084,0.00694,0.009514,0.00412,0.397
ZJ019874,0.009056,0.03268,0.08167,0.002329,0.004623,0.8306,0.01778,0.02112
ZJ019875,0.2551,0.0919,0.1993,0.04858,0.025,0.0971,0.2428,0.04016
ZJ019876,0.2524,0.01347,0.05402,0.01768,0.4429,0.0995,0.04654,0.07336
ZJ019877,0.07294,0.007057,0.0972,0.6436,0.01794,0.0208,0.01054,0.1298
ZJ019878,0.2112,0.1885,0.2502,0.005787,0.02515,0.08344,0.1843,0.05145
ZJ019879,0.06757,0.01614,0.01904,0.696,0.09985,0.06186,0.015076,0.02469
ZJ019880,0.1978,0.0562,0.2688,0.00847,0.00631,0.00882,0.4238,0.0297
ZJ019881,0.1545,0.01122,0.3376,0.223,0.0657,0.09076,0.015335,0.10175
ZJ019882,0.167,0.4636,0.103,0.02698,0.05182,0.011116,0.1168,0.05975
ZJ019883,0.3616,0.05893,0.2615,0.0539,0.1127,0.09766,0.01828,0.03546
ZJ019884,0.01712,0.01543,0.0396,0.007324,0.00776,0.883,0.01382,0.01624
ZJ019885,0.3186,0.1217,0.10284,0.05353,0.01982,0.013504,0.1389,0.2312
ZJ019886,0.176,0.2332,0.0463,0.01952,0.0521,0.03775,0.414,0.02109
ZJ019887,0.173,0.2269,0.34,0.00984,0.0146,0.06195,0.04907,0.1243
ZJ019888,0.1948,0.135,0.02837,0.01253,0.05585,0.02585,0.52,0.02754
ZJ019889,0.002586,0.006714,0.00797,0.00759,0.001734,0.95,0.01907,0.004185
ZJ019890,0.2832,0.2473,0.1547,0.02591,0.02548,0.07874,0.1722,0.01238
ZJ019891,0.3152,0.1372,0.1711,0.02658,0.04663,0.05005,0.191,0.06207
ZJ019892,0.1576,0.1117,0.0793,0.05072,0.01155,0.005116,0.011116,0.5728
ZJ019893,0.4465,0.2029,0.05865,0.04263,0.0749,0.03357,0.09503,0.04575
ZJ019894,0.1953,0.1675,0.277,0.01584,0.0478,0.11633,0.06854,0.1117
ZJ019895,0.2874,0.1444,0.05322,0.02974,0.04996,0.01628,0.305,0.1141
ZJ019896,0.2185,0.04156,0.264,0.1095,0.1006,0.1154,0.05972,0.09094
ZJ019897,0.1858,0.02715,0.2328,0.013016,0.0445,0.1011,0.3865,0.00933
ZJ019898,0.0962,0.2637,0.1738,0.00902,0.04498,0.06122,0.181,0.1702
ZJ019899,0.0823,0.3948,0.2698,0.01085,0.04614,0.0687,0.0829,0.0445
ZJ019900,0.2239,0.1721,0.2249,0.07,0.05356,0.03079,0.03955,0.1855
ZJ019901,0.4897,0.327,0.023,0.003567,0.07947,0.004364,0.05194,0.0208
ZJ019902,0.1183,0.1295,0.1043,0.01563,0.006027,0.02658,0.547,0.05307
ZJ019903,0.0673,0.0145,0.01785,0.00614,0.01436,0.00631,0.8423,0.03192
ZJ019904,0.3015,0.1105,0.1439,0.0428,0.05933,0.05328,0.2465,0.0422
ZJ019905,0.2142,0.3577,0.142,0.07477,0.04764,0.01578,0.09045,0.05756
ZJ019906,0.3674,0.1487,0.1545,0.02188,0.034,0.02133,0.1077,0.1444
ZJ019907,0.1173,0.135,0.2903,0.02347,0.03247,0.1007,0.266,0.03482
ZJ019908,0.1664,0.06836,0.2827,0.01477,0.0365,0.11707,0.2656,0.0485
ZJ019909,0.1022,0.00924,0.09955,0.586,0.02275,0.02359,0.01276,0.1442
ZJ019910,0.1974,0.07025,0.1302,0.12463,0.07416,0.02124,0.02187,0.36
ZJ019911,0.03073,0.05478,0.0853,0.01901,0.03806,0.7,0.02092,0.05087
ZJ019912,0.2876,0.07806,0.2106,0.00958,0.0291,0.0636,0.275,0.0467
ZJ019913,0.001527,0.003536,0.00461,0.002064,0.001674,0.983,0.00271,0.001199
ZJ019914,0.005737,0.01443,0.0417,0.00712,0.014305,0.9014,0.00843,0.007133
ZJ019915,0.06494,0.2554,0.10645,0.0101,0.1979,0.2191,0.11975,0.0262
ZJ019916,0.1306,0.00805,0.1581,0.4194,0.02374,0.02162,0.008255,0.2302
ZJ019917,0.1105,0.09393,0.3352,0.01485,0.02573,0.3628,0.02731,0.0295
ZJ019918,0.10925,0.006115,0.265,0.11835,0.03812,0.01953,0.006397,0.437
ZJ019919,0.2133,0.1102,0.4187,0.01156,0.0568,0.07,0.09357,0.02567
ZJ019920,0.3208,0.12335,0.305,0.03152,0.03284,0.01532,0.11426,0.0568
ZJ019921,0.0606,0.04324,0.7363,0.003014,0.00499,0.00891,0.06445,0.0787
ZJ019922,0.1092,0.08,0.04245,0.0177,0.0422,0.01967,0.6597,0.02908
ZJ019923,0.1555,0.11066,0.2874,0.01083,0.02536,0.06305,0.3306,0.01662
ZJ019924,0.1643,0.08496,0.3696,0.0297,0.02087,0.0754,0.2295,0.02556
ZJ019925,0.1533,0.0741,0.04865,0.05084,0.03552,0.03928,0.4907,0.1078
ZJ019926,0.1415,0.019,0.3489,0.012985,0.003754,0.0616,0.3743,0.03784
ZJ019927,0.089,0.06064,0.2751,0.06006,0.02852,0.1274,0.2578,0.1014
ZJ019928,0.1423,0.05695,0.1964,0.00986,0.03293,0.08185,0.4675,0.01226
ZJ019929,0.3877,0.137,0.2646,0.01663,0.01475,0.01776,0.0655,0.0961
ZJ019930,0.2291,0.05707,0.1943,0.04068,0.0388,0.0243,0.02135,0.3943
ZJ019931,0.11505,0.02763,0.0816,0.04813,0.0426,0.07996,0.529,0.0761
ZJ019932,0.2874,0.3916,0.08466,0.014244,0.03418,0.01033,0.09485,0.08295
ZJ019933,0.0807,0.5923,0.05914,0.01788,0.04715,0.0545,0.07544,0.0728
ZJ019934,0.3132,0.05573,0.3323,0.00488,0.02734,0.1121,0.1458,0.00875
ZJ019935,0.004192,0.00898,0.02927,0.00399,0.01479,0.9126,0.00491,0.0218
ZJ019936,0.1287,0.01883,0.385,0.10547,0.0679,0.01119,0.003662,0.2793
ZJ019937,0.464,0.01782,0.02837,0.1085,0.2915,0.02945,0.02644,0.03412
ZJ019938,0.1664,0.378,0.0996,0.013535,0.1188,0.0954,0.04974,0.07886
ZJ019939,0.05118,0.09186,0.3223,0.01404,0.01509,0.3271,0.098,0.0805
ZJ019940,0.004696,0.011665,0.0261,0.006836,0.001974,0.936,0.01035,0.002172
ZJ019941,0.07275,0.8296,0.03232,0.001558,0.02559,0.009445,0.01209,0.01642
ZJ019942,0.002188,0.005188,0.01558,0.001047,0.002369,0.9673,0.001673,0.00491
ZJ019943,0.1047,0.1453,0.2053,0.004177,0.009544,0.1465,0.2996,0.0852
ZJ019944,0.272,0.004414,0.1749,0.274,0.0271,0.02861,0.004932,0.2141
ZJ019945,0.42,0.3406,0.03726,0.009705,0.081,0.02124,0.06366,0.02661
ZJ019946,0.3867,0.0892,0.2974,0.03882,0.02994,0.01924,0.01645,0.12225
ZJ019947,0.1175,0.0551,0.4487,0.01917,0.0373,0.1694,0.1095,0.04312
ZJ019948,0.0995,0.01653,0.2389,0.4343,0.0472,0.0856,0.01167,0.066
ZJ019949,0.07306,0.03882,0.03366,0.0241,0.01735,0.04745,0.7505,0.01487
ZJ019950,0.3032,0.0873,0.2966,0.02438,0.02036,0.0584,0.1954,0.01424
ZJ019951,0.137,0.0764,0.3418,0.01471,0.02579,0.05453,0.2463,0.1035
ZJ019952,0.07825,0.01051,0.1566,0.0702,0.01085,0.2979,0.01326,0.3625
ZJ019953,0.3787,0.1041,0.1965,0.012634,0.03296,0.04074,0.1783,0.05585
ZJ019954,0.2107,0.0927,0.238,0.0438,0.0528,0.1066,0.2051,0.05023
ZJ019955,0.0523,0.1613,0.294,0.01987,0.035,0.2542,0.1206,0.0628
ZJ019956,0.0935,0.1196,0.11414,0.253,0.01677,0.06146,0.02046,0.321
ZJ019957,0.3203,0.0524,0.1139,0.0711,0.1659,0.1483,0.042,0.08594
ZJ019958,0.3535,0.08997,0.0731,0.07654,0.03836,0.01628,0.1481,0.2041
ZJ019959,0.1792,0.010506,0.0914,0.1682,0.2603,0.12274,0.0158,0.152
ZJ019960,0.4148,0.03108,0.2913,0.10046,0.0339,0.0402,0.0243,0.0638
ZJ019961,0.04303,0.02719,0.07745,0.04202,0.0353,0.7246,0.02983,0.02063
ZJ019962,0.2432,0.0981,0.3047,0.006233,0.01504,0.06476,0.2164,0.05157
ZJ019963,0.0704,0.007263,0.5747,0.04898,0.0269,0.08606,0.014145,0.1716
ZJ019964,0.11993,0.2461,0.1306,0.0324,0.02959,0.1805,0.2416,0.01929
ZJ019965,0.011505,0.001421,0.005188,0.9014,0.001461,0.07135,0.001651,0.005367
ZJ019966,0.1565,0.006153,0.09814,0.5317,0.0273,0.08014,0.015236,0.08496
ZJ019967,0.1819,0.0617,0.3523,0.005466,0.04062,0.2744,0.06464,0.01915
ZJ019968,0.3987,0.10675,0.1464,0.05664,0.01866,0.01003,0.0139,0.2488
ZJ019969,0.05035,0.00314,0.311,0.04883,0.005363,0.01947,0.002882,0.559
ZJ019970,0.3872,0.02385,0.06573,0.1847,0.2288,0.0302,0.01518,0.0645
ZJ019971,0.0723,0.00621,0.11804,0.4226,0.0786,0.02176,0.004818,0.2754
ZJ019972,0.1259,0.3047,0.1247,0.01086,0.10535,0.0492,0.2522,0.02701
ZJ019973,0.02214,0.08356,0.1017,0.02412,0.005566,0.651,0.09467,0.01753
ZJ019974,0.3416,0.0416,0.1732,0.00792,0.10974,0.04065,0.2467,0.03854
ZJ019975,0.1301,0.02296,0.1737,0.0384,0.4133,0.10596,0.0184,0.09705
ZJ019976,0.03317,0.009796,0.0938,0.779,0.01175,0.0582,0.005352,0.00905
ZJ019977,0.1865,0.2874,0.3118,0.01134,0.01282,0.01548,0.0551,0.1196
ZJ019978,0.1823,0.305,0.11584,0.05524,0.02628,0.012344,0.1117,0.1913
ZJ019979,0.3816,0.1359,0.1412,0.01096,0.01444,0.0171,0.2361,0.0626
ZJ019980,0.2258,0.06335,0.375,0.01749,0.04816,0.1121,0.1458,0.012245
ZJ019981,0.000978,0.00423,0.003422,0.001543,0.0008674,0.9854,0.002869,0.000798
ZJ019982,0.316,0.2249,0.0907,0.03476,0.0715,0.02185,0.1351,0.1053
ZJ019983,0.2568,0.2432,0.1501,0.06775,0.02536,0.0739,0.1632,0.01968
ZJ019984,0.01744,0.004402,0.007423,0.000802,0.0006685,0.0009704,0.966,0.00258
ZJ019985,0.12244,0.1565,0.389,0.01292,0.02737,0.1392,0.08887,0.06384
ZJ019986,0.1578,0.03833,0.2778,0.009346,0.02664,0.3115,0.04633,0.1322
ZJ019987,0.6104,0.0771,0.1355,0.006256,0.00914,0.0092,0.01999,0.1326
ZJ019988,0.05167,0.003647,0.591,0.06143,0.05353,0.02061,0.00794,0.2103
ZJ019989,0.2695,0.05118,0.1398,0.083,0.0537,0.01262,0.02165,0.3684
ZJ019990,0.07904,0.0267,0.0452,0.004997,0.01119,0.0778,0.732,0.02316
ZJ019991,0.1445,0.1367,0.174,0.06,0.013504,0.0502,0.01604,0.405
ZJ019992,0.3801,0.04193,0.01493,0.003628,0.0501,0.0512,0.4453,0.01255
ZJ019993,0.1433,0.01436,0.01958,0.6597,0.074,0.0539,0.01355,0.02156
ZJ019994,0.3025,0.3127,0.03023,0.01148,0.07513,0.04468,0.1829,0.04034
ZJ019995,0.07684,0.01001,0.05658,0.6143,0.04672,0.03473,0.00741,0.1532
ZJ019996,0.02312,0.005684,0.0246,0.771,0.00667,0.072,0.006905,0.08997
ZJ019997,0.4282,0.05438,0.12244,0.002077,0.03275,0.05615,0.2488,0.05527
ZJ019998,0.2454,0.10486,0.2915,0.01794,0.0605,0.0693,0.0846,0.126
ZJ019999,0.1503,0.10236,0.1048,0.01003,0.00741,0.1771,0.4172,0.03069
ZJ020000,0.01412,0.0374,0.0454,0.01171,0.006386,0.8604,0.02168,0.002892
ZJ020001,0.589,0.0389,0.1573,0.00683,0.02039,0.00813,0.04807,0.1313
ZJ020002,0.173,0.345,0.2852,0.006916,0.02803,0.04532,0.10535,0.01145
ZJ020003,0.06006,0.12317,0.234,0.01312,0.01515,0.3638,0.1699,0.02097
ZJ020004,0.3235,0.1431,0.1517,0.08716,0.0713,0.0598,0.0637,0.0997
ZJ020005,0.1322,0.0791,0.1504,0.02786,0.08325,0.2544,0.2502,0.02261
ZJ020006,0.1987,0.0714,0.5005,0.01111,0.06094,0.0794,0.0622,0.01549
ZJ020007,0.2625,0.1481,0.3499,0.01799,0.03049,0.03995,0.06714,0.08417
ZJ020008,0.1877,0.3926,0.1759,0.01371,0.0459,0.03815,0.11475,0.0313
ZJ020009,0.2537,0.00865,0.01587,0.010605,0.07855,0.1178,0.4739,0.04095
ZJ020010,0.132,0.132,0.1948,0.02242,0.0492,0.1227,0.1865,0.1604
ZJ020011,0.2008,0.06866,0.1929,0.03702,0.03214,0.1456,0.2646,0.05826
ZJ020012,0.3647,0.149,0.1906,0.013695,0.0313,0.03008,0.1755,0.045
ZJ020013,0.2139,0.02467,0.1561,0.2815,0.06573,0.01895,0.02074,0.2184
ZJ020014,0.1342,0.083,0.034,0.005447,0.2484,0.01662,0.4556,0.02269
ZJ020015,0.328,0.0901,0.09973,0.03186,0.02489,0.01532,0.03534,0.3748
ZJ020016,0.4355,0.0456,0.1586,0.0352,0.04318,0.02957,0.0639,0.1884
ZJ020017,0.3857,0.0764,0.323,0.01302,0.0143,0.02348,0.1282,0.0358
ZJ020018,0.225,0.1222,0.1976,0.0385,0.02492,0.2576,0.1247,0.009605
ZJ020019,0.0959,0.08997,0.4595,0.011185,0.02896,0.131,0.136,0.04742
ZJ020020,0.08234,0.0073,0.546,0.05682,0.01175,0.01159,0.00555,0.2786
ZJ020021,0.09955,0.0638,0.255,0.003153,0.10315,0.3804,0.0865,0.00865
ZJ020022,0.129,0.07495,0.3655,0.01065,0.0945,0.11993,0.1439,0.06158
ZJ020023,0.3484,0.1655,0.2106,0.02289,0.0261,0.02412,0.1608,0.04178
ZJ020024,0.01361,0.048,0.02477,0.02197,0.00683,0.846,0.02463,0.01405
ZJ020025,0.1699,0.03665,0.1925,0.2876,0.02357,0.02438,0.01566,0.2498
ZJ020026,0.1552,0.1437,0.1406,0.01752,0.03006,0.07336,0.3354,0.1041
ZJ020027,0.2035,0.02934,0.0821,0.3364,0.1686,0.03363,0.02103,0.1255
ZJ020028,0.1436,0.3818,0.03592,0.006786,0.2449,0.02078,0.1288,0.03735
ZJ020029,0.03458,0.913,0.01035,0.001389,0.003424,0.002707,0.01636,0.01817
ZJ020030,0.1151,0.01862,0.01023,0.008965,0.013504,0.0418,0.7695,0.0222
ZJ020031,0.1559,0.05365,0.2937,0.0782,0.006947,0.02585,0.03564,0.35
ZJ020032,0.1078,0.01015,0.1785,0.2898,0.06805,0.0801,0.00591,0.26
ZJ020033,0.1985,0.0688,0.2864,0.01214,0.04572,0.04892,0.2837,0.056
ZJ020034,0.1004,0.0119,0.01642,0.6963,0.0556,0.0792,0.01627,0.02379
ZJ020035,0.1488,0.10205,0.1879,0.05878,0.019,0.01952,0.01322,0.4507
ZJ020036,0.47,0.1162,0.0974,0.06244,0.03827,0.01842,0.0711,0.1262
ZJ020037,0.0939,0.0621,0.1124,0.0678,0.0236,0.11053,0.4624,0.0668
ZJ020038,0.3342,0.1113,0.2844,0.04132,0.0745,0.03168,0.0817,0.04056
ZJ020039,0.1168,0.3337,0.2269,0.010666,0.01894,0.08203,0.1671,0.04382
ZJ020040,0.3289,0.399,0.07,0.002209,0.03023,0.01249,0.0646,0.0927
ZJ020041,0.01153,0.008385,0.05234,0.02277,0.01366,0.866,0.004044,0.02121
ZJ020042,0.2213,0.117,0.1392,0.02927,0.04083,0.03317,0.32,0.09924
ZJ020043,0.4114,0.02592,0.0587,0.010345,0.05444,0.007244,0.3818,0.05023
ZJ020044,0.3945,0.02774,0.08514,0.1595,0.0611,0.01234,0.01457,0.2451
ZJ020045,0.1707,0.010826,0.0226,0.01619,0.6465,0.06555,0.02359,0.044
ZJ020046,0.10925,0.009895,0.1627,0.4487,0.04605,0.03888,0.00889,0.1755
ZJ020047,0.2332,0.08655,0.12225,0.01941,0.055,0.3264,0.1493,0.007904
ZJ020048,0.04285,0.2776,0.1554,0.02036,0.2161,0.1304,0.109,0.04865
ZJ020049,0.10675,0.04407,0.07135,0.007027,0.0118,0.0495,0.697,0.01253
ZJ020050,0.0185,0.0334,0.1631,0.01187,0.01261,0.673,0.04376,0.04404
ZJ020051,0.2258,0.0567,0.316,0.0253,0.0366,0.0848,0.2195,0.0353
ZJ020052,0.08044,0.003544,0.00933,0.007484,0.01427,0.003428,0.874,0.00757
ZJ020053,0.1622,0.012085,0.142,0.03143,0.3647,0.1777,0.01112,0.0986
ZJ020054,0.00865,0.014694,0.05185,0.005543,0.003681,0.854,0.02615,0.03543
ZJ020055,0.3613,0.08966,0.1864,0.01183,0.04004,0.04285,0.2285,0.03937
ZJ020056,0.07996,0.7437,0.0378,0.005836,0.03278,0.002827,0.05167,0.0455
ZJ020057,0.0994,0.2429,0.11804,0.0161,0.03647,0.05185,0.4011,0.0339
ZJ020058,0.00839,0.02151,0.04074,0.003902,0.00929,0.884,0.00438,0.02823
ZJ020059,0.1092,0.0092,0.529,0.0756,0.0752,0.02196,0.006603,0.1732
ZJ020060,0.485,0.06256,0.1522,0.01659,0.01546,0.02037,0.1884,0.0594
ZJ020061,0.2666,0.07684,0.4844,0.00228,0.00464,0.03824,0.05142,0.0755
ZJ020062,0.4565,0.0836,0.05704,0.03326,0.1276,0.02238,0.09186,0.1273
ZJ020063,0.0955,0.1353,0.1571,0.01208,0.02422,0.1146,0.4146,0.04684
ZJ020064,0.3171,0.1229,0.137,0.01558,0.0741,0.01333,0.2805,0.0393
ZJ020065,0.1501,0.009636,0.26,0.2386,0.0695,0.01926,0.004948,0.2477
ZJ020066,0.08514,0.00591,0.4565,0.04922,0.007763,0.03336,0.006126,0.3557
ZJ020067,0.03983,0.0551,0.0834,0.004963,0.01538,0.688,0.0833,0.03008
ZJ020068,0.1477,0.1058,0.5093,0.00926,0.02998,0.01327,0.11365,0.0712
ZJ020069,0.0168,0.02205,0.0178,0.002289,0.001532,0.00539,0.9272,0.006756
ZJ020070,0.1217,0.0894,0.3518,0.002611,0.073,0.2722,0.08093,0.00835
ZJ020071,0.2126,0.0682,0.2418,0.1418,0.01402,0.03668,0.02917,0.2556
ZJ020072,0.01172,0.02979,0.05316,0.01218,0.00842,0.811,0.03354,0.04065
ZJ020073,0.1282,0.0725,0.2751,0.0355,0.01045,0.01631,0.412,0.04977
ZJ020074,0.2761,0.1219,0.04443,0.05298,0.0432,0.007515,0.2847,0.1691
ZJ020075,0.1929,0.3606,0.1141,0.00388,0.01843,0.01119,0.0797,0.2191
ZJ020076,0.196,0.02243,0.1017,0.2944,0.1444,0.0676,0.02094,0.1525
ZJ020077,0.3208,0.0636,0.2598,0.06555,0.03122,0.0991,0.01141,0.1487
ZJ020078,0.2783,0.3123,0.1859,0.0622,0.01962,0.01191,0.0545,0.07513
ZJ020079,0.1592,0.1946,0.3235,0.0091,0.02803,0.06232,0.10364,0.1198
ZJ020080,0.1349,0.541,0.1,0.01074,0.009705,0.006046,0.1643,0.03342
ZJ020081,0.1371,0.1556,0.3345,0.01424,0.02115,0.1268,0.1375,0.0731
ZJ020082,0.1794,0.05475,0.05038,0.03091,0.1085,0.0638,0.464,0.04803
ZJ020083,0.01988,0.002546,0.008224,0.002134,0.001288,0.000731,0.962,0.003748
ZJ020084,0.2429,0.0703,0.27,0.02998,0.0337,0.0974,0.2242,0.03143
ZJ020085,0.08575,0.007763,0.2258,0.4448,0.05347,0.05316,0.00619,0.1227
ZJ020086,0.03955,0.00783,0.0089,0.001616,0.0562,0.01183,0.868,0.005688
ZJ020087,0.394,0.11884,0.2172,0.02527,0.0493,0.0393,0.0706,0.0854
ZJ020088,0.6543,0.10144,0.03912,0.00962,0.0341,0.01775,0.133,0.0104
ZJ020089,0.2642,0.06186,0.127,0.008896,0.01524,0.00656,0.4907,0.02567
ZJ020090,0.608,0.06604,0.08655,0.001887,0.06775,0.01157,0.1224,0.03568
ZJ020091,0.0811,0.02342,0.4194,0.08685,0.0654,0.1343,0.01494,0.1744
ZJ020092,0.1126,0.1519,0.506,0.0093,0.02118,0.01059,0.11505,0.0736
ZJ020093,0.2,0.1141,0.2822,0.00664,0.08765,0.09973,0.178,0.0317
ZJ020094,0.3682,0.04922,0.1648,0.1611,0.02242,0.04593,0.01854,0.1698
ZJ020095,0.3257,0.2522,0.1692,0.01576,0.03096,0.01938,0.1178,0.06915
ZJ020096,0.1361,0.4075,0.1323,0.00783,0.11884,0.10706,0.0758,0.01471
ZJ020097,0.1917,0.2856,0.2029,0.004063,0.02338,0.02345,0.0783,0.1906
ZJ020098,0.02881,0.0111,0.1631,0.00916,0.01414,0.7314,0.02579,0.01627
ZJ020099,0.1046,0.006477,0.0732,0.378,0.0641,0.055,0.01493,0.3037
ZJ020100,0.1797,0.04202,0.05585,0.3777,0.1826,0.02988,0.01506,0.117
ZJ020101,0.0712,0.3645,0.0247,0.003254,0.03394,0.05704,0.3677,0.0776
ZJ020102,0.02913,0.02536,0.05902,0.02022,0.03165,0.7876,0.0217,0.02542
ZJ020103,0.04227,0.893,0.01819,0.001492,0.01528,0.001501,0.014084,0.014175
ZJ020104,0.1373,0.294,0.1398,0.007366,0.1647,0.0348,0.1915,0.0306
ZJ020105,0.4058,0.1455,0.08673,0.0341,0.0234,0.009834,0.09705,0.1976
ZJ020106,0.04288,0.857,0.0197,0.002253,0.00343,0.00598,0.0543,0.014305
ZJ020107,0.3325,0.1178,0.295,0.04218,0.02068,0.04367,0.1017,0.0468
ZJ020108,0.2035,0.2184,0.3535,0.004955,0.01039,0.0212,0.05707,0.1309
ZJ020109,0.1724,0.1677,0.3696,0.0084,0.03458,0.04144,0.1504,0.05536
ZJ020110,0.1768,0.0851,0.2761,0.01357,0.0169,0.177,0.2219,0.03253
ZJ020111,0.4214,0.1214,0.1875,0.02402,0.04633,0.04218,0.04257,0.11444
ZJ020112,0.3794,0.1217,0.1606,0.00907,0.0974,0.05133,0.136,0.04453
ZJ020113,0.2283,0.1985,0.261,0.007427,0.01388,0.0471,0.1876,0.0561
ZJ020114,0.6323,0.00253,0.0189,0.01822,0.2678,0.005116,0.01084,0.04428
ZJ020115,0.02267,0.01645,0.0608,0.00831,0.01025,0.843,0.02841,0.009834
ZJ020116,0.1156,0.01154,0.02779,0.01148,0.702,0.07434,0.02669,0.03067
ZJ020117,0.1298,0.006824,0.2727,0.4368,0.0213,0.01976,0.01217,0.1009
ZJ020118,0.172,0.04688,0.362,0.02327,0.01555,0.07996,0.2634,0.03677
ZJ020119,0.039,0.0719,0.10626,0.00591,0.014175,0.6455,0.0842,0.03326
ZJ020120,0.1543,0.01017,0.1309,0.5415,0.02524,0.01889,0.00744,0.1115
ZJ020121,0.295,0.11816,0.2568,0.01775,0.02196,0.0711,0.2068,0.01236
ZJ020122,0.2366,0.04596,0.03336,0.0313,0.05914,0.0467,0.5176,0.02933
ZJ020123,0.1898,0.0796,0.3025,0.01775,0.02744,0.0398,0.302,0.04114
ZJ020124,0.307,0.0825,0.08765,0.09344,0.1068,0.2434,0.05145,0.0278
ZJ020125,0.06665,0.007965,0.641,0.04272,0.02151,0.04764,0.00969,0.1627
ZJ020126,0.09717,0.00799,0.09186,0.533,0.03906,0.02142,0.00932,0.1998
ZJ020127,0.02737,0.0315,0.0638,0.0398,0.02219,0.7725,0.02536,0.01764
ZJ020128,0.803,0.014725,0.0273,0.005592,0.062,0.01053,0.06647,0.01077
ZJ020129,0.02385,0.01357,0.0665,0.003437,0.00961,0.4863,0.3655,0.03116
ZJ020130,0.1918,0.182,0.3481,0.007042,0.00997,0.04507,0.1354,0.08057
ZJ020131,0.2327,0.2576,0.2008,0.0441,0.05215,0.02081,0.04858,0.1434
ZJ020132,0.1577,0.1083,0.352,0.006752,0.02333,0.02422,0.2369,0.0906
ZJ020133,0.4595,0.03253,0.02657,0.0429,0.1068,0.01516,0.237,0.0798
ZJ020134,0.008766,0.02872,0.0463,0.0236,0.01345,0.8486,0.0158,0.01451
ZJ020135,0.1528,0.00905,0.01678,0.03574,0.07074,0.006813,0.6772,0.03079
ZJ020136,0.6235,0.03622,0.0347,0.0102,0.01582,0.006676,0.209,0.06366
ZJ020137,0.08167,0.01041,0.01721,0.7373,0.05707,0.06464,0.01305,0.01866
ZJ020138,0.032,0.907,0.01098,0.001768,0.005413,0.007545,0.02278,0.01268
ZJ020139,0.2935,0.2369,0.0967,0.0318,0.03232,0.01051,0.0981,0.2002
ZJ020140,0.04593,0.0886,0.02489,0.02356,0.01707,0.2009,0.573,0.02583
ZJ020141,0.01208,0.00789,0.02824,0.006702,0.0052,0.921,0.01133,0.007088
ZJ020142,0.2278,0.0787,0.2651,0.01306,0.03723,0.02817,0.285,0.065
ZJ020143,0.3184,0.05133,0.3113,0.00969,0.02615,0.0433,0.219,0.02106
ZJ020144,0.1417,0.05035,0.11865,0.04947,0.03433,0.0447,0.527,0.034
ZJ020145,0.2292,0.1284,0.37,0.06012,0.05072,0.02786,0.0682,0.065
ZJ020146,0.10046,0.01434,0.04965,0.02301,0.4976,0.2307,0.0459,0.03824
ZJ020147,0.06445,0.014725,0.2406,0.3657,0.02592,0.1552,0.013596,0.11975
ZJ020148,0.006996,0.006645,0.02405,0.01064,0.02272,0.911,0.007164,0.0106
ZJ020149,0.05402,0.06805,0.1306,0.04166,0.03717,0.5806,0.05948,0.02856
ZJ020150,0.3313,0.1274,0.1217,0.0573,0.02934,0.02731,0.11816,0.1876
ZJ020151,0.3967,0.1434,0.2795,0.02646,0.009636,0.01607,0.02707,0.1011
ZJ020152,0.635,0.0538,0.03235,0.01143,0.0805,0.01164,0.1045,0.07117
ZJ020153,0.1824,0.00563,0.2803,0.289,0.01772,0.0751,0.0086,0.1412
ZJ020154,0.2312,0.1478,0.0757,0.03056,0.11017,0.00937,0.3223,0.073
ZJ020155,0.0679,0.010735,0.1141,0.6997,0.02306,0.03314,0.00853,0.04306
ZJ020156,0.1229,0.0966,0.529,0.009026,0.02878,0.04062,0.09686,0.076
ZJ020157,0.318,0.07996,0.0778,0.04587,0.06046,0.08014,0.271,0.0668
ZJ020158,0.146,0.289,0.1284,0.04947,0.02654,0.1622,0.1725,0.02579
ZJ020159,0.186,0.0501,0.2283,0.03555,0.02112,0.0912,0.3362,0.05142
ZJ020160,0.197,0.3933,0.2242,0.00569,0.01045,0.01308,0.07367,0.0828
ZJ020161,0.1877,0.4565,0.09534,0.009705,0.0202,0.01195,0.1434,0.075
ZJ020162,0.2546,0.5166,0.02097,0.006325,0.0512,0.01617,0.095,0.0393
ZJ020163,0.07416,0.1533,0.3596,0.00993,0.1897,0.04126,0.1124,0.05963
ZJ020164,0.164,0.0396,0.1471,0.01607,0.0114,0.3223,0.2732,0.02625
ZJ020165,0.1327,0.03226,0.19,0.1729,0.04834,0.02798,0.01296,0.383
ZJ020166,0.12286,0.07043,0.3557,0.008125,0.2106,0.0903,0.10754,0.03452
ZJ020167,0.11847,0.0837,0.1857,0.04813,0.02946,0.02428,0.4224,0.0882
ZJ020168,0.1449,0.01906,0.06274,0.01828,0.62,0.05975,0.0337,0.0413
ZJ020169,0.1965,0.4883,0.0674,0.006153,0.05762,0.01892,0.1384,0.02657
ZJ020170,0.11017,0.09015,0.05014,0.02461,0.04932,0.07263,0.586,0.017
ZJ020171,0.0782,0.135,0.5195,0.00639,0.0911,0.0728,0.0777,0.01903
ZJ020172,0.1454,0.04788,0.186,0.1683,0.05353,0.05045,0.00595,0.3425
ZJ020173,0.2664,0.10223,0.3572,0.006268,0.00974,0.03555,0.2097,0.01277
ZJ020174,0.2405,0.05792,0.138,0.2131,0.1637,0.06094,0.0292,0.0969
ZJ020175,0.6235,0.0314,0.0888,0.00352,0.0714,0.01701,0.1393,0.02493
ZJ020176,0.3008,0.1821,0.2,0.02522,0.01475,0.07477,0.1869,0.015366
ZJ020177,0.05722,0.584,0.09644,0.012985,0.06915,0.09283,0.04205,0.04547
ZJ020178,0.2064,0.0207,0.05307,0.5566,0.0815,0.02304,0.01107,0.04745
ZJ020179,0.05826,0.01186,0.1392,0.02873,0.4146,0.05966,0.008965,0.2788
ZJ020180,0.1164,0.00804,0.0445,0.5615,0.11707,0.03085,0.00801,0.11346
ZJ020181,0.1531,0.6143,0.04083,0.00859,0.02328,0.0188,0.08856,0.05267
ZJ020182,0.3997,0.0783,0.2379,0.09045,0.0517,0.03964,0.0483,0.0539
ZJ020183,0.1425,0.08325,0.1842,0.02365,0.00967,0.01567,0.4868,0.0543
ZJ020184,0.2166,0.03012,0.0366,0.05084,0.0357,0.08936,0.5137,0.02698
ZJ020185,0.0902,0.00553,0.549,0.0939,0.03522,0.008415,0.003906,0.2136
ZJ020186,0.03072,0.0065,0.0081,0.001064,0.00545,0.007618,0.9287,0.01194
ZJ020187,0.333,0.02318,0.09283,0.1229,0.3103,0.0524,0.0103,0.05487
ZJ020188,0.2554,0.0716,0.1304,0.2747,0.03464,0.03262,0.01906,0.1816
ZJ020189,0.0685,0.00816,0.3264,0.0363,0.1565,0.1809,0.005527,0.2175
ZJ020190,0.3174,0.1312,0.2847,0.05795,0.01363,0.01449,0.06335,0.1172
ZJ020191,0.2288,0.04816,0.2676,0.03464,0.02998,0.055,0.2651,0.07074
ZJ020192,0.2399,0.06934,0.38,0.01179,0.02676,0.1185,0.0924,0.06146
ZJ020193,0.005974,0.00256,0.002592,0.001514,0.002312,0.9805,0.003765,0.000865
ZJ020194,0.08185,0.2583,0.087,0.01212,0.007576,0.2219,0.2366,0.09503
ZJ020195,0.3928,0.05096,0.13,0.04663,0.010605,0.03085,0.0388,0.2993
ZJ020196,0.4897,0.07697,0.2644,0.01443,0.01526,0.01999,0.0814,0.03754
ZJ020197,0.1735,0.0816,0.288,0.01115,0.004456,0.02379,0.3523,0.06525
ZJ020198,0.474,0.01576,0.04108,0.071,0.3323,0.02835,0.00963,0.02762
ZJ020199,0.1486,0.01067,0.397,0.1947,0.046,0.0934,0.01756,0.0921
ZJ020200,0.1268,0.014175,0.0384,0.01068,0.693,0.03604,0.03314,0.04803
ZJ020201,0.2125,0.0783,0.363,0.01102,0.01383,0.0646,0.2477,0.009346
ZJ020202,0.0539,0.03772,0.06396,0.04868,0.03323,0.697,0.03796,0.02771
ZJ020203,0.0969,0.1544,0.1012,0.0454,0.00885,0.0318,0.5093,0.05215
ZJ020204,0.1493,0.1117,0.2803,0.0177,0.01018,0.0943,0.1531,0.1835
ZJ020205,0.2986,0.0358,0.06207,0.3606,0.1444,0.03842,0.01689,0.04337
ZJ020206,0.1032,0.00928,0.05292,0.576,0.04617,0.0145,0.005836,0.192
ZJ020207,0.1862,0.616,0.02988,0.02,0.02423,0.01349,0.0542,0.0556
ZJ020208,0.1375,0.006493,0.03186,0.00532,0.01659,0.00795,0.7896,0.004513
ZJ020209,0.1654,0.09375,0.4302,0.009056,0.03436,0.0634,0.1885,0.015465
ZJ020210,0.0655,0.00788,0.4187,0.2727,0.0738,0.04617,0.004864,0.1105
ZJ020211,0.0766,0.01265,0.268,0.1343,0.01222,0.014786,0.00513,0.476
ZJ020212,0.1915,0.006096,0.2244,0.2301,0.1472,0.01627,0.003687,0.1808
ZJ020213,0.4,0.02791,0.11584,0.1483,0.1919,0.0311,0.01593,0.0692
ZJ020214,0.006916,0.03308,0.02998,0.002596,0.006866,0.896,0.01322,0.011314
ZJ020215,0.2054,0.02975,0.251,0.01611,0.008865,0.05362,0.3855,0.04977
ZJ020216,0.319,0.1094,0.05145,0.05072,0.03854,0.00897,0.267,0.1548
ZJ020217,0.044,0.07117,0.01613,0.01622,0.03305,0.00524,0.772,0.04236
ZJ020218,0.01463,0.01418,0.0353,0.009705,0.01105,0.888,0.01701,0.00993
ZJ020219,0.1569,0.3289,0.2244,0.0115,0.0708,0.0975,0.0825,0.02737
ZJ020220,0.03506,0.006184,0.02396,0.626,0.01509,0.2341,0.0086,0.05103
ZJ020221,0.2054,0.1827,0.1953,0.05313,0.01369,0.063,0.2598,0.02681
ZJ020222,0.1647,0.3643,0.2009,0.0739,0.02808,0.013596,0.05304,0.1017
ZJ020223,0.1852,0.04785,0.0938,0.00826,0.1752,0.1868,0.2712,0.0318
ZJ020224,0.10126,0.00884,0.11475,0.606,0.02223,0.04355,0.01656,0.0869
ZJ020225,0.0655,0.0988,0.08453,0.00993,0.03806,0.5806,0.1068,0.01576
ZJ020226,0.1652,0.2825,0.1979,0.05493,0.01642,0.05185,0.1991,0.03214
ZJ020227,0.2678,0.0245,0.03897,0.2435,0.2585,0.0851,0.02313,0.0584
ZJ020228,0.04202,0.01255,0.3403,0.219,0.04907,0.0506,0.00775,0.2788
ZJ020229,0.2262,0.0484,0.1815,0.01122,0.11835,0.127,0.2112,0.0763
ZJ020230,0.0724,0.2037,0.11426,0.03128,0.04385,0.1045,0.398,0.03214
ZJ020231,0.3127,0.1061,0.0624,0.03726,0.05127,0.0795,0.295,0.05585
ZJ020232,0.0648,0.03207,0.4207,0.0693,0.01778,0.05145,0.009895,0.334
ZJ020233,0.2615,0.06274,0.2688,0.03653,0.02278,0.1484,0.1846,0.014755
ZJ020234,0.1299,0.11066,0.4133,0.00898,0.06824,0.1615,0.063,0.04474
ZJ020235,0.2201,0.1879,0.334,0.003864,0.00802,0.01267,0.1313,0.10205
ZJ020236,0.175,0.1576,0.2087,0.04645,0.0424,0.1753,0.1726,0.02177
ZJ020237,0.01833,0.00424,0.00973,0.8657,0.003061,0.03366,0.005775,0.05972
ZJ020238,0.04938,0.3025,0.1556,0.01416,0.2083,0.08954,0.1298,0.05087
ZJ020239,0.3389,0.2338,0.2288,0.01855,0.03214,0.01463,0.1127,0.02058
ZJ020240,0.1821,0.1042,0.1914,0.05133,0.06866,0.2096,0.161,0.03168
ZJ020241,0.0932,0.00867,0.01845,0.00645,0.04605,0.10223,0.6987,0.02603
ZJ020242,0.0946,0.6924,0.06055,0.03662,0.03946,0.004898,0.02489,0.04654
ZJ020243,0.2477,0.007526,0.255,0.1365,0.0398,0.0903,0.0132,0.2102
ZJ020244,0.2094,0.0872,0.3271,0.02266,0.03586,0.02536,0.04077,0.2515
ZJ020245,0.34,0.12177,0.0687,0.0232,0.1698,0.0442,0.1738,0.05835
ZJ020246,0.005833,0.005394,0.02144,0.007378,0.01241,0.9326,0.00657,0.00774
ZJ020247,0.1826,0.295,0.2913,0.01682,0.05087,0.05966,0.0753,0.02866
ZJ020248,0.609,0.1356,0.05927,0.01497,0.02281,0.01054,0.1339,0.014145
ZJ020249,0.2406,0.0989,0.158,0.01132,0.0453,0.0635,0.139,0.2434
ZJ020250,0.5234,0.05142,0.05566,0.00271,0.05353,0.007545,0.2625,0.043
ZJ020251,0.03696,0.0335,0.0563,0.02597,0.0197,0.7886,0.02164,0.01727
ZJ020252,0.1418,0.1004,0.3423,0.0073,0.1838,0.06046,0.1312,0.0326
ZJ020253,0.3801,0.1277,0.1985,0.03476,0.04645,0.03047,0.06464,0.11755
ZJ020254,0.12225,0.3933,0.1587,0.00617,0.06146,0.036,0.182,0.04004
ZJ020255,0.08167,0.01332,0.4067,0.02832,0.09015,0.1954,0.007652,0.177
ZJ020256,0.6353,0.03192,0.0823,0.02374,0.1298,0.01749,0.03036,0.04913
ZJ020257,0.1,0.0966,0.2373,0.00878,0.002525,0.03586,0.446,0.0727
ZJ020258,0.2448,0.1166,0.05542,0.0654,0.0978,0.01292,0.2583,0.1488
ZJ020259,0.5503,0.11456,0.03925,0.01176,0.1782,0.02995,0.05264,0.02354
ZJ020260,0.08,0.0717,0.1002,0.0784,0.032,0.557,0.04807,0.03235
ZJ020261,0.884,0.006737,0.01049,0.004105,0.0404,0.00236,0.03375,0.01836
ZJ020262,0.4263,0.1084,0.06323,0.04288,0.0954,0.012436,0.1313,0.12024
ZJ020263,0.11475,0.05826,0.3872,0.0238,0.02974,0.2593,0.0931,0.03375
ZJ020264,0.1346,0.5923,0.0741,0.04532,0.04242,0.01165,0.03903,0.06073
ZJ020265,0.0779,0.7017,0.0543,0.007195,0.0184,0.013084,0.06256,0.0647
ZJ020266,0.1622,0.6113,0.03284,0.002916,0.05414,0.01234,0.0958,0.02832
ZJ020267,0.1604,0.009346,0.463,0.0315,0.0292,0.01965,0.007244,0.2798
ZJ020268,0.1882,0.249,0.2019,0.01764,0.02701,0.08307,0.2195,0.01344
ZJ020269,0.04056,0.00692,0.06134,0.4941,0.01225,0.07874,0.003489,0.3027
ZJ020270,0.2693,0.1392,0.06015,0.04907,0.06168,0.008896,0.08685,0.325
ZJ020271,0.0394,0.01394,0.07605,0.02388,0.01686,0.776,0.03983,0.014305
ZJ020272,0.05484,0.01215,0.04465,0.00934,0.01236,0.05118,0.807,0.00859
ZJ020273,0.2004,0.07904,0.3335,0.02109,0.04294,0.1084,0.1987,0.01587
ZJ020274,0.702,0.01564,0.02391,0.01678,0.0676,0.006134,0.0964,0.0715
ZJ020275,0.0495,0.003168,0.02425,0.858,0.007385,0.0369,0.005188,0.01575
ZJ020276,0.02507,0.0493,0.09485,0.02034,0.02257,0.7397,0.03156,0.01685
ZJ020277,0.2139,0.2683,0.1807,0.03503,0.06647,0.0316,0.08136,0.1227
ZJ020278,0.1846,0.626,0.0716,0.005577,0.02768,0.00438,0.02353,0.05655
ZJ020279,0.06964,0.0261,0.0271,0.00683,0.004917,0.003748,0.841,0.02063
ZJ020280,0.2347,0.04492,0.549,0.00553,0.01653,0.01776,0.03403,0.09753
ZJ020281,0.4995,0.0434,0.2246,0.03647,0.0364,0.02612,0.09753,0.03583
ZJ020282,0.06964,0.01588,0.3386,0.2424,0.1134,0.0838,0.00704,0.1293
ZJ020283,0.1041,0.05875,0.4204,0.00839,0.06934,0.1732,0.1411,0.02492
ZJ020284,0.06354,0.2188,0.1658,0.00881,0.3157,0.1118,0.0863,0.0293
ZJ020285,0.363,0.01903,0.0629,0.09753,0.3599,0.02107,0.00893,0.0677
ZJ020286,0.06464,0.184,0.0832,0.02292,0.03098,0.4565,0.1472,0.01033
ZJ020287,0.10223,0.6934,0.0351,0.005737,0.01959,0.00826,0.08966,0.04593
ZJ020288,0.349,0.01234,0.0355,0.4207,0.0732,0.02876,0.0173,0.0632
ZJ020289,0.1298,0.1918,0.2194,0.01451,0.01631,0.1772,0.2194,0.03165
ZJ020290,0.586,0.005844,0.014786,0.2292,0.10724,0.012314,0.008095,0.03668
ZJ020291,0.0869,0.1709,0.298,0.0419,0.04715,0.174,0.1053,0.0759
ZJ020292,0.4595,0.184,0.014755,0.01102,0.06757,0.03555,0.2175,0.01011
ZJ020293,0.1562,0.007042,0.4595,0.06885,0.05,0.01353,0.00959,0.2356
ZJ020294,0.2856,0.0162,0.11847,0.0581,0.0923,0.174,0.0354,0.2201
ZJ020295,0.11755,0.525,0.1248,0.014145,0.06506,0.05673,0.0764,0.02022
ZJ020296,0.1486,0.0318,0.10486,0.2761,0.1451,0.02417,0.006054,0.2632
ZJ020297,0.0637,0.11053,0.2004,0.03793,0.02725,0.207,0.1355,0.2175
ZJ020298,0.194,0.2246,0.2512,0.01326,0.013084,0.02954,0.0852,0.1892
ZJ020299,0.0906,0.009544,0.349,0.01564,0.2861,0.1151,0.00758,0.1263
ZJ020300,0.1274,0.02512,0.05878,0.03008,0.0179,0.0703,0.6504,0.01979
ZJ020301,0.09863,0.03888,0.0686,0.587,0.0854,0.02837,0.01982,0.0735
ZJ020302,0.0914,0.0561,0.04175,0.0393,0.02007,0.0653,0.6636,0.02274
ZJ020303,0.10486,0.1131,0.484,0.00741,0.01345,0.07904,0.1755,0.02245
ZJ020304,0.04248,0.00967,0.407,0.03345,0.1903,0.1891,0.005234,0.1229
ZJ020305,0.1987,0.07983,0.1924,0.014084,0.04614,0.2009,0.2598,0.00816
ZJ020306,0.09607,0.1257,0.626,0.00343,0.01572,0.02827,0.0673,0.03735
ZJ020307,0.1342,0.197,0.4355,0.0141,0.04965,0.0679,0.07367,0.02798
ZJ020308,0.1909,0.086,0.4563,0.00648,0.008484,0.05673,0.1399,0.05548
ZJ020309,0.08966,0.6367,0.08044,0.0353,0.0256,0.02391,0.05215,0.0559
ZJ020310,0.3362,0.0934,0.2461,0.01826,0.01528,0.1741,0.05273,0.0641
ZJ020311,0.003366,0.00394,0.00588,0.00628,0.001471,0.9673,0.01018,0.002045
ZJ020312,0.11316,0.09283,0.4067,0.01283,0.01015,0.1161,0.2054,0.04297
ZJ020313,0.0269,0.01074,0.05753,0.01837,0.013916,0.835,0.02634,0.01114
ZJ020314,0.147,0.3306,0.1864,0.00691,0.06,0.02245,0.2168,0.02988
ZJ020315,0.004333,0.004242,0.01311,0.00867,0.01147,0.9463,0.005466,0.006874
ZJ020316,0.1661,0.2258,0.2471,0.00937,0.01339,0.05215,0.1941,0.0922
ZJ020317,0.567,0.0406,0.1301,0.0683,0.04166,0.02974,0.0332,0.0896
ZJ020318,0.2644,0.0763,0.04507,0.00937,0.10095,0.2477,0.2451,0.01104
ZJ020319,0.2898,0.0606,0.425,0.01182,0.0562,0.05185,0.0821,0.02245
ZJ020320,0.12024,0.4478,0.10974,0.01521,0.00714,0.00915,0.1509,0.1403
ZJ020321,0.2913,0.1307,0.2148,0.04965,0.02063,0.10583,0.172,0.015
ZJ020322,0.2096,0.2415,0.2776,0.01567,0.04,0.1175,0.0753,0.02307
ZJ020323,0.2324,0.01555,0.0812,0.01599,0.4448,0.04117,0.05475,0.1141
ZJ020324,0.0321,0.7446,0.0707,0.01016,0.03915,0.01918,0.02292,0.06128
ZJ020325,0.005577,0.00946,0.004208,0.005497,0.00554,0.9453,0.0202,0.004375
ZJ020326,0.1857,0.1638,0.0777,0.06232,0.0732,0.09106,0.3066,0.0396
ZJ020327,0.9233,0.0073,0.00814,0.00949,0.03104,0.001504,0.007305,0.011795
ZJ020328,0.1914,0.2249,0.1587,0.011894,0.0617,0.03668,0.293,0.0216
ZJ020329,0.02359,0.02246,0.11365,0.01332,0.01718,0.7686,0.02438,0.01668
ZJ020330,0.052,0.0253,0.133,0.6616,0.03096,0.0715,0.01011,0.015305
ZJ020331,0.1051,0.02957,0.3179,0.1791,0.049,0.0947,0.00832,0.2166
ZJ020332,0.05426,0.007153,0.484,0.09265,0.07196,0.04803,0.01286,0.2291
ZJ020333,0.06122,0.0109,0.1866,0.2874,0.013596,0.3513,0.0128,0.0761
ZJ020334,0.272,0.2935,0.2172,0.02408,0.03348,0.0359,0.1044,0.01942
ZJ020335,0.1759,0.12366,0.10693,0.01226,0.01877,0.04535,0.463,0.05438
ZJ020336,0.1337,0.04617,0.1926,0.0382,0.2273,0.1492,0.01836,0.1942
ZJ020337,0.1605,0.06976,0.3938,0.00993,0.03214,0.06088,0.2253,0.04758
ZJ020338,0.351,0.0484,0.08966,0.01625,0.2568,0.04382,0.1427,0.05118
ZJ020339,0.0736,0.010605,0.1711,0.09283,0.3984,0.07745,0.005943,0.1699
ZJ020340,0.1488,0.2439,0.2408,0.00925,0.02486,0.1489,0.1492,0.0341
ZJ020341,0.176,0.2913,0.08966,0.011604,0.0767,0.04388,0.2737,0.03708
ZJ020342,0.2595,0.07135,0.345,0.003887,0.007774,0.01881,0.2191,0.0746
ZJ020343,0.566,0.0838,0.0773,0.04037,0.10236,0.01898,0.06,0.0516
ZJ020344,0.6084,0.0808,0.06134,0.00888,0.05264,0.01561,0.1044,0.0682
ZJ020345,0.05304,0.828,0.011986,0.00274,0.0203,0.005222,0.06097,0.01773
ZJ020346,0.1295,0.4226,0.07385,0.03418,0.05136,0.0374,0.1256,0.1255
ZJ020347,0.04684,0.0717,0.03375,0.012024,0.006317,0.00821,0.802,0.0199
ZJ020348,0.1874,0.00946,0.0987,0.434,0.08,0.0617,0.00912,0.1195
ZJ020349,0.1333,0.2634,0.1318,0.03195,0.05118,0.1047,0.2576,0.02592
ZJ020350,0.1007,0.08606,0.1675,0.03284,0.03027,0.1545,0.3323,0.0958
ZJ020351,0.1232,0.0748,0.323,0.013245,0.01903,0.2812,0.15,0.01526
ZJ020352,0.06934,0.134,0.11475,0.02615,0.0545,0.44,0.1335,0.02808
ZJ020353,0.1312,0.008484,0.2974,0.02791,0.279,0.1122,0.00808,0.1355
ZJ020354,0.1958,0.2053,0.2573,0.01546,0.02075,0.02026,0.1061,0.1792
ZJ020355,0.1343,0.2705,0.12354,0.02458,0.1208,0.1061,0.1873,0.03317
ZJ020356,0.3237,0.01593,0.178,0.10583,0.24,0.01445,0.01041,0.1117
ZJ020357,0.1029,0.03473,0.05487,0.02205,0.0316,0.02458,0.7007,0.02856
ZJ020358,0.1138,0.00622,0.3818,0.1682,0.03265,0.07355,0.00879,0.2148
ZJ020359,0.0702,0.1545,0.2438,0.0766,0.04105,0.155,0.1617,0.0971
ZJ020360,0.05133,0.1063,0.0984,0.0719,0.02472,0.4844,0.124,0.03885
ZJ020361,0.2435,0.3108,0.03937,0.02104,0.0992,0.04404,0.2086,0.03357
ZJ020362,0.2106,0.004753,0.0717,0.2468,0.344,0.01859,0.00863,0.09485
ZJ020363,0.3635,0.0256,0.06226,0.02472,0.0232,0.02106,0.4265,0.05304
ZJ020364,0.1737,0.0182,0.2379,0.2742,0.05743,0.07715,0.01243,0.1489
ZJ020365,0.0723,0.02252,0.12024,0.03806,0.02682,0.6426,0.04785,0.02945
ZJ020366,0.1595,0.008125,0.296,0.147,0.02315,0.2268,0.01984,0.1198
ZJ020367,0.3132,0.05524,0.2502,0.02484,0.02495,0.04044,0.2166,0.07446
ZJ020368,0.2014,0.0777,0.3848,0.01685,0.02118,0.1037,0.1696,0.0248
ZJ020369,0.2612,0.3596,0.1377,0.05167,0.03091,0.01903,0.0624,0.07733
ZJ020370,0.009384,0.06714,0.05386,0.002663,0.00385,0.823,0.02109,0.01814
ZJ020371,0.098,0.2175,0.2808,0.01312,0.01552,0.10486,0.0958,0.1743
ZJ020372,0.1366,0.0681,0.2498,0.01065,0.011696,0.133,0.3682,0.02174
ZJ020373,0.1373,0.05087,0.3628,0.015114,0.03336,0.1447,0.2272,0.02876
ZJ020374,0.2094,0.1759,0.2568,0.01698,0.0323,0.0884,0.1637,0.0564
ZJ020375,0.2788,0.2263,0.1079,0.04443,0.05865,0.0598,0.1002,0.12366
ZJ020376,0.1664,0.07587,0.0355,0.02617,0.0523,0.013504,0.506,0.1244
ZJ020377,0.0616,0.00468,0.1561,0.1597,0.3303,0.04788,0.004654,0.235
ZJ020378,0.2278,0.09753,0.304,0.00871,0.006203,0.04773,0.2006,0.1076
ZJ020379,0.1992,0.0701,0.4187,0.00801,0.01944,0.0906,0.184,0.00968
ZJ020380,0.153,0.0855,0.383,0.00514,0.01335,0.03964,0.303,0.01715
ZJ020381,0.01438,0.01921,0.04813,0.04898,0.02074,0.814,0.00907,0.02536
ZJ020382,0.2051,0.01345,0.02095,0.5166,0.07654,0.10724,0.02682,0.03357
ZJ020383,0.3584,0.009995,0.05414,0.02472,0.4485,0.0304,0.02498,0.04895
ZJ020384,0.1366,0.2201,0.193,0.00786,0.1626,0.10724,0.1466,0.02597
ZJ020385,0.04703,0.883,0.01371,0.002205,0.0143,0.002,0.02438,0.01347
ZJ020386,0.11584,0.02934,0.0706,0.521,0.0753,0.04114,0.0219,0.1247
ZJ020387,0.0811,0.1976,0.04498,0.01473,0.06256,0.396,0.1832,0.01988
ZJ020388,0.2683,0.1035,0.2556,0.00455,0.04535,0.05865,0.248,0.01588
ZJ020389,0.1663,0.0584,0.468,0.010765,0.02339,0.09735,0.1605,0.015396
ZJ020390,0.2385,0.312,0.1229,0.04102,0.1335,0.01982,0.02856,0.1037
ZJ020391,0.265,0.2067,0.09906,0.01384,0.07526,0.02979,0.2742,0.0364
ZJ020392,0.2031,0.2268,0.2344,0.0082,0.01555,0.04666,0.1678,0.0974
ZJ020393,0.1343,0.0628,0.3647,0.058,0.0096,0.037,0.00835,0.3252
ZJ020394,0.3918,0.1122,0.28,0.0681,0.02217,0.008125,0.04593,0.0718
ZJ020395,0.11414,0.0671,0.3142,0.02812,0.0386,0.2856,0.05548,0.0967
ZJ020396,0.11835,0.06137,0.03543,0.0181,0.02705,0.0502,0.6787,0.01067
ZJ020397,0.1646,0.07574,0.5522,0.01126,0.01895,0.0827,0.07477,0.01985
ZJ020398,0.2009,0.07404,0.03577,0.02164,0.03226,0.011055,0.602,0.0222
ZJ020399,0.08606,0.004864,0.262,0.2107,0.04807,0.03415,0.00793,0.3464
ZJ020400,0.3367,0.01332,0.02086,0.05673,0.4895,0.03998,0.01857,0.02432
ZJ020401,0.1831,0.0855,0.2067,0.02037,0.10315,0.02347,0.34,0.03748
ZJ020402,0.1735,0.3652,0.1576,0.05722,0.0345,0.0207,0.0642,0.127
ZJ020403,0.1779,0.1415,0.4355,0.01964,0.01784,0.0886,0.09705,0.02202
ZJ020404,0.407,0.04477,0.0577,0.12195,0.0727,0.0779,0.1743,0.0436
ZJ020405,0.2438,0.2308,0.287,0.0061,0.04404,0.05414,0.1254,0.00889
ZJ020406,0.19,0.1765,0.2827,0.010544,0.01955,0.02208,0.1126,0.186
ZJ020407,0.1981,0.12463,0.1517,0.017,0.0335,0.08575,0.321,0.0682
ZJ020408,0.09296,0.01903,0.303,0.0477,0.005043,0.005566,0.00393,0.5225
ZJ020409,0.2131,0.04565,0.3198,0.00818,0.01039,0.01895,0.3691,0.01509
ZJ020410,0.04733,0.04813,0.008095,0.00451,0.1131,0.03638,0.7295,0.01298
ZJ020411,0.277,0.02844,0.03622,0.02316,0.03314,0.01296,0.557,0.03174
ZJ020412,0.05118,0.02415,0.01558,0.02446,0.02986,0.00493,0.8228,0.02725
ZJ020413,0.3083,0.1219,0.2484,0.07336,0.02391,0.02556,0.00884,0.1895
ZJ020414,0.07043,0.02554,0.02939,0.00463,0.007195,0.012,0.839,0.0118
ZJ020415,0.10876,0.02136,0.00534,0.002604,0.1307,0.011024,0.7104,0.009476
ZJ020416,0.1688,0.007282,0.1561,0.1299,0.135,0.1561,0.01316,0.2336
ZJ020417,0.0921,0.1614,0.3179,0.00987,0.079,0.1615,0.1329,0.0455
ZJ020418,0.2129,0.1981,0.0871,0.0646,0.02591,0.008484,0.1989,0.2041
ZJ020419,0.2107,0.00822,0.275,0.1483,0.04218,0.11804,0.02762,0.1699
ZJ020420,0.09973,0.03137,0.2242,0.01904,0.2644,0.2356,0.02313,0.1027
ZJ020421,0.1888,0.009415,0.2842,0.1819,0.04242,0.1289,0.02144,0.143
ZJ020422,0.1803,0.05426,0.1979,0.02817,0.0218,0.0948,0.3684,0.05435
ZJ020423,0.31,0.1981,0.2396,0.04517,0.02817,0.02333,0.0984,0.05728
ZJ020424,0.605,0.03482,0.1138,0.10284,0.0459,0.0128,0.02988,0.0551
ZJ020425,0.1532,0.1637,0.3713,0.010925,0.03497,0.03717,0.2002,0.02861
ZJ020426,0.1373,0.01167,0.05298,0.0242,0.5728,0.151,0.02779,0.02226
ZJ020427,0.078,0.131,0.3792,0.03275,0.02121,0.1965,0.1243,0.0369
ZJ020428,0.2389,0.0446,0.2102,0.2507,0.03122,0.02666,0.01418,0.1836
ZJ020429,0.0507,0.04547,0.0577,0.0251,0.05118,0.671,0.068,0.03117
ZJ020430,0.11896,0.03214,0.3484,0.007668,0.00785,0.1085,0.3582,0.01826
ZJ020431,0.05463,0.009,0.2054,0.3965,0.013016,0.1993,0.01216,0.10974
ZJ020432,0.1573,0.515,0.10986,0.00788,0.0299,0.01929,0.1381,0.02257
ZJ020433,0.197,0.00921,0.2211,0.2006,0.1046,0.01406,0.003656,0.2498
ZJ020434,0.0792,0.1539,0.02756,0.01267,0.02475,0.0075,0.609,0.0855
ZJ020435,0.0819,0.05014,0.0672,0.007683,0.0166,0.01131,0.7153,0.0497
ZJ020436,0.1707,0.2142,0.278,0.00883,0.01256,0.02507,0.2034,0.0872
ZJ020437,0.3564,0.147,0.1799,0.02441,0.0743,0.0483,0.1254,0.0444
ZJ020438,0.2126,0.1904,0.4062,0.005314,0.02216,0.0273,0.1041,0.03177
ZJ020439,0.1337,0.067,0.1907,0.00876,0.01672,0.3962,0.1792,0.00791
ZJ020440,0.3704,0.01654,0.04068,0.10675,0.3984,0.02412,0.00864,0.03445
ZJ020441,0.12146,0.02864,0.01703,0.002565,0.05023,0.02092,0.734,0.02502
ZJ020442,0.437,0.03946,0.0994,0.03625,0.0428,0.00579,0.01266,0.3264
ZJ020443,0.11523,0.6284,0.0817,0.02434,0.01595,0.0104,0.0633,0.0606
ZJ020444,0.8057,0.072,0.03079,0.004967,0.01234,0.002329,0.008736,0.0635
ZJ020445,0.10364,0.00884,0.0741,0.627,0.02815,0.0445,0.01288,0.10077
ZJ020446,0.438,0.0506,0.05444,0.03354,0.02254,0.01595,0.2126,0.1722
ZJ020447,0.4375,0.0633,0.0866,0.01962,0.1465,0.02603,0.161,0.05963
ZJ020448,0.05316,0.004707,0.6562,0.03845,0.01582,0.0602,0.00516,0.166
ZJ020449,0.2336,0.283,0.2734,0.01177,0.0169,0.02278,0.1389,0.01976
ZJ020450,0.2385,0.1418,0.1682,0.02106,0.05536,0.0621,0.1895,0.12354
ZJ020451,0.11945,0.1121,0.178,0.005733,0.02039,0.09045,0.4136,0.06036
ZJ020452,0.384,0.08844,0.0937,0.05307,0.06494,0.03824,0.12256,0.1549
ZJ020453,0.1957,0.3054,0.2554,0.011925,0.01232,0.01273,0.0485,0.158
ZJ020454,0.6753,0.01692,0.01593,0.009865,0.2152,0.007965,0.013596,0.0452
ZJ020455,0.00329,0.00396,0.01013,0.004784,0.010414,0.9595,0.003622,0.00471
ZJ020456,0.258,0.2722,0.2113,0.01733,0.0365,0.02695,0.121,0.05658
ZJ020457,0.0561,0.67,0.0819,0.00214,0.00895,0.07196,0.0161,0.0929
ZJ020458,0.0799,0.01274,0.4563,0.1027,0.03998,0.0139,0.005924,0.2886
ZJ020459,0.02876,0.01459,0.128,0.005398,0.02768,0.719,0.04614,0.02986
ZJ020460,0.0545,0.08655,0.2861,0.01329,0.00618,0.2028,0.2515,0.0993
ZJ020461,0.319,0.1392,0.1713,0.004654,0.0568,0.11896,0.0811,0.1092
ZJ020462,0.777,0.01156,0.01897,0.04895,0.06934,0.00591,0.02124,0.04703
ZJ020463,0.02022,0.013466,0.05804,0.00519,0.00868,0.872,0.01675,0.006218
ZJ020464,0.4302,0.0431,0.07916,0.03105,0.01813,0.01106,0.3286,0.0587
ZJ020465,0.04376,0.3315,0.1633,0.00941,0.09705,0.2356,0.0843,0.03503
ZJ020466,0.04166,0.01703,0.2869,0.0523,0.00755,0.5107,0.005665,0.078
ZJ020467,0.463,0.01814,0.0292,0.03043,0.06287,0.007652,0.2678,0.1209
ZJ020468,0.1891,0.03488,0.4536,0.006386,0.0084,0.03552,0.2272,0.04517
ZJ020469,0.02707,0.02963,0.02013,0.02263,0.007057,0.1324,0.7427,0.01828
ZJ020470,0.503,0.03174,0.07227,0.082,0.2297,0.02754,0.0227,0.03116
ZJ020471,0.1381,0.698,0.0338,0.004192,0.00984,0.00572,0.0569,0.05316
ZJ020472,0.15,0.01062,0.2067,0.3977,0.0375,0.05548,0.012794,0.1292
ZJ020473,0.1472,0.07196,0.3774,0.006386,0.1082,0.09235,0.175,0.02144
ZJ020474,0.3914,0.01628,0.2861,0.1482,0.02444,0.05746,0.015396,0.06073
ZJ020475,0.0416,0.6426,0.1234,0.0142,0.00592,0.0339,0.1127,0.02544
ZJ020476,0.02625,0.00555,0.02312,0.8643,0.00517,0.01475,0.00628,0.05475
ZJ020477,0.0928,0.01802,0.2311,0.485,0.03754,0.0769,0.01454,0.04404
ZJ020478,0.02159,0.0209,0.1304,0.0188,0.01495,0.7573,0.02544,0.01052
ZJ020479,0.003641,0.00382,0.0119,0.00703,0.009445,0.9546,0.00382,0.005623
ZJ020480,0.2076,0.1443,0.3047,0.03044,0.0397,0.0438,0.04782,0.1816
ZJ020481,0.1388,0.03864,0.146,0.04236,0.008156,0.3118,0.2864,0.0281
ZJ020482,0.1844,0.0954,0.355,0.00956,0.013565,0.02634,0.2161,0.0996
ZJ020483,0.1188,0.00502,0.1573,0.545,0.02573,0.044,0.007103,0.097
ZJ020484,0.005634,0.02197,0.01761,0.006725,0.00246,0.9346,0.00843,0.002775
ZJ020485,0.06445,0.7607,0.0397,0.02464,0.01584,0.006645,0.0606,0.02725
ZJ020486,0.10223,0.1714,0.2703,0.007397,0.1056,0.06094,0.2478,0.0344
ZJ020487,0.4539,0.02444,0.07715,0.1083,0.2488,0.03207,0.01543,0.03967
ZJ020488,0.1164,0.00686,0.2576,0.2328,0.0406,0.0407,0.008545,0.2964
ZJ020489,0.1205,0.02328,0.249,0.309,0.0385,0.1144,0.01487,0.1302
ZJ020490,0.1821,0.1625,0.4155,0.00974,0.00869,0.02975,0.1609,0.03049
ZJ020491,0.001841,0.005493,0.007324,0.002178,0.00168,0.975,0.004086,0.002867
ZJ020492,0.0872,0.2585,0.07263,0.01238,0.006508,0.02698,0.507,0.02905
ZJ020493,0.09235,0.7227,0.05524,0.003347,0.01701,0.01697,0.01738,0.0749
ZJ020494,0.2117,0.2136,0.268,0.00528,0.01979,0.0711,0.11053,0.09985
ZJ020495,0.3203,0.09406,0.2351,0.04153,0.03084,0.1212,0.1455,0.01135
ZJ020496,0.2249,0.06137,0.0874,0.1895,0.0664,0.009674,0.02287,0.3381
ZJ020497,0.1085,0.007812,0.4094,0.2373,0.05795,0.0936,0.00765,0.078
ZJ020498,0.221,0.2074,0.0322,0.0098,0.275,0.0339,0.2043,0.01639
ZJ020499,0.10596,0.04492,0.01204,0.003422,0.0708,0.001593,0.721,0.03995
ZJ020500,0.2399,0.1958,0.2236,0.02621,0.0387,0.0501,0.1869,0.03882
ZJ020501,0.1085,0.00602,0.1946,0.1847,0.1809,0.01653,0.001818,0.307
ZJ020502,0.2668,0.1543,0.1613,0.06232,0.02296,0.1266,0.1873,0.01843
ZJ020503,0.1367,0.1887,0.11804,0.00853,0.1633,0.06287,0.3005,0.02116
ZJ020504,0.0473,0.01793,0.2917,0.02666,0.2076,0.234,0.01179,0.1627
ZJ020505,0.2683,0.0562,0.4292,0.007286,0.04144,0.05023,0.0756,0.0716
ZJ020506,0.01033,0.02982,0.01848,0.002401,0.006317,0.9126,0.01765,0.002956
ZJ020507,0.1519,0.0795,0.341,0.00946,0.03906,0.2125,0.1447,0.02184
ZJ020508,0.4585,0.03525,0.07825,0.1316,0.2102,0.0315,0.02559,0.0292
ZJ020509,0.5254,0.05377,0.1041,0.02597,0.02292,0.015236,0.05655,0.1963
ZJ020510,0.1641,0.00961,0.2522,0.2203,0.2029,0.03415,0.0098,0.1071
ZJ020511,0.05292,0.0749,0.411,0.01454,0.00847,0.2625,0.11505,0.0606
ZJ020512,0.0892,0.06287,0.1232,0.03513,0.02908,0.56,0.06757,0.0331
ZJ020513,0.1466,0.08215,0.2634,0.0628,0.01698,0.02568,0.01156,0.3909
ZJ020514,0.1066,0.085,0.3286,0.005592,0.00262,0.01538,0.09393,0.3623
ZJ020515,0.524,0.01337,0.08997,0.003662,0.03558,0.015526,0.3137,0.004505
ZJ020516,0.4329,0.0404,0.143,0.02617,0.04013,0.03522,0.0676,0.2145
ZJ020517,0.1426,0.03098,0.0684,0.00466,0.012146,0.03262,0.696,0.012794
ZJ020518,0.374,0.0869,0.06555,0.006744,0.2783,0.0341,0.1251,0.02925
ZJ020519,0.4883,0.1274,0.02927,0.003683,0.037,0.00747,0.2327,0.0743
ZJ020520,0.2544,0.08057,0.0215,0.0168,0.04196,0.038,0.5312,0.01561
ZJ020521,0.363,0.1193,0.2715,0.01344,0.02127,0.0492,0.1217,0.0406
ZJ020522,0.1664,0.08673,0.04047,0.04874,0.03217,0.01067,0.466,0.1488
ZJ020523,0.0229,0.01964,0.00998,0.002678,0.001965,0.00329,0.931,0.00793
ZJ020524,0.02603,0.01341,0.05185,0.00776,0.014084,0.8545,0.02174,0.01011
ZJ020525,0.15,0.07623,0.2402,0.01034,0.2039,0.08124,0.1823,0.05576
ZJ020526,0.07196,0.01144,0.221,0.04916,0.2668,0.2112,0.00968,0.1587
ZJ020527,0.2595,0.4712,0.04517,0.012474,0.0325,0.006786,0.02135,0.151
ZJ020528,0.03223,0.06464,0.08057,0.01903,0.02945,0.713,0.02446,0.03683
ZJ020529,0.002708,0.00476,0.00782,0.002201,0.001727,0.9727,0.005844,0.002161
ZJ020530,0.2347,0.1626,0.07715,0.041,0.06186,0.05206,0.3489,0.02156
ZJ020531,0.03677,0.2068,0.0624,0.01656,0.03763,0.553,0.0755,0.01129
ZJ020532,0.0759,0.753,0.0439,0.006336,0.01602,0.01092,0.01305,0.081
ZJ020533,0.1493,0.01402,0.1476,0.446,0.03912,0.0717,0.01238,0.1195
ZJ020534,0.3652,0.02573,0.04153,0.04642,0.4258,0.0377,0.012985,0.04462
ZJ020535,0.1936,0.01575,0.11633,0.0421,0.3896,0.05948,0.01782,0.1654
ZJ020536,0.10266,0.00844,0.3213,0.3499,0.0632,0.0886,0.00828,0.05786
ZJ020537,0.2389,0.0936,0.1326,0.02628,0.04117,0.0802,0.321,0.0662
ZJ020538,0.2043,0.1488,0.3196,0.015274,0.04852,0.1133,0.1382,0.011894
ZJ020539,0.03888,0.1418,0.0727,0.0282,0.02354,0.3916,0.2913,0.01201
ZJ020540,0.1384,0.003332,0.3582,0.0876,0.007866,0.02373,0.0152,0.3657
ZJ020541,0.1919,0.05078,0.1566,0.04343,0.04788,0.1631,0.331,0.01524
ZJ020542,0.10565,0.006153,0.0943,0.2229,0.3223,0.05176,0.005497,0.1917
ZJ020543,0.1372,0.03802,0.05975,0.4185,0.1317,0.155,0.0251,0.03467
ZJ020544,0.0686,0.0756,0.09564,0.02306,0.0095,0.14,0.4067,0.1808
ZJ020545,0.1877,0.0132,0.01344,0.002495,0.02835,0.005173,0.74,0.0091
ZJ020546,0.3604,0.02032,0.04315,0.1311,0.3347,0.03583,0.0119,0.06256
ZJ020547,0.2927,0.1342,0.06995,0.0174,0.0363,0.0932,0.342,0.014114
ZJ020548,0.1348,0.02324,0.0829,0.5015,0.0235,0.03104,0.01436,0.1888
ZJ020549,0.08716,0.0771,0.04355,0.0281,0.01244,0.0659,0.6245,0.0611
ZJ020550,0.1775,0.05405,0.1239,0.03708,0.010826,0.3215,0.25,0.02487
ZJ020551,0.3638,0.332,0.0906,0.00419,0.04123,0.006386,0.1066,0.05524
ZJ020552,0.459,0.005127,0.09784,0.09753,0.04843,0.01206,0.02005,0.26
ZJ020553,0.1631,0.4382,0.1004,0.05786,0.02776,0.02287,0.12256,0.067
ZJ020554,0.2164,0.2788,0.323,0.01987,0.02634,0.04868,0.0673,0.01956
ZJ020555,0.225,0.1265,0.2515,0.01779,0.0232,0.02722,0.2869,0.04175
ZJ020556,0.523,0.04495,0.0803,0.00628,0.10925,0.015465,0.1848,0.0361
ZJ020557,0.01107,0.02983,0.02046,0.02458,0.004524,0.874,0.02896,0.006416
ZJ020558,0.1209,0.02505,0.08167,0.5747,0.03323,0.0712,0.01738,0.07574
ZJ020559,0.2893,0.0754,0.2014,0.0476,0.03442,0.05878,0.2185,0.0745
ZJ020560,0.3945,0.08997,0.3767,0.0278,0.01846,0.01365,0.02359,0.05527
ZJ020561,0.259,0.1198,0.1667,0.0184,0.0955,0.0908,0.2239,0.0258
ZJ020562,0.10266,0.005505,0.3857,0.2424,0.1234,0.02841,0.007423,0.1046
ZJ020563,0.2725,0.04865,0.2399,0.01805,0.00834,0.03665,0.03217,0.344
ZJ020564,0.1564,0.03864,0.1752,0.2908,0.0953,0.076,0.03275,0.1349
ZJ020565,0.07837,0.00759,0.06134,0.2262,0.4485,0.01953,0.005344,0.1533
ZJ020566,0.1365,0.006023,0.0868,0.07556,0.2473,0.4167,0.006416,0.02469
ZJ020567,0.2615,0.1619,0.0691,0.008766,0.01953,0.06616,0.3672,0.04596
ZJ020568,0.3804,0.11945,0.3027,0.0139,0.011826,0.014305,0.04288,0.11456
ZJ020569,0.485,0.11365,0.1431,0.00906,0.01506,0.01875,0.1636,0.05157
ZJ020570,0.1095,0.03108,0.05206,0.5425,0.0658,0.11414,0.02676,0.05826
ZJ020571,0.2642,0.0295,0.0799,0.1831,0.3254,0.03845,0.011284,0.06824
ZJ020572,0.1573,0.03656,0.1567,0.124,0.0894,0.0766,0.03253,0.327
ZJ020573,0.04587,0.0898,0.1497,0.01915,0.01212,0.4097,0.2576,0.01608
ZJ020574,0.7764,0.01471,0.01353,0.04144,0.07153,0.00468,0.005783,0.07196
ZJ020575,0.1459,0.04636,0.3066,0.006645,0.01001,0.0378,0.4302,0.0168
ZJ020576,0.2546,0.0793,0.189,0.01253,0.01741,0.02737,0.3035,0.1162
ZJ020577,0.2073,0.2393,0.11835,0.01758,0.05267,0.0837,0.2408,0.04028
ZJ020578,0.2028,0.0391,0.05313,0.00912,0.02144,0.01582,0.5913,0.0676
ZJ020579,0.1381,0.2067,0.29,0.006855,0.00625,0.01491,0.0926,0.2448
ZJ020580,0.3547,0.08246,0.3408,0.02328,0.0297,0.0318,0.02979,0.1076
ZJ020581,0.3174,0.04697,0.4712,0.004967,0.0261,0.0467,0.03912,0.04764
ZJ020582,0.10645,0.1003,0.0773,0.01688,0.0275,0.01078,0.6323,0.02872
ZJ020583,0.3389,0.0316,0.08905,0.0154,0.302,0.03537,0.116,0.0718
ZJ020584,0.3242,0.02872,0.1066,0.1708,0.03983,0.02455,0.03287,0.2722
ZJ020585,0.04913,0.3179,0.397,0.007214,0.02184,0.04303,0.1095,0.0545
ZJ020586,0.01688,0.03275,0.01988,0.04922,0.008026,0.8037,0.05093,0.01845
ZJ020587,0.002733,0.007683,0.006905,0.00464,0.001691,0.96,0.01316,0.003307
ZJ020588,0.01996,0.01572,0.1461,0.011894,0.01546,0.6924,0.04214,0.05615
ZJ020589,0.1857,0.0718,0.2028,0.02666,0.12024,0.08795,0.234,0.071
ZJ020590,0.003397,0.00652,0.0083,0.006695,0.006145,0.947,0.0179,0.003717
ZJ020591,0.273,0.1761,0.305,0.006844,0.01855,0.007427,0.1348,0.0783
ZJ020592,0.2129,0.01913,0.5156,0.00666,0.01613,0.0371,0.07916,0.1134
ZJ020593,0.0581,0.06195,0.0669,0.1193,0.04208,0.5796,0.04816,0.02394
ZJ020594,0.1255,0.1486,0.5107,0.00801,0.0659,0.0235,0.0939,0.02393
ZJ020595,0.02713,0.01426,0.0783,0.02081,0.01248,0.807,0.02428,0.01559
ZJ020596,0.11816,0.522,0.02837,0.01228,0.02048,0.02556,0.226,0.04736
ZJ020597,0.004482,0.00499,0.005676,0.03778,0.002142,0.9385,0.005726,0.001424
ZJ020598,0.0771,0.01566,0.1754,0.1167,0.00776,0.008965,0.00669,0.592
ZJ020599,0.4402,0.08685,0.1232,0.05084,0.05136,0.0464,0.1636,0.03766
ZJ020600,0.6797,0.005993,0.03,0.03156,0.1794,0.004177,0.01877,0.05023
ZJ020601,0.1462,0.08527,0.2125,0.05,0.01231,0.01813,0.01068,0.4648
ZJ020602,0.1676,0.0712,0.337,0.0174,0.04495,0.256,0.09796,0.00782
ZJ020603,0.1022,0.08813,0.388,0.02225,0.0163,0.1168,0.2073,0.05923
ZJ020604,0.001773,0.004986,0.00954,0.0008345,0.002182,0.975,0.001645,0.00441
ZJ020605,0.2432,0.1322,0.1926,0.00806,0.0978,0.0458,0.236,0.04437
ZJ020606,0.2505,0.10364,0.07446,0.1209,0.03998,0.01317,0.1229,0.2744
ZJ020607,0.1161,0.09424,0.4185,0.011795,0.02739,0.10284,0.1885,0.0409
ZJ020608,0.2239,0.05933,0.4448,0.00894,0.03116,0.1159,0.10516,0.010765
ZJ020609,0.003489,0.003849,0.0107,0.00699,0.01033,0.9556,0.004066,0.004837
ZJ020610,0.2083,0.0761,0.2207,0.03543,0.0555,0.2,0.192,0.01186
ZJ020611,0.005066,0.01521,0.004887,0.00995,0.00283,0.9336,0.02588,0.002508
ZJ020612,0.11847,0.1697,0.2715,0.0174,0.01831,0.03522,0.3193,0.04996
ZJ020613,0.5186,0.04407,0.291,0.008,0.03967,0.01257,0.02304,0.063
ZJ020614,0.01956,0.01438,0.094,0.012985,0.01035,0.8213,0.02,0.00773
ZJ020615,0.29,0.011314,0.2045,0.0313,0.08405,0.007275,0.004612,0.367
ZJ020616,0.07983,0.00499,0.2064,0.1169,0.0239,0.03967,0.00445,0.524
ZJ020617,0.3516,0.273,0.1006,0.00771,0.02725,0.00898,0.1505,0.0803
ZJ020618,0.001764,0.006874,0.00823,0.002892,0.001352,0.97,0.005413,0.002697
ZJ020619,0.1919,0.10986,0.3833,0.009346,0.04242,0.0453,0.1578,0.06015
ZJ020620,0.02568,0.0092,0.0156,0.0009623,0.005863,0.0151,0.918,0.00967
ZJ020621,0.1523,0.03055,0.0367,0.02531,0.04684,0.010925,0.6255,0.0721
ZJ020622,0.3328,0.2393,0.1927,0.01,0.0424,0.01199,0.1351,0.03555
ZJ020623,0.3503,0.08295,0.1556,0.05875,0.01804,0.0183,0.00884,0.3071
ZJ020624,0.004192,0.01653,0.011055,0.009735,0.0032,0.9326,0.01599,0.006702
ZJ020625,0.1398,0.01284,0.1279,0.1669,0.07806,0.01101,0.00387,0.4597
ZJ020626,0.041,0.4968,0.1338,0.0428,0.02579,0.11414,0.07837,0.0672
ZJ020627,0.427,0.05615,0.4019,0.02725,0.008064,0.00758,0.02025,0.05185
ZJ020628,0.10333,0.04565,0.05753,0.03137,0.04248,0.11145,0.567,0.04144
ZJ020629,0.2053,0.0851,0.2305,0.02383,0.03406,0.1842,0.2172,0.01997
ZJ020630,0.134,0.7354,0.02922,0.003635,0.01242,0.011566,0.05157,0.02199
ZJ020631,0.1608,0.3127,0.0423,0.003407,0.2642,0.02435,0.178,0.01426
ZJ020632,0.02705,0.02473,0.1083,0.01784,0.0167,0.7583,0.02823,0.01895
ZJ020633,0.012245,0.011635,0.0197,0.002117,0.003504,0.9287,0.01509,0.006756
ZJ020634,0.11975,0.006683,0.1282,0.1652,0.2314,0.02837,0.00322,0.3171
ZJ020635,0.2195,0.07214,0.3984,0.01262,0.01653,0.1185,0.05502,0.1071
ZJ020636,0.10205,0.1455,0.07965,0.08923,0.0424,0.0486,0.425,0.06757
ZJ020637,0.06866,0.005745,0.483,0.06305,0.05084,0.0688,0.004276,0.2556
ZJ020638,0.4082,0.199,0.1945,0.00956,0.02715,0.01013,0.09485,0.05655
ZJ020639,0.1343,0.6206,0.04086,0.01443,0.02092,0.01304,0.10706,0.04895
ZJ020640,0.3857,0.03096,0.0909,0.1809,0.0699,0.01578,0.01646,0.2094
ZJ020641,0.2556,0.10974,0.3616,0.01467,0.0321,0.0652,0.12225,0.03854
ZJ020642,0.485,0.0907,0.1488,0.0102,0.02487,0.015076,0.1825,0.04254
ZJ020643,0.13,0.093,0.358,0.03452,0.02089,0.06168,0.2242,0.0779
ZJ020644,0.3555,0.0976,0.2148,0.03653,0.0373,0.03705,0.06274,0.1584
ZJ020645,0.10046,0.0928,0.132,0.01578,0.0336,0.3782,0.2375,0.00989
ZJ020646,0.2097,0.0476,0.09546,0.3047,0.1437,0.0724,0.02554,0.10077
ZJ020647,0.1126,0.004368,0.474,0.1608,0.01366,0.04965,0.006187,0.1783
ZJ020648,0.08105,0.10126,0.649,0.004627,0.003998,0.00555,0.08215,0.0724
ZJ020649,0.11816,0.3274,0.2588,0.008835,0.01051,0.01668,0.10565,0.154
ZJ020650,0.485,0.02214,0.0881,0.00572,0.02702,0.01198,0.3418,0.01772
ZJ020651,0.05264,0.822,0.01723,0.003109,0.03687,0.003284,0.04443,0.01996
ZJ020652,0.0676,0.479,0.0701,0.003277,0.0584,0.038,0.2266,0.05743
ZJ020653,0.049,0.00868,0.1558,0.0368,0.00939,0.00336,0.00276,0.7344
ZJ020654,0.1084,0.5786,0.1161,0.010635,0.01347,0.01666,0.0582,0.09784
ZJ020655,0.1249,0.0919,0.0937,0.02182,0.1844,0.2141,0.22,0.04926
ZJ020656,0.5796,0.01426,0.009995,0.02823,0.12195,0.01683,0.2092,0.02017
ZJ020657,0.1082,0.42,0.0863,0.01416,0.05014,0.02043,0.2676,0.03333
ZJ020658,0.6074,0.0282,0.00999,0.006294,0.1912,0.021,0.10046,0.03522
ZJ020659,0.2308,0.0546,0.0481,0.03616,0.0432,0.08966,0.429,0.06836
ZJ020660,0.1881,0.2451,0.1932,0.01449,0.0538,0.0642,0.1731,0.0679
ZJ020661,0.2786,0.32,0.1299,0.0247,0.03528,0.03506,0.138,0.0385
ZJ020662,0.02682,0.0402,0.03888,0.00637,0.01075,0.801,0.05283,0.02321
ZJ020663,0.12286,0.2219,0.318,0.005566,0.0799,0.10535,0.1242,0.0222
ZJ020664,0.0979,0.00444,0.556,0.0584,0.03506,0.003637,0.00507,0.2395
ZJ020665,0.375,0.1061,0.0478,0.0523,0.03387,0.00663,0.1324,0.2458
ZJ020666,0.1523,0.1227,0.1188,0.0373,0.03647,0.04764,0.4473,0.03745
ZJ020667,0.1221,0.1051,0.572,0.004948,0.01406,0.01578,0.0965,0.0698
ZJ020668,0.1416,0.2188,0.0723,0.02277,0.0793,0.1285,0.2952,0.0416
ZJ020669,0.1203,0.05072,0.2808,0.05536,0.01836,0.01028,0.00744,0.4565
ZJ020670,0.03117,0.0116,0.05167,0.05634,0.01195,0.806,0.010155,0.02026
ZJ020671,0.2103,0.0736,0.218,0.033,0.0658,0.11926,0.2612,0.01859
ZJ020672,0.014305,0.01455,0.0528,0.04437,0.01183,0.837,0.004612,0.0206
ZJ020673,0.0983,0.008934,0.3293,0.10486,0.05142,0.293,0.007507,0.1066
ZJ020674,0.392,0.0788,0.1329,0.02951,0.10284,0.0728,0.11914,0.0718
ZJ020675,0.1838,0.1461,0.3892,0.003744,0.05307,0.03162,0.172,0.02048
ZJ020676,0.1587,0.007042,0.191,0.1007,0.0339,0.01023,0.006767,0.4917
ZJ020677,0.2942,0.0495,0.06113,0.07184,0.1385,0.01097,0.01564,0.3582
ZJ020678,0.1495,0.2644,0.1322,0.01839,0.0516,0.01907,0.323,0.0418
ZJ020679,0.532,0.02957,0.0545,0.08374,0.2145,0.03018,0.02065,0.03464
ZJ020680,0.334,0.006416,0.0794,0.2974,0.1173,0.09796,0.01646,0.0512
ZJ020681,0.2717,0.1547,0.2356,0.01479,0.02094,0.05234,0.1974,0.05267
ZJ020682,0.1,0.01799,0.01978,0.00889,0.01785,0.01076,0.8135,0.01203
ZJ020683,0.1278,0.04614,0.5522,0.0696,0.02774,0.04974,0.014915,0.11163
ZJ020684,0.0899,0.01353,0.1598,0.0696,0.013016,0.013535,0.005997,0.635
ZJ020685,0.1041,0.2563,0.377,0.015335,0.04678,0.0759,0.0997,0.02492
ZJ020686,0.06854,0.7363,0.02719,0.03458,0.0235,0.005047,0.0841,0.02077
ZJ020687,0.011185,0.01645,0.01377,0.02664,0.009315,0.8843,0.02336,0.015236
ZJ020688,0.05463,0.02856,0.1239,0.02827,0.03314,0.6987,0.01936,0.013245
ZJ020689,0.2778,0.02454,0.02567,0.2278,0.362,0.0378,0.01778,0.02664
ZJ020690,0.01761,0.01712,0.06094,0.005436,0.00853,0.8584,0.02115,0.01027
ZJ020691,0.1501,0.1819,0.07465,0.00394,0.02676,0.03745,0.487,0.03812
ZJ020692,0.0987,0.0267,0.11035,0.583,0.02592,0.0752,0.0167,0.0632
ZJ020693,0.3445,0.1156,0.10535,0.01022,0.04755,0.04102,0.3076,0.02823
ZJ020694,0.2211,0.1587,0.0455,0.0988,0.1078,0.014244,0.1796,0.1743
ZJ020695,0.125,0.1635,0.1519,0.02872,0.04514,0.0939,0.3013,0.0908
ZJ020696,0.522,0.05353,0.04535,0.06134,0.0845,0.02138,0.0788,0.1333
ZJ020697,0.05948,0.009186,0.418,0.0729,0.008095,0.00809,0.00881,0.4155
ZJ020698,0.1936,0.1892,0.08936,0.0176,0.03183,0.01836,0.3418,0.11835
ZJ020699,0.2213,0.1206,0.3132,0.01779,0.03375,0.0529,0.22,0.02058
ZJ020700,0.094,0.1295,0.1472,0.02426,0.02933,0.02103,0.276,0.2786
ZJ020701,0.003653,0.003834,0.00426,0.008606,0.00464,0.956,0.0157,0.00349
ZJ020702,0.1912,0.1232,0.0561,0.09485,0.05844,0.01072,0.311,0.1544
ZJ020703,0.2947,0.01516,0.03934,0.2942,0.192,0.083,0.02396,0.05768
ZJ020704,0.6436,0.04913,0.0633,0.02032,0.0711,0.0163,0.04575,0.0907
ZJ020705,0.4048,0.06085,0.183,0.02307,0.05646,0.0982,0.1511,0.0226
ZJ020706,0.2336,0.03958,0.1384,0.1737,0.10626,0.1403,0.1006,0.0677
ZJ020707,0.3213,0.02847,0.09344,0.1201,0.3179,0.0621,0.01685,0.0399
ZJ020708,0.3398,0.007965,0.00806,0.02756,0.05264,0.00646,0.5264,0.03122
ZJ020709,0.4302,0.02414,0.0244,0.0703,0.0967,0.1267,0.1874,0.04053
ZJ020710,0.1136,0.00945,0.2454,0.2074,0.0796,0.09546,0.010544,0.2386
ZJ020711,0.3142,0.1843,0.0851,0.05942,0.0685,0.01156,0.06647,0.2103
ZJ020712,0.1366,0.0227,0.0952,0.2883,0.0374,0.01904,0.0106,0.3901
ZJ020713,0.09076,0.006153,0.5566,0.0496,0.05414,0.00534,0.002737,0.2347
ZJ020714,0.572,0.08386,0.1274,0.01191,0.01604,0.01721,0.0339,0.1381
ZJ020715,0.2664,0.1542,0.2035,0.015114,0.03625,0.05255,0.2568,0.01518
ZJ020716,0.10486,0.374,0.09973,0.03998,0.04572,0.0809,0.2338,0.02109
ZJ020717,0.1082,0.0838,0.208,0.0915,0.04056,0.1376,0.2603,0.0701
ZJ020718,0.283,0.0413,0.1105,0.1159,0.3289,0.0363,0.01971,0.0646
ZJ020719,0.4329,0.1102,0.1587,0.01491,0.01999,0.032,0.1631,0.0683
ZJ020720,0.1567,0.09717,0.3113,0.01965,0.01646,0.0143,0.3137,0.0705
ZJ020721,0.2957,0.09314,0.0746,0.05484,0.08704,0.01683,0.1891,0.1888
ZJ020722,0.01695,0.01536,0.05063,0.01442,0.00928,0.8604,0.0256,0.00775
ZJ020723,0.3994,0.09937,0.1525,0.04694,0.01917,0.0232,0.05215,0.2073
ZJ020724,0.0543,0.014305,0.2019,0.4446,0.0727,0.11163,0.009766,0.09094
ZJ020725,0.2341,0.5615,0.03366,0.0044,0.063,0.00416,0.0089,0.0901
ZJ020726,0.1669,0.11584,0.4849,0.006664,0.01935,0.04916,0.1465,0.01072
ZJ020727,0.06647,0.0546,0.0658,0.1178,0.02869,0.565,0.06134,0.04028
ZJ020728,0.0408,0.04034,0.257,0.03925,0.08777,0.2067,0.0143,0.314
ZJ020729,0.1708,0.0963,0.3218,0.012924,0.01949,0.0775,0.2698,0.03146
ZJ020730,0.1556,0.156,0.09534,0.02954,0.0239,0.04428,0.28,0.2152
ZJ020731,0.06866,0.02191,0.1486,0.6304,0.015305,0.03906,0.00838,0.0679
ZJ020732,0.03772,0.1117,0.1337,0.01607,0.01874,0.524,0.09283,0.06525
ZJ020733,0.01965,0.002848,0.00502,0.925,0.00976,0.02232,0.006523,0.00913
ZJ020734,0.0831,0.00794,0.10657,0.593,0.02998,0.05966,0.00825,0.11145
ZJ020735,0.03607,0.0337,0.03882,0.01306,0.06885,0.777,0.01277,0.01978
ZJ020736,0.4604,0.1979,0.1315,0.00957,0.05215,0.01689,0.11035,0.0212
ZJ020737,0.3052,0.02213,0.0543,0.1759,0.341,0.01956,0.00844,0.0734
ZJ020738,0.6157,0.03384,0.0858,0.01884,0.1466,0.01445,0.02673,0.05795
ZJ020739,0.3032,0.2754,0.1866,0.0523,0.02641,0.0163,0.04807,0.09174
ZJ020740,0.3838,0.0802,0.2275,0.01027,0.01674,0.049,0.2008,0.03183
ZJ020741,0.2664,0.02756,0.0935,0.2224,0.2166,0.0409,0.01794,0.11456
ZJ020742,0.163,0.055,0.2385,0.02481,0.02425,0.2666,0.2006,0.02722
ZJ020743,0.07086,0.03076,0.4038,0.0735,0.05463,0.1692,0.03455,0.1626
ZJ020744,0.171,0.05634,0.04333,0.0314,0.0303,0.0611,0.536,0.0706
ZJ020745,0.1727,0.1671,0.2015,0.01178,0.03012,0.10333,0.261,0.0524
ZJ020746,0.02615,0.03674,0.01035,0.0172,0.01323,0.003216,0.8564,0.03717
ZJ020747,0.158,0.03406,0.1957,0.2113,0.04388,0.0215,0.01399,0.3215
ZJ020748,0.1744,0.6597,0.03445,0.01442,0.0528,0.0077,0.03134,0.0253
ZJ020749,0.0434,0.2024,0.0687,0.02695,0.07416,0.4575,0.11755,0.00951
ZJ020750,0.1224,0.1405,0.1606,0.00609,0.0316,0.11536,0.336,0.0875
ZJ020751,0.4526,0.09326,0.1979,0.0415,0.03674,0.02296,0.02725,0.1276
ZJ020752,0.2047,0.0222,0.2457,0.2273,0.02524,0.0246,0.01288,0.2375
ZJ020753,0.545,0.0721,0.07544,0.01268,0.01999,0.0095,0.1865,0.0788
ZJ020754,0.06903,0.07916,0.1174,0.03793,0.009575,0.07074,0.474,0.1421
ZJ020755,0.1849,0.12244,0.3062,0.01164,0.02324,0.1542,0.133,0.0643
ZJ020756,0.3108,0.01207,0.03766,0.012115,0.3916,0.07166,0.08923,0.0749
ZJ020757,0.01671,0.001144,0.006145,0.001034,0.0007806,0.000609,0.9717,0.001836
ZJ020758,0.1494,0.0996,0.2576,0.03577,0.0094,0.02559,0.01817,0.4048
ZJ020759,0.164,0.0759,0.12366,0.0463,0.05313,0.1611,0.2834,0.0926
ZJ020760,0.04095,0.0375,0.2107,0.01481,0.01727,0.6196,0.03632,0.02255
ZJ020761,0.3186,0.1149,0.1382,0.05624,0.0425,0.0308,0.06445,0.2341
ZJ020762,0.0682,0.307,0.1775,0.00892,0.17,0.07355,0.1548,0.04013
ZJ020763,0.288,0.2156,0.2281,0.01788,0.01607,0.01347,0.1941,0.02666
ZJ020764,0.248,0.05908,0.2732,0.0291,0.04535,0.0912,0.2188,0.03522
ZJ020765,0.4597,0.09595,0.112,0.01115,0.07275,0.0424,0.1948,0.011246
ZJ020766,0.4624,0.03653,0.0739,0.1222,0.2051,0.03613,0.0227,0.04074
ZJ020767,0.1334,0.08887,0.552,0.005703,0.01332,0.00973,0.1366,0.06055
ZJ020768,0.1118,0.1418,0.2332,0.01772,0.01091,0.01549,0.08856,0.3806
ZJ020769,0.03595,0.009,0.04462,0.7393,0.004475,0.02536,0.01499,0.1265
ZJ020770,0.037,0.8936,0.013535,0.002214,0.007545,0.003345,0.02155,0.0215
ZJ020771,0.2034,0.04077,0.1768,0.2493,0.0256,0.02881,0.01797,0.2576
ZJ020772,0.1947,0.04843,0.1571,0.01965,0.07764,0.2205,0.2113,0.0706
ZJ020773,0.223,0.1661,0.0919,0.02567,0.0511,0.0304,0.328,0.084
ZJ020774,0.1442,0.4185,0.07184,0.01822,0.06207,0.0434,0.2295,0.01248
ZJ020775,0.10693,0.00966,0.09515,0.6157,0.02554,0.0216,0.01087,0.11426
ZJ020776,0.1381,0.01265,0.135,0.5273,0.03995,0.0522,0.01054,0.0841
ZJ020777,0.2332,0.0911,0.331,0.00853,0.02446,0.04462,0.238,0.02902
ZJ020778,0.1399,0.012314,0.2028,0.4087,0.11914,0.0106,0.01286,0.0938
ZJ020779,0.338,0.08496,0.2625,0.01389,0.01982,0.04828,0.2043,0.02852
ZJ020780,0.0728,0.8086,0.02695,0.002121,0.0209,0.005688,0.0454,0.01738
ZJ020781,0.09937,0.01515,0.2632,0.2346,0.01659,0.04666,0.00835,0.3162
ZJ020782,0.1437,0.04276,0.3484,0.02208,0.01031,0.1741,0.226,0.03256
ZJ020783,0.11163,0.6636,0.0713,0.02657,0.02277,0.00856,0.0634,0.03207
ZJ020784,0.2915,0.0741,0.2328,0.0486,0.02661,0.04916,0.2505,0.02681
ZJ020785,0.2952,0.1208,0.3052,0.0806,0.02791,0.00908,0.05136,0.10986
ZJ020786,0.2527,0.155,0.2656,0.01782,0.02788,0.05258,0.0943,0.134
ZJ020787,0.04636,0.04492,0.06616,0.05963,0.03967,0.673,0.04074,0.02979
ZJ020788,0.2249,0.082,0.2454,0.1242,0.04688,0.03458,0.0175,0.2246
ZJ020789,0.1616,0.1648,0.3618,0.004032,0.01215,0.06866,0.0638,0.1632
ZJ020790,0.2695,0.4253,0.01596,0.007263,0.2047,0.005314,0.04565,0.02625
ZJ020791,0.1349,0.1737,0.1831,0.008835,0.154,0.1039,0.2172,0.02428
ZJ020792,0.0567,0.1403,0.2058,0.00977,0.01156,0.207,0.1522,0.2166
ZJ020793,0.2825,0.1486,0.2301,0.0427,0.05655,0.0449,0.09656,0.0984
ZJ020794,0.1339,0.0786,0.3394,0.007652,0.1843,0.0506,0.1625,0.043
ZJ020795,0.03723,0.88,0.01822,0.003773,0.008125,0.00441,0.025,0.02316
ZJ020796,0.4253,0.0652,0.156,0.00444,0.0502,0.05292,0.1882,0.05753
ZJ020797,0.0777,0.0061,0.581,0.04318,0.01932,0.11145,0.007244,0.1538
ZJ020798,0.4597,0.08636,0.1112,0.010254,0.1428,0.04132,0.1095,0.03894
ZJ020799,0.2373,0.02086,0.1716,0.12195,0.2712,0.02324,0.00812,0.1458
ZJ020800,0.4976,0.007183,0.08276,0.0922,0.1263,0.04822,0.02625,0.11945
ZJ020801,0.369,0.02649,0.1311,0.09534,0.1804,0.07196,0.03906,0.08673
ZJ020802,0.003128,0.006886,0.004032,0.004063,0.002634,0.9688,0.00808,0.002554
ZJ020803,0.1571,0.006237,0.4927,0.1616,0.01255,0.03387,0.012596,0.1232
ZJ020804,0.127,0.01115,0.1525,0.4211,0.0258,0.0703,0.01068,0.1818
ZJ020805,0.504,0.03073,0.07086,0.0737,0.2234,0.04242,0.01822,0.0368
ZJ020806,0.00532,0.01025,0.007195,0.00467,0.00657,0.9424,0.01851,0.005817
ZJ020807,0.146,0.03165,0.1335,0.3777,0.05103,0.1224,0.02608,0.11163
ZJ020808,0.1077,0.5747,0.02457,0.003933,0.1427,0.05426,0.0808,0.01135
ZJ020809,0.2322,0.1288,0.3125,0.01987,0.01942,0.07275,0.0776,0.1371
ZJ020810,0.04636,0.04742,0.2156,0.01585,0.02534,0.58,0.04465,0.0248
ZJ020811,0.05865,0.1506,0.1659,0.008194,0.0666,0.474,0.06866,0.007153
ZJ020812,0.06573,0.003626,0.4446,0.05292,0.01884,0.00937,0.005997,0.3992
ZJ020813,0.622,0.0357,0.1677,0.00451,0.07623,0.009224,0.02524,0.05914
ZJ020814,0.1357,0.12146,0.474,0.01454,0.02998,0.05356,0.1299,0.04037
ZJ020815,0.0859,0.0394,0.11505,0.00615,0.2712,0.379,0.07404,0.02945
ZJ020816,0.03925,0.1266,0.09796,0.023,0.02223,0.2256,0.4106,0.05508
ZJ020817,0.1271,0.1203,0.1735,0.01271,0.02925,0.10803,0.334,0.09515
ZJ020818,0.06305,0.0052,0.0694,0.646,0.03482,0.03088,0.006725,0.1437
ZJ020819,0.679,0.05194,0.05136,0.02126,0.0753,0.01145,0.04135,0.0679
ZJ020820,0.3218,0.3733,0.1105,0.02303,0.0517,0.0415,0.04718,0.0308
ZJ020821,0.397,0.04718,0.0463,0.02884,0.04135,0.0442,0.3604,0.035
ZJ020822,0.269,0.1683,0.299,0.02515,0.02261,0.03485,0.084,0.0971
ZJ020823,0.2847,0.0374,0.1019,0.2112,0.16,0.07697,0.03766,0.0901
ZJ020824,0.3655,0.1039,0.2424,0.02454,0.02608,0.044,0.03622,0.1573
ZJ020825,0.3152,0.09705,0.325,0.0391,0.0584,0.03522,0.0243,0.10565
ZJ020826,0.1014,0.00806,0.3132,0.1285,0.1841,0.0446,0.00459,0.2152
ZJ020827,0.1219,0.1708,0.2473,0.01651,0.0386,0.1488,0.1561,0.1
ZJ020828,0.03018,0.05923,0.0814,0.004063,0.01141,0.7173,0.06354,0.03275
ZJ020829,0.02307,0.1262,0.1613,0.00471,0.006554,0.584,0.06494,0.02902
ZJ020830,0.3164,0.1149,0.05328,0.0569,0.0506,0.07605,0.3167,0.01518
ZJ020831,0.04437,0.01909,0.0792,0.03108,0.02945,0.744,0.0331,0.01958
ZJ020832,0.2925,0.0407,0.2395,0.183,0.03387,0.03455,0.01495,0.1609
ZJ020833,0.1914,0.05673,0.217,0.01749,0.02155,0.0444,0.3955,0.05597
ZJ020834,0.1039,0.0872,0.472,0.01433,0.01333,0.11584,0.1742,0.0191
ZJ020835,0.3064,0.1045,0.188,0.01593,0.0488,0.09314,0.2301,0.01317
ZJ020836,0.2019,0.04092,0.4695,0.00659,0.02248,0.0913,0.158,0.009
ZJ020837,0.1644,0.1453,0.2812,0.01002,0.02603,0.196,0.1044,0.0724
ZJ020838,0.083,0.00929,0.12146,0.622,0.02527,0.0572,0.00749,0.07416
ZJ020839,0.02983,0.03223,0.01753,0.01292,0.01817,0.2524,0.63,0.006996
ZJ020840,0.2158,0.1239,0.2322,0.0776,0.0989,0.07135,0.0665,0.11365
ZJ020841,0.7275,0.003963,0.0501,0.0603,0.0624,0.00265,0.002676,0.09033
ZJ020842,0.2803,0.1213,0.4265,0.0103,0.01399,0.01665,0.0622,0.0686
ZJ020843,0.0966,0.01938,0.2356,0.0835,0.0577,0.005413,0.003864,0.498
ZJ020844,0.1396,0.2156,0.1388,0.0267,0.0405,0.05,0.3513,0.03726
ZJ020845,0.0561,0.256,0.1918,0.00866,0.1847,0.1849,0.0807,0.03714
ZJ020846,0.08496,0.003338,0.011024,0.001678,0.00356,0.001589,0.888,0.005676
ZJ020847,0.0561,0.2952,0.1127,0.00798,0.3887,0.03793,0.0648,0.03668
ZJ020848,0.12256,0.1317,0.01671,0.02853,0.02367,0.05035,0.6025,0.02379
ZJ020849,0.1846,0.438,0.1793,0.01014,0.01709,0.019,0.0585,0.0935
ZJ020850,0.1447,0.0848,0.4727,0.006336,0.00951,0.07495,0.1606,0.04648
ZJ020851,0.1948,0.2347,0.3147,0.00791,0.01591,0.03204,0.0944,0.10547
ZJ020852,0.1757,0.1012,0.2185,0.05975,0.0551,0.1554,0.0901,0.1442
ZJ020853,0.11707,0.1488,0.506,0.01063,0.02544,0.01945,0.1117,0.06085
ZJ020854,0.00365,0.007507,0.006714,0.005722,0.004787,0.9585,0.008896,0.004166
ZJ020855,0.05133,0.00468,0.4849,0.0884,0.065,0.02052,0.006298,0.2788
ZJ020856,0.5444,0.01897,0.04758,0.0892,0.2328,0.0256,0.00992,0.03152
ZJ020857,0.189,0.7017,0.013794,0.002073,0.02031,0.002516,0.05084,0.01994
ZJ020858,0.2087,0.0308,0.1832,0.253,0.10565,0.1165,0.01779,0.0845
ZJ020859,0.724,0.01735,0.0181,0.04715,0.1371,0.01749,0.006676,0.03214
ZJ020860,0.0493,0.005966,0.558,0.0927,0.0389,0.02701,0.007072,0.221
ZJ020861,0.1633,0.01688,0.2651,0.2844,0.09607,0.03305,0.01645,0.1249
ZJ020862,0.04865,0.1351,0.0434,0.03806,0.04352,0.5996,0.0543,0.03745
ZJ020863,0.11194,0.011,0.0957,0.5796,0.02788,0.03668,0.010185,0.1272
ZJ020864,0.1399,0.2915,0.0732,0.00995,0.1764,0.0712,0.2106,0.02739
ZJ020865,0.3296,0.158,0.0851,0.03247,0.07855,0.02226,0.1982,0.09595
ZJ020866,0.1464,0.07605,0.2642,0.0312,0.0589,0.0855,0.2211,0.1166
ZJ020867,0.0008507,0.002325,0.004147,0.002264,0.000542,0.9834,0.004887,0.001319
ZJ020868,0.0869,0.1022,0.3687,0.01866,0.01599,0.1501,0.1957,0.06192
ZJ020869,0.3237,0.0887,0.0355,0.07446,0.1068,0.0089,0.01175,0.35
ZJ020870,0.3228,0.1888,0.0691,0.0432,0.06104,0.013084,0.1787,0.12335
ZJ020871,0.737,0.05557,0.04474,0.003561,0.04852,0.00969,0.04495,0.0562
ZJ020872,0.0409,0.006397,0.02496,0.004066,0.003044,0.00194,0.915,0.003632
ZJ020873,0.10706,0.09546,0.1074,0.05722,0.06232,0.4797,0.05215,0.0391
ZJ020874,0.379,0.1389,0.1969,0.0337,0.05923,0.01355,0.09174,0.0869
ZJ020875,0.2769,0.03198,0.119,0.01255,0.02682,0.0605,0.4302,0.0419
ZJ020876,0.1422,0.0336,0.394,0.01341,0.087,0.1288,0.1499,0.05112
ZJ020877,0.3064,0.10626,0.2039,0.0242,0.116,0.04108,0.10754,0.0947
ZJ020878,0.3938,0.0868,0.2578,0.02129,0.02101,0.02267,0.04254,0.1542
ZJ020879,0.03604,0.010925,0.09564,0.713,0.0246,0.09796,0.006653,0.015396
ZJ020880,0.2454,0.0642,0.0902,0.06604,0.05414,0.239,0.1798,0.0611
ZJ020881,0.44,0.07965,0.271,0.01765,0.02959,0.0146,0.0448,0.1027
ZJ020882,0.05865,0.00848,0.07385,0.6934,0.048,0.0381,0.0112,0.0683
ZJ020883,0.3374,0.08984,0.3313,0.02734,0.02127,0.0556,0.043,0.0943
ZJ020884,0.3208,0.1611,0.07745,0.0318,0.0622,0.02155,0.1936,0.1315
ZJ020885,0.47,0.01377,0.02713,0.0861,0.3489,0.02257,0.008545,0.02289
ZJ020886,0.405,0.1862,0.163,0.007282,0.0569,0.04843,0.0495,0.0837
ZJ020887,0.12366,0.303,0.1076,0.01756,0.0829,0.01433,0.2666,0.0844
ZJ020888,0.0939,0.1378,0.132,0.01524,0.0659,0.3486,0.11926,0.0872
ZJ020889,0.1655,0.03613,0.1691,0.04095,0.2445,0.07074,0.01426,0.2588
ZJ020890,0.1337,0.0819,0.4126,0.003302,0.004574,0.04074,0.1333,0.19
ZJ020891,0.04028,0.866,0.02585,0.002838,0.01078,0.003712,0.014915,0.03543
ZJ020892,0.04565,0.08887,0.4448,0.005306,0.01962,0.2996,0.0666,0.02951
ZJ020893,0.0989,0.02908,0.05145,0.01335,0.0174,0.02028,0.7275,0.04184
ZJ020894,0.0769,0.0097,0.3235,0.1836,0.04245,0.02165,0.00986,0.3323
ZJ020895,0.1227,0.022,0.10077,0.542,0.05792,0.03827,0.01383,0.10266
ZJ020896,0.08215,0.7114,0.1043,0.005486,0.00899,0.00993,0.0598,0.01807
ZJ020897,0.3535,0.06396,0.3179,0.0545,0.0256,0.04013,0.06256,0.08185
ZJ020898,0.000436,0.00194,0.001623,0.001111,0.0006185,0.993,0.001093,0.0003643
ZJ020899,0.1136,0.003628,0.4226,0.1244,0.02798,0.006798,0.00481,0.296
ZJ020900,0.3037,0.05377,0.0421,0.01521,0.05615,0.25,0.2297,0.0494
ZJ020901,0.1621,0.04886,0.356,0.01706,0.02937,0.194,0.184,0.008736
ZJ020902,0.13,0.02312,0.2783,0.08417,0.011116,0.02505,0.0202,0.4282
ZJ020903,0.175,0.1617,0.1932,0.007713,0.1273,0.10754,0.2086,0.0188
ZJ020904,0.1895,0.0743,0.1146,0.1523,0.0589,0.01345,0.0237,0.3733
ZJ020905,0.4692,0.1604,0.0556,0.02719,0.12225,0.02676,0.111,0.02737
ZJ020906,0.1058,0.005493,0.532,0.0676,0.08734,0.006233,0.005108,0.1901
ZJ020907,0.2527,0.1968,0.1587,0.010574,0.01129,0.008865,0.2698,0.0913
ZJ020908,0.1925,0.04974,0.1418,0.0893,0.0772,0.02156,0.01505,0.4128
ZJ020909,0.1315,0.01255,0.1678,0.4832,0.04602,0.09155,0.01712,0.05035
ZJ020910,0.1024,0.0207,0.0314,0.02763,0.0677,0.01031,0.6426,0.0973
ZJ020911,0.1721,0.0882,0.1371,0.004505,0.10236,0.01438,0.4614,0.02
ZJ020912,0.2487,0.2002,0.1292,0.02194,0.1349,0.0572,0.1675,0.0406
ZJ020913,0.002014,0.00622,0.01222,0.001302,0.00311,0.968,0.002527,0.004585
ZJ020914,0.4253,0.0861,0.2512,0.0131,0.0351,0.01459,0.1316,0.04282
ZJ020915,0.528,0.03848,0.08374,0.001957,0.02908,0.0251,0.252,0.04175
ZJ020916,0.3042,0.0297,0.2876,0.002308,0.0325,0.0976,0.1882,0.05786
ZJ020917,0.2328,0.1785,0.3071,0.03293,0.05624,0.02052,0.11914,0.05267
ZJ020918,0.1133,0.3755,0.1736,0.00767,0.00672,0.02287,0.02037,0.2798
ZJ020919,0.2798,0.02087,0.02847,0.02864,0.0545,0.072,0.5063,0.00958
ZJ020920,0.1865,0.0328,0.06793,0.2595,0.1531,0.01405,0.00612,0.2798
ZJ020921,0.0451,0.3254,0.094,0.01712,0.2893,0.0594,0.10486,0.0647
ZJ020922,0.2435,0.1425,0.2673,0.01622,0.07465,0.0729,0.1242,0.05875
ZJ020923,0.000734,0.001889,0.00281,0.001707,0.00109,0.9893,0.001825,0.0007443
ZJ020924,0.1245,0.0757,0.3977,0.01255,0.02551,0.09644,0.2361,0.03146
ZJ020925,0.3184,0.1048,0.1946,0.00469,0.0841,0.0368,0.1907,0.0661
ZJ020926,0.2683,0.0616,0.192,0.01883,0.03928,0.02148,0.3428,0.0556
ZJ020927,0.356,0.1051,0.2087,0.09845,0.05078,0.04123,0.0517,0.0882
ZJ020928,0.0501,0.03815,0.11505,0.02153,0.02963,0.7104,0.01158,0.02357
ZJ020929,0.007317,0.01657,0.0786,0.00354,0.012146,0.8447,0.003155,0.03397
ZJ020930,0.1024,0.1029,0.5933,0.003714,0.02301,0.01311,0.0757,0.0856
ZJ020931,0.3606,0.3381,0.0961,0.009224,0.0595,0.01614,0.04514,0.07495
ZJ020932,0.196,0.1422,0.1869,0.00815,0.07965,0.11096,0.237,0.03918
ZJ020933,0.1659,0.0077,0.172,0.4414,0.04276,0.0855,0.01076,0.0738
ZJ020934,0.518,0.01779,0.06012,0.006958,0.1836,0.0686,0.1372,0.007435
ZJ020935,0.1034,0.00849,0.2793,0.06824,0.1095,0.0855,0.00812,0.3374
ZJ020936,0.1803,0.03604,0.5576,0.004967,0.00724,0.011665,0.1875,0.01469
ZJ020937,0.1572,0.02824,0.1693,0.1254,0.01438,0.01372,0.009995,0.4817
ZJ020938,0.0621,0.04874,0.05597,0.02771,0.01642,0.1765,0.523,0.0898
ZJ020939,0.1816,0.01329,0.11017,0.526,0.03394,0.0392,0.0154,0.0805
ZJ020940,0.1713,0.05267,0.1578,0.013596,0.0594,0.2754,0.2126,0.05707
ZJ020941,0.3057,0.1703,0.1832,0.0258,0.03317,0.1032,0.1637,0.01493
ZJ020942,0.08093,0.09326,0.12317,0.03055,0.02701,0.4478,0.147,0.05035
ZJ020943,0.6567,0.003613,0.00759,0.0015,0.02335,0.00191,0.2979,0.00724
ZJ020944,0.1279,0.02847,0.1282,0.4097,0.1415,0.0299,0.0204,0.1141
ZJ020945,0.2654,0.05682,0.0741,0.04233,0.0689,0.11633,0.3145,0.0616
ZJ020946,0.4304,0.11816,0.1725,0.03897,0.05316,0.02634,0.0696,0.0907
ZJ020947,0.11346,0.207,0.304,0.00719,0.0911,0.1384,0.10754,0.0312
ZJ020948,0.3455,0.1324,0.273,0.0092,0.013916,0.03885,0.1364,0.05084
ZJ020949,0.05078,0.00415,0.1589,0.403,0.0791,0.02231,0.003393,0.278
ZJ020950,0.3262,0.07336,0.1453,0.014114,0.03143,0.03796,0.241,0.1307
ZJ020951,0.001178,0.00854,0.004948,0.002645,0.001539,0.975,0.003803,0.002464
